{"type":"FeatureCollection","features":[{"type":"Feature","id":"AC","properties":{"name":"AC","sigla":"AC","uf":"AC"},"geometry":{"type":"Polygon","coordinates":[[[-73.7855,-7.1213],[-72.6593,-7.625],[-70.3695,-8.1414],[-68.728,-9.0001],[-66.5888,-9.9032],[-67.0165,-10.2582],[-67.4079,-10.3742],[-67.7079,-10.7108],[-68.0598,-10.6794],[-68.2383,-10.9565],[-68.5435,-11.1104],[-68.7168,-11.1452],[-68.7926,-10.9913],[-69.4168,-10.9275],[-69.7164,-10.9758],[-69.934,-10.9222],[-70.3109,-11.0706],[-70.5325,-10.9374],[-70.6279,-11.0039],[-70.6303,-9.825],[-70.537,-9.7656],[-70.6008,-9.5624],[-70.4964,-9.424],[-71.2216,-9.9702],[-72.1803,-10.0002],[-72.1514,-9.797],[-72.2629,-9.7506],[-72.2526,-9.6172],[-72.3575,-9.4944],[-73.2094,-9.4136],[-72.9584,-9.1428],[-72.9541,-8.9832],[-73.3276,-8.6113],[-73.3277,-8.487],[-73.529,-8.3505],[-73.632,-8.0201],[-73.7738,-7.9042],[-73.6872,-7.7756],[-73.9896,-7.5502],[-73.9171,-7.4589],[-73.9534,-7.3461],[-73.6904,-7.3106],[-73.7855,-7.1213]]]}},{"type":"Feature","id":"AL","properties":{"name":"AL","sigla":"AL","uf":"AL"},"geometry":{"type":"MultiPolygon","coordinates":[[[[-35.9026,-9.8632],[-35.901,-9.8635],[-35.9024,-9.8649],[-35.9026,-9.8632]]],[[[-35.8951,-9.8501],[-35.8976,-9.8574],[-35.9007,-9.8599],[-35.8951,-9.8501]]],[[[-35.9132,-9.8438],[-35.9085,-9.8432],[-35.9099,-9.8451],[-35.9132,-9.8438]]],[[[-35.4621,-8.8188],[-35.1524,-8.9163],[-35.3546,-9.2554],[-35.9212,-9.8349],[-36.046,-10.0721],[-36.2843,-10.289],[-36.3862,-10.5013],[-36.456,-10.4076],[-36.5636,-10.4178],[-36.6236,-10.2582],[-36.8368,-10.2022],[-36.9919,-9.9772],[-37.7851,-9.6386],[-38.2044,-9.417],[-38.2363,-9.331],[-37.9793,-9.1484],[-37.7602,-8.8576],[-37.6987,-8.9925],[-37.4902,-8.9659],[-37.2342,-9.2402],[-37.1061,-9.2398],[-36.992,-9.3746],[-36.9083,-9.3937],[-36.8717,-9.2687],[-36.6041,-9.341],[-36.2241,-9.1713],[-36.2667,-9.1024],[-36.0638,-8.9153],[-35.7953,-8.8481],[-35.7482,-8.9171],[-35.4621,-8.8188]]]]}},{"type":"Feature","id":"AP","properties":{"name":"AP","sigla":"AP","uf":"AP"},"geometry":{"type":"MultiPolygon","coordinates":[[[[-50.0357,0.8449],[-50.0243,0.8515],[-50.0301,0.8451],[-50.0357,0.8449]]],[[[-49.9985,0.8812],[-49.9832,0.881],[-49.9888,0.8674],[-49.9985,0.8812]]],[[[-49.9943,0.949],[-49.9849,0.9468],[-49.9943,0.9465],[-49.9943,0.949]]],[[[-49.914,1.0301],[-49.9079,1.029],[-49.9079,1.0235],[-49.914,1.0301]]],[[[-50.151,1.9062],[-50.1476,1.8913],[-50.1571,1.894],[-50.151,1.9062]]],[[[-50.1682,1.9154],[-50.1632,1.916],[-50.1638,1.9149],[-50.1682,1.9154]]],[[[-50.1779,1.9165],[-50.1696,1.9112],[-50.1774,1.9126],[-50.1779,1.9165]]],[[[-50.4018,2.1212],[-50.3121,1.9529],[-50.4268,1.8668],[-50.5229,2.0068],[-50.5079,2.0918],[-50.4018,2.1212]]],[[[-50.5124,2.1915],[-50.436,2.1721],[-50.4171,2.1179],[-50.5093,2.0996],[-50.5124,2.1915]]],[[[-50.8235,2.5276],[-50.8282,2.5193],[-50.8324,2.5199],[-50.8235,2.5276]]],[[[-51.2882,4.254],[-51.2824,4.2515],[-51.2815,4.2482],[-51.2882,4.254]]],[[[-51.5171,4.4424],[-51.214,4.1485],[-51.1796,3.8157],[-51.0757,3.8918],[-51.0415,3.1296],[-50.8354,2.5165],[-50.7707,2.4563],[-50.6888,2.1349],[-50.4599,1.8154],[-50.1607,1.8138],[-49.9268,1.7007],[-49.8668,1.1899],[-49.9321,0.9738],[-49.9935,0.959],[-50.0524,0.9221],[-50.0704,0.6982],[-50.3978,0.6325],[-50.6681,0.185],[-51.2163,-0.1186],[-51.6791,-0.7853],[-51.7043,-1.0678],[-51.809,-1.1571],[-51.9853,-1.1215],[-52.0704,-1.236],[-52.1202,-1.1462],[-52.427,-1.0508],[-52.4031,-0.8772],[-52.5386,-0.8548],[-52.5231,-0.5891],[-52.6399,-0.5849],[-52.6901,-0.3029],[-52.9336,-0.1395],[-53.1752,0.3817],[-53.1062,0.684],[-53.4114,0.9293],[-53.4265,1.2427],[-53.536,1.2122],[-53.5385,1.3408],[-53.6509,1.3362],[-53.6502,1.4082],[-53.8503,1.3918],[-54.009,1.5196],[-54.0864,1.4883],[-54.1436,1.6406],[-54.3092,1.741],[-54.7447,1.7758],[-54.8128,2.0628],[-54.7631,2.2023],[-54.8762,2.4267],[-54.7189,2.4708],[-54.6957,2.3333],[-54.5485,2.3379],[-54.4697,2.2277],[-54.1139,2.1287],[-53.7835,2.3657],[-53.6936,2.2884],[-53.4711,2.3337],[-52.9047,2.1912],[-52.5547,2.5234],[-52.3465,3.1354],[-51.6578,4.0508],[-51.5171,4.4424]]]]}},{"type":"Feature","id":"AM","properties":{"name":"AM","sigla":"AM","uf":"AM"},"geometry":{"type":"MultiPolygon","coordinates":[[[[-53.6255,-26.8848],[-53.5356,-26.9446],[-53.5688,-26.9464],[-53.5888,-26.9655],[-53.5486,-27.1762],[-53.8303,-27.1709],[-53.6255,-26.8848]]],[[[-67.4067,2.2462],[-67.2782,1.8757],[-67.1572,1.8488],[-67.0975,1.7326],[-67.0883,1.1669],[-66.857,1.2302],[-66.3185,0.755],[-66.0886,0.759],[-65.8798,0.9327],[-65.5856,1.0089],[-65.4937,0.8821],[-65.5914,0.7216],[-65.5405,0.6488],[-65.4236,0.7079],[-65.3292,0.9315],[-65.1825,0.9224],[-65.1031,1.1566],[-65.0222,1.1149],[-64.8105,1.3144],[-64.7466,1.2254],[-64.3974,1.5268],[-64.338,1.3635],[-64.0952,1.6171],[-64.0619,1.9307],[-63.9955,1.9799],[-63.668,2.0169],[-63.3723,2.2117],[-63.1415,2.1724],[-63.0237,2.0146],[-62.706,1.9397],[-62.8052,1.5913],[-62.6373,1.4337],[-62.4457,0.9768],[-62.533,0.5088],[-62.4463,0.3791],[-62.4244,0.0916],[-62.1883,-0.3308],[-62.3092,-0.5142],[-62.2908,-0.6467],[-62.4069,-0.7273],[-62.4866,-0.6815],[-62.5102,-0.759],[-62.0396,-1.1184],[-61.8966,-1.3954],[-61.6355,-1.434],[-61.4746,-1.579],[-61.6191,-1.3948],[-61.5441,-1.0623],[-61.5852,-0.937],[-61.4646,-0.6648],[-61.2168,-0.5001],[-60.9207,-0.5554],[-60.6679,-0.8945],[-60.3096,-0.7248],[-60.3999,-0.5101],[-60.0379,0.2635],[-58.8953,0.2635],[-58.872,-0.343],[-58.7297,-0.4353],[-58.7051,-0.679],[-58.436,-0.8835],[-58.43,-1.0271],[-58.3232,-1.1433],[-58.1626,-1.2297],[-58.0175,-1.1062],[-57.9603,-1.4016],[-57.3926,-1.7231],[-57.1648,-1.7209],[-57.0371,-1.9116],[-56.7345,-2.022],[-56.7685,-2.1658],[-56.679,-2.2126],[-56.0986,-2.0271],[-56.4655,-2.4231],[-56.4021,-2.4566],[-58.2625,-6.4689],[-58.4784,-6.6996],[-58.4345,-6.9088],[-58.2095,-7.1343],[-58.1368,-7.3565],[-58.202,-7.6209],[-58.3829,-7.8391],[-58.2862,-8.0884],[-58.417,-8.492],[-58.4374,-8.7034],[-58.326,-8.72],[-58.3948,-8.7799],[-61.5849,-8.7987],[-61.7132,-8.6879],[-61.8364,-8.7327],[-61.8597,-8.853],[-61.9852,-8.8786],[-62.1249,-8.8017],[-62.1883,-8.5906],[-62.3357,-8.6095],[-62.367,-8.3896],[-62.5261,-8.3831],[-62.6922,-8.0929],[-62.845,-7.9865],[-63.6208,-7.9693],[-63.7735,-8.3207],[-63.9441,-8.3312],[-63.9245,-8.5755],[-64.0278,-8.7157],[-64.1309,-8.7222],[-64.1494,-8.9589],[-64.8393,-8.9941],[-65.0979,-9.4325],[-65.1855,-9.427],[-65.2467,-9.2577],[-65.4471,-9.3164],[-65.4348,-9.4663],[-65.5968,-9.4139],[-65.7916,-9.5856],[-65.9704,-9.4132],[-66.409,-9.4069],[-66.3925,-9.5005],[-66.5007,-9.6336],[-66.8065,-9.8145],[-68.728,-9.0001],[-70.3695,-8.1414],[-72.6593,-7.625],[-73.7957,-7.1136],[-73.6382,-6.7539],[-73.132,-6.5068],[-73.1019,-6.4026],[-73.2358,-6.0317],[-72.9602,-5.6556],[-72.8898,-5.1628],[-72.8207,-5.1028],[-72.6238,-5.0522],[-72.3257,-4.7791],[-72.1259,-4.7344],[-71.9067,-4.5152],[-71.6154,-4.4664],[-71.6037,-4.5284],[-71.5059,-4.4371],[-71.3095,-4.4631],[-71.2709,-4.3839],[-70.9368,-4.3843],[-70.8435,-4.2178],[-70.7576,-4.1587],[-70.6815,-4.2073],[-70.6452,-4.1275],[-70.571,-4.2115],[-70.5513,-4.1374],[-70.5027,-4.2001],[-70.3215,-4.1422],[-70.2003,-4.3575],[-70.109,-4.2561],[-69.9555,-4.3852],[-69.4525,-1.4776],[-69.3683,-1.3337],[-69.4219,-0.9979],[-69.6087,-0.7548],[-69.5512,-0.648],[-69.5933,-0.5167],[-70.068,-0.1348],[-70.0373,0.553],[-69.664,0.6721],[-69.6057,0.6231],[-69.4682,0.7343],[-69.3571,0.6205],[-69.1119,0.6428],[-69.1835,0.7304],[-69.137,0.8685],[-69.2567,1.0255],[-69.8541,1.0697],[-69.8552,1.7149],[-69.5557,1.7752],[-68.1286,1.732],[-68.2896,1.8413],[-68.2188,2.0065],[-67.9415,1.8307],[-67.7692,2.0393],[-67.62,2.0236],[-67.4067,2.2462]]]]}},{"type":"Feature","id":"BA","properties":{"name":"BA","sigla":"BA","uf":"BA"},"geometry":{"type":"MultiPolygon","coordinates":[[[[-38.7015,-17.979],[-38.696,-17.9813],[-38.7015,-17.9813],[-38.7015,-17.979]]],[[[-38.7118,-17.9696],[-38.7079,-17.9724],[-38.7124,-17.9715],[-38.7118,-17.9696]]],[[[-39.2143,-17.9732],[-39.2082,-17.9729],[-39.1996,-17.9768],[-39.2143,-17.9732]]],[[[-39.2051,-17.9657],[-39.2065,-17.9646],[-39.2051,-17.9643],[-39.2051,-17.9657]]],[[[-38.7129,-17.9657],[-38.7076,-17.966],[-38.7082,-17.9679],[-38.7129,-17.9657]]],[[[-38.706,-17.9646],[-38.6924,-17.9632],[-38.691,-17.9665],[-38.706,-17.9646]]],[[[-38.694,-17.9604],[-38.6915,-17.9607],[-38.6935,-17.9615],[-38.694,-17.9604]]],[[[-39.3112,-17.8135],[-39.3124,-17.8124],[-39.3112,-17.8121],[-39.3112,-17.8135]]],[[[-39.2015,-17.7549],[-39.1824,-17.7493],[-39.2001,-17.7587],[-39.2015,-17.7549]]],[[[-39.2985,-17.7115],[-39.2835,-17.7168],[-39.2996,-17.7171],[-39.2985,-17.7115]]],[[[-39.1796,-17.0826],[-39.1785,-17.081],[-39.1785,-17.0832],[-39.1796,-17.0826]]],[[[-38.9999,-16.9999],[-39.0001,-17.0001],[-39.0001,-16.9999],[-38.9999,-16.9999]]],[[[-39.0143,-16.2637],[-39.0157,-16.2693],[-39.0168,-16.269],[-39.0143,-16.2637]]],[[[-39.0176,-16.2588],[-39.0154,-16.2593],[-39.0174,-16.2599],[-39.0176,-16.2588]]],[[[-39.0149,-16.2551],[-39.0101,-16.254],[-39.0135,-16.2601],[-39.0149,-16.2551]]],[[[-38.8635,-15.8418],[-38.8507,-15.8501],[-38.8668,-15.8485],[-38.8635,-15.8418]]],[[[-38.9254,-15.7149],[-38.924,-15.7176],[-38.9246,-15.7176],[-38.9254,-15.7149]]],[[[-39.0018,-15.2999],[-38.9938,-15.3024],[-38.9949,-15.3057],[-39.0018,-15.2999]]],[[[-39.0588,-14.7699],[-39.0571,-14.7693],[-39.0571,-14.7712],[-39.0588,-14.7699]]],[[[-39.004,-14.0257],[-38.9932,-14.0218],[-38.9974,-14.0299],[-39.004,-14.0257]]],[[[-38.9976,-14.011],[-38.9954,-14.0126],[-38.9982,-14.0146],[-38.9976,-14.011]]],[[[-38.9968,-14.009],[-38.9843,-14.0076],[-38.989,-14.0154],[-38.9968,-14.009]]],[[[-38.9696,-13.9776],[-38.9671,-13.9738],[-38.9665,-13.976],[-38.9696,-13.9776]]],[[[-39.0013,-13.9649],[-38.9987,-13.9663],[-39.0004,-13.9665],[-39.0013,-13.9649]]],[[[-39.0787,-13.9376],[-39.071,-13.9385],[-39.0737,-13.9435],[-39.0787,-13.9376]]],[[[-38.9907,-13.9379],[-38.9918,-13.9343],[-38.9871,-13.9374],[-38.9907,-13.9379]]],[[[-39.0471,-13.9332],[-39.0438,-13.9343],[-39.0468,-13.936],[-39.0471,-13.9332]]],[[[-39.0732,-13.9307],[-39.0754,-13.9315],[-39.0732,-13.929],[-39.0732,-13.9307]]],[[[-39.0751,-13.9349],[-39.0654,-13.9351],[-39.0682,-13.9379],[-39.0751,-13.9349]]],[[[-39.0271,-13.9163],[-39.0076,-13.9404],[-39.0157,-13.9415],[-39.0271,-13.9163]]],[[[-39.0804,-13.8962],[-39.0735,-13.8985],[-39.0785,-13.9032],[-39.0804,-13.8962]]],[[[-39.076,-13.8918],[-39.0715,-13.8935],[-39.0737,-13.8949],[-39.076,-13.8918]]],[[[-39.1101,-13.8915],[-39.1076,-13.8907],[-39.1076,-13.8924],[-39.1101,-13.8915]]],[[[-39.0721,-13.9096],[-39.0546,-13.8899],[-39.0404,-13.9051],[-39.0721,-13.9096]]],[[[-38.9426,-13.836],[-38.9382,-13.836],[-38.9382,-13.8388],[-38.9426,-13.836]]],[[[-39.0951,-13.7657],[-39.0904,-13.7687],[-39.0962,-13.7676],[-39.0951,-13.7657]]],[[[-39.1082,-13.7646],[-39.1054,-13.7651],[-39.106,-13.766],[-39.1082,-13.7646]]],[[[-39.1037,-13.7626],[-39.0999,-13.7582],[-39.0968,-13.7674],[-39.1049,-13.7676],[-39.1037,-13.7626]]],[[[-39.0954,-13.764],[-39.0749,-13.7621],[-39.0737,-13.7693],[-39.0954,-13.764]]],[[[-39.1446,-13.7443],[-39.1396,-13.7471],[-39.1454,-13.7496],[-39.1446,-13.7443]]],[[[-39.0749,-13.7318],[-39.0718,-13.734],[-39.0737,-13.7343],[-39.0749,-13.7318]]],[[[-39.129,-13.7226],[-39.1268,-13.7257],[-39.1287,-13.7257],[-39.129,-13.7226]]],[[[-39.1257,-13.7212],[-39.1176,-13.7232],[-39.1199,-13.7257],[-39.1257,-13.7212]]],[[[-39.1343,-13.7196],[-39.1315,-13.7185],[-39.1318,-13.7199],[-39.1343,-13.7196]]],[[[-39.131,-13.7174],[-39.1271,-13.7174],[-39.1301,-13.7193],[-39.131,-13.7174]]],[[[-38.9657,-13.6754],[-38.9629,-13.6774],[-38.9643,-13.6779],[-38.9657,-13.6754]]],[[[-39.0962,-13.5657],[-39.0946,-13.5635],[-39.0949,-13.5671],[-39.0962,-13.5657]]],[[[-39.059,-13.4793],[-39.0563,-13.4812],[-39.0596,-13.4818],[-39.059,-13.4793]]],[[[-39.0615,-13.4754],[-39.0604,-13.4796],[-39.0618,-13.4796],[-39.0615,-13.4754]]],[[[-39.0526,-13.431],[-39.0424,-13.4396],[-39.0454,-13.4429],[-39.0526,-13.431]]],[[[-38.9976,-13.3785],[-38.991,-13.3818],[-38.9982,-13.3804],[-38.9976,-13.3785]]],[[[-38.9926,-13.3785],[-38.9882,-13.3788],[-38.9863,-13.3835],[-38.9926,-13.3785]]],[[[-38.8121,-13.0418],[-38.791,-13.0421],[-38.8126,-13.0557],[-38.8121,-13.0418]]],[[[-38.7782,-13.0165],[-38.7532,-13.0279],[-38.7865,-13.0376],[-38.7782,-13.0165]]],[[[-38.7513,-12.999],[-38.7424,-13.0038],[-38.7493,-13.004],[-38.7513,-12.999]]],[[[-38.7665,-12.9962],[-38.7626,-12.9987],[-38.7674,-12.9979],[-38.7665,-12.9962]]],[[[-38.744,-12.9893],[-38.751,-12.9949],[-38.7462,-12.9876],[-38.744,-12.9893]]],[[[-38.7468,-12.9804],[-38.7451,-12.9774],[-38.7454,-12.9807],[-38.7468,-12.9804]]],[[[-38.7418,-12.9018],[-38.7368,-12.9004],[-38.7407,-12.9043],[-38.7418,-12.9018]]],[[[-38.7313,-12.8932],[-38.7279,-12.8951],[-38.7321,-12.8963],[-38.7313,-12.8932]]],[[[-38.7351,-12.8871],[-38.7285,-12.8887],[-38.7363,-12.8929],[-38.7351,-12.8871]]],[[[-38.6846,-12.879],[-38.6146,-12.9857],[-38.7904,-13.1321],[-38.6685,-12.9604],[-38.6846,-12.879]]],[[[-38.2779,-12.8774],[-38.2776,-12.879],[-38.2785,-12.879],[-38.2779,-12.8774]]],[[[-38.7101,-12.8571],[-38.7071,-12.8576],[-38.7071,-12.8582],[-38.7101,-12.8571]]],[[[-38.8549,-12.849],[-38.8518,-12.8496],[-38.8521,-12.8504],[-38.8549,-12.849]]],[[[-38.8362,-12.8299],[-38.8338,-12.8315],[-38.8365,-12.8315],[-38.8362,-12.8299]]],[[[-38.8393,-12.8365],[-38.8201,-12.8451],[-38.8218,-12.8479],[-38.8393,-12.8365]]],[[[-38.9207,-12.8301],[-38.9168,-12.8315],[-38.9212,-12.836],[-38.9207,-12.8301]]],[[[-38.9149,-12.8249],[-38.9174,-12.829],[-38.9149,-12.8226],[-38.9149,-12.8249]]],[[[-38.9246,-12.811],[-38.921,-12.8121],[-38.9246,-12.8154],[-38.9246,-12.811]]],[[[-38.9129,-12.8104],[-38.9113,-12.8115],[-38.9129,-12.8146],[-38.9129,-12.8104]]],[[[-38.9232,-12.8182],[-38.9143,-12.8165],[-38.924,-12.8246],[-38.9232,-12.8182]]],[[[-38.8754,-12.7718],[-38.8718,-12.7746],[-38.8749,-12.7757],[-38.8754,-12.7718]]],[[[-38.6543,-12.7643],[-38.6512,-12.7665],[-38.6546,-12.7665],[-38.6543,-12.7643]]],[[[-38.6357,-12.7699],[-38.6226,-12.7876],[-38.6415,-12.8149],[-38.6576,-12.7768],[-38.6357,-12.7699]]],[[[-38.6457,-12.7599],[-38.6362,-12.7626],[-38.6365,-12.7649],[-38.6457,-12.7599]]],[[[-38.6207,-12.7543],[-38.6176,-12.7551],[-38.6204,-12.7557],[-38.6207,-12.7543]]],[[[-38.6254,-12.7546],[-38.6218,-12.7518],[-38.6221,-12.754],[-38.6254,-12.7546]]],[[[-38.6385,-12.7485],[-38.6354,-12.7476],[-38.6357,-12.7485],[-38.6385,-12.7485]]],[[[-38.516,-12.7421],[-38.5129,-12.7437],[-38.5162,-12.7446],[-38.516,-12.7421]]],[[[-38.5532,-12.7579],[-38.5157,-12.7521],[-38.5235,-12.7999],[-38.5532,-12.7579]]],[[[-38.6474,-12.7449],[-38.6401,-12.7393],[-38.641,-12.7501],[-38.6474,-12.7449]]],[[[-38.6362,-12.7285],[-38.6307,-12.7326],[-38.6343,-12.7388],[-38.6362,-12.7285]]],[[[-38.6237,-12.7513],[-38.6085,-12.7285],[-38.606,-12.7354],[-38.5965,-12.741],[-38.6237,-12.7513]]],[[[-38.6324,-12.7265],[-38.6354,-12.711],[-38.6271,-12.7126],[-38.6324,-12.7265]]],[[[-38.6299,-12.7012],[-38.6229,-12.7076],[-38.6362,-12.7054],[-38.6365,-12.7015],[-38.6299,-12.7012]]],[[[-38.7096,-12.6874],[-38.7068,-12.6882],[-38.7074,-12.6893],[-38.7096,-12.6874]]],[[[-38.726,-12.6732],[-38.7243,-12.6754],[-38.7254,-12.676],[-38.726,-12.6732]]],[[[-38.7315,-12.6768],[-38.726,-12.6782],[-38.7271,-12.6796],[-38.7315,-12.6768]]],[[[-38.7279,-12.6699],[-38.7254,-12.6693],[-38.726,-12.6718],[-38.7279,-12.6699]]],[[[-38.7099,-12.6671],[-38.7065,-12.6665],[-38.7068,-12.6687],[-38.7099,-12.6671]]],[[[-38.7088,-12.681],[-38.711,-12.6707],[-38.704,-12.6715],[-38.7088,-12.681]]],[[[-38.7299,-12.6629],[-38.729,-12.6612],[-38.7257,-12.6624],[-38.7299,-12.6629]]],[[[-38.7054,-12.6257],[-38.7026,-12.6235],[-38.7024,-12.6276],[-38.7054,-12.6257]]],[[[-38.7024,-12.5974],[-38.701,-12.6124],[-38.7071,-12.6174],[-38.7062,-12.6263],[-38.6821,-12.6449],[-38.6907,-12.6679],[-38.7154,-12.6443],[-38.7024,-12.5974]]],[[[-37.4218,-11.5079],[-37.4174,-11.5068],[-37.4224,-11.5096],[-37.4218,-11.5079]]],[[[-37.4129,-11.5001],[-37.4015,-11.4976],[-37.4149,-11.5035],[-37.4129,-11.5001]]],[[[-37.7696,-12.2368],[-38.2746,-12.8743],[-38.2774,-12.874],[-38.2824,-12.8793],[-38.3162,-12.9265],[-38.3532,-12.9565],[-38.5332,-13.0115],[-38.4996,-12.789],[-38.4562,-12.8163],[-38.4249,-12.7699],[-38.4879,-12.7901],[-38.496,-12.7299],[-38.6215,-12.7263],[-38.6185,-12.6918],[-38.6404,-12.6926],[-38.6326,-12.6713],[-38.6485,-12.6943],[-38.6501,-12.6296],[-38.7054,-12.6207],[-38.6987,-12.6115],[-38.7007,-12.5968],[-38.6938,-12.591],[-38.6951,-12.5799],[-38.8121,-12.8418],[-38.8551,-12.6543],[-38.916,-12.7376],[-38.9307,-12.8613],[-38.8835,-12.7765],[-38.8526,-12.8963],[-38.7938,-12.8401],[-38.7201,-12.8768],[-38.7551,-12.9001],[-38.7724,-12.9887],[-38.786,-12.9918],[-38.7918,-13.0246],[-38.8076,-13.0307],[-38.8143,-13.0421],[-38.8146,-13.056],[-38.8454,-13.049],[-38.804,-13.1424],[-38.9535,-13.2487],[-38.9551,-13.3785],[-39.0421,-13.3376],[-39.036,-13.3629],[-39.0721,-13.4412],[-39.0715,-13.4854],[-39.0896,-13.5129],[-39.0982,-13.5651],[-39.0854,-13.5887],[-39.0924,-13.5351],[-39.0396,-13.4804],[-39.0321,-13.3921],[-38.9146,-13.3735],[-38.9551,-13.5682],[-38.8907,-13.6535],[-38.9712,-13.6721],[-38.9901,-13.8435],[-39.044,-13.811],[-39.0657,-13.7621],[-39.0524,-13.7404],[-39.0696,-13.7354],[-39.0574,-13.7071],[-39.0626,-13.7013],[-39.0757,-13.731],[-39.0662,-13.7535],[-39.1218,-13.701],[-39.1385,-13.7126],[-39.151,-13.7582],[-39.0043,-13.854],[-39.1243,-13.8871],[-39.0838,-14.009],[-39.0529,-13.9385],[-38.9985,-13.971],[-39.0257,-14.0246],[-38.9785,-14.054],[-38.9557,-13.9654],[-38.989,-13.911],[-38.9282,-13.9076],[-39.0682,-14.7393],[-39.0646,-14.7582],[-39.059,-14.7718],[-39.054,-14.7788],[-39.0251,-14.769],[-39.0032,-15.3007],[-38.9254,-15.7037],[-38.9382,-15.6815],[-38.9443,-15.6843],[-38.921,-15.7371],[-38.9121,-15.7157],[-38.8735,-15.8507],[-38.8557,-15.8574],[-39.031,-16.259],[-39.009,-16.3746],[-39.0882,-16.4443],[-39.1129,-16.8962],[-39.214,-17.1693],[-39.1371,-17.691],[-39.229,-17.7512],[-39.289,-17.6582],[-39.3504,-17.7171],[-39.2799,-17.7263],[-39.3132,-17.7371],[-39.3282,-17.7732],[-39.3107,-17.7376],[-39.2746,-17.7488],[-39.2868,-17.7488],[-39.291,-17.7651],[-39.2879,-17.7682],[-39.2793,-17.7682],[-39.2863,-17.7818],[-39.2976,-17.7787],[-39.3082,-17.7812],[-39.3132,-17.8174],[-39.2782,-17.7726],[-39.2785,-17.766],[-39.2888,-17.7657],[-39.2729,-17.7554],[-39.274,-17.7462],[-39.2812,-17.739],[-39.2796,-17.7315],[-39.2057,-17.7721],[-39.3229,-17.8932],[-39.3582,-17.8868],[-39.3146,-17.8518],[-39.3182,-17.7779],[-39.3187,-17.8529],[-39.3604,-17.876],[-39.3879,-17.8599],[-39.3965,-17.864],[-39.4087,-17.8607],[-39.4176,-17.8643],[-39.3604,-17.9021],[-39.4971,-18.0049],[-39.6699,-18.3499],[-40.2224,-17.9804],[-40.2239,-17.7341],[-40.6234,-17.406],[-40.4911,-16.8845],[-40.2816,-16.9012],[-40.2577,-16.8065],[-40.3454,-16.7873],[-40.2754,-16.574],[-40.1598,-16.5803],[-39.8568,-16.1138],[-40.2311,-15.8038],[-40.562,-15.8033],[-40.8175,-15.6476],[-40.9622,-15.6489],[-41.1442,-15.7718],[-41.3311,-15.7447],[-41.3564,-15.5003],[-41.8007,-15.1011],[-42.0916,-15.1866],[-42.1733,-15.086],[-42.4429,-15.0606],[-42.9388,-14.708],[-43.1763,-14.6505],[-43.5313,-14.8153],[-43.8835,-14.6532],[-43.7831,-14.3392],[-44.2153,-14.2334],[-44.5655,-14.3401],[-45.0834,-14.749],[-45.2055,-14.7447],[-45.4551,-14.9537],[-45.5661,-14.9449],[-45.7218,-15.1121],[-45.9537,-15.1395],[-46.077,-15.2647],[-46.1192,-15.1922],[-45.966,-14.9656],[-46.0528,-14.8314],[-46.0167,-14.4193],[-45.9072,-14.3534],[-46.2657,-14.098],[-46.21,-14.0129],[-46.2607,-13.6872],[-46.1619,-13.5909],[-46.2355,-13.5629],[-46.2432,-13.4309],[-46.0421,-13.2727],[-46.2655,-13.348],[-46.3159,-13.3032],[-46.3226,-13.0983],[-46.1138,-12.919],[-46.3047,-12.9499],[-46.2799,-12.5849],[-46.154,-12.4834],[-46.2548,-12.4943],[-46.3523,-12.3374],[-46.3978,-12.0403],[-46.1712,-11.901],[-46.3745,-11.8686],[-46.3133,-11.6299],[-46.0831,-11.6361],[-46.4793,-11.5164],[-46.617,-11.2895],[-46.2834,-10.9068],[-46.2109,-10.6497],[-45.8277,-10.436],[-45.6975,-10.2636],[-45.7228,-10.1553],[-45.6031,-10.108],[-45.3964,-10.4469],[-45.4341,-10.6254],[-45.248,-10.822],[-44.9312,-10.9288],[-44.5777,-10.6268],[-44.3356,-10.549],[-44.1344,-10.6362],[-43.6622,-10.0043],[-43.709,-9.9132],[-43.6532,-9.8391],[-43.7849,-9.7624],[-43.8496,-9.5481],[-43.4854,-9.2653],[-43.2787,-9.4246],[-42.9718,-9.4081],[-42.9462,-9.5184],[-42.7651,-9.6168],[-42.72,-9.5312],[-42.4429,-9.4574],[-42.2082,-9.1943],[-42.2064,-9.2928],[-41.8379,-9.2423],[-41.7236,-9.0136],[-41.5445,-8.9606],[-41.3989,-8.705],[-41.1136,-8.704],[-41.0212,-8.8436],[-40.9213,-8.8355],[-40.8041,-9.0983],[-40.6674,-9.1591],[-40.7767,-9.4544],[-40.6231,-9.4829],[-40.335,-9.3539],[-40.2507,-9.0605],[-40.1287,-9.1096],[-39.958,-9.0486],[-39.8946,-8.8317],[-39.6918,-8.7972],[-39.6911,-8.6623],[-39.3762,-8.534],[-39.2252,-8.711],[-38.7987,-8.7928],[-38.6695,-8.9757],[-38.5514,-8.8227],[-38.4699,-8.8655],[-38.4833,-9.0015],[-38.2963,-9.0229],[-38.2044,-9.417],[-37.9988,-9.4977],[-37.9976,-9.9167],[-37.8317,-10.0009],[-37.7361,-10.3334],[-37.859,-10.4265],[-37.8138,-10.6911],[-37.9998,-10.7644],[-38.2119,-10.7092],[-38.2295,-10.9159],[-37.9743,-11.1953],[-37.9778,-11.3936],[-37.6702,-11.564],[-37.6712,-11.6724],[-37.5349,-11.7007],[-37.6113,-11.6504],[-37.5663,-11.554],[-37.4735,-11.5235],[-37.484,-11.5482],[-37.4738,-11.5799],[-37.349,-11.4568],[-37.7696,-12.2368]]]]}},{"type":"Feature","id":"CE","properties":{"name":"CE","sigla":"CE","uf":"CE"},"geometry":{"type":"MultiPolygon","coordinates":[[[[-38.4754,-3.7049],[-38.4726,-3.7021],[-38.4729,-3.7049],[-38.4754,-3.7049]]],[[[-40.8379,-2.8818],[-40.8368,-2.8863],[-40.8413,-2.8851],[-40.8379,-2.8818]]],[[[-40.004,-2.839],[-40.0024,-2.8399],[-40.0035,-2.8404],[-40.004,-2.839]]],[[[-40.0054,-2.8407],[-40.0037,-2.8407],[-40.004,-2.8415],[-40.0054,-2.8407]]],[[[-40.499,-2.7846],[-39.904,-2.874],[-39.2532,-3.2218],[-39.0887,-3.4118],[-38.9801,-3.4054],[-38.6493,-3.6849],[-38.4635,-3.7068],[-38.0449,-4.2193],[-37.591,-4.6265],[-37.3246,-4.7007],[-37.2521,-4.8321],[-37.6402,-4.9264],[-37.9019,-5.4975],[-38.0826,-5.6723],[-38.047,-5.7304],[-38.1646,-5.9461],[-38.3047,-6.087],[-38.4472,-6.0853],[-38.5785,-6.2802],[-38.602,-6.3896],[-38.5301,-6.3934],[-38.5178,-6.4087],[-38.6766,-6.7035],[-38.6141,-6.7832],[-38.7649,-6.9939],[-38.6698,-7.0477],[-38.6878,-7.1902],[-38.5345,-7.2938],[-38.6553,-7.5656],[-38.965,-7.8448],[-39.0912,-7.8582],[-39.1356,-7.7234],[-39.3068,-7.6651],[-39.3172,-7.5415],[-39.6625,-7.3106],[-40.2464,-7.4337],[-40.5484,-7.3927],[-40.3705,-6.8031],[-40.7101,-6.6761],[-40.7921,-6.5129],[-40.7811,-6.3243],[-40.9071,-6.0418],[-40.9252,-5.1821],[-41.2491,-4.8691],[-41.1742,-4.6675],[-41.2425,-4.5715],[-41.0826,-4.1896],[-41.1142,-4.0407],[-41.2546,-4.0358],[-41.2202,-3.9415],[-41.3008,-3.8263],[-41.2394,-3.7126],[-41.3417,-3.6808],[-41.3712,-3.5678],[-41.2992,-3.491],[-41.4235,-3.368],[-41.2566,-3.088],[-41.3209,-2.9182],[-41.2621,-2.8854],[-40.8357,-2.8899],[-40.7535,-2.8501],[-40.6665,-2.8685],[-40.499,-2.7846]]]]}},{"type":"Feature","id":"DF","properties":{"name":"DF","sigla":"DF","uf":"DF"},"geometry":{"type":"Polygon","coordinates":[[[-48.2005,-15.5002],[-47.4173,-15.5003],[-47.3158,-15.5944],[-47.3792,-15.8808],[-47.3088,-16.0505],[-48.2791,-16.0516],[-48.2005,-15.5002]]]}},{"type":"Feature","id":"ES","properties":{"name":"ES","sigla":"ES","uf":"ES"},"geometry":{"type":"MultiPolygon","coordinates":[[[[-40.8854,-21.1629],[-40.8821,-21.1629],[-40.8824,-21.1646],[-40.8854,-21.1629]]],[[[-40.7562,-20.9268],[-40.7518,-20.9274],[-40.7562,-20.929],[-40.7562,-20.9268]]],[[[-40.7287,-20.8557],[-40.726,-20.8554],[-40.7285,-20.8568],[-40.7287,-20.8557]]],[[[-40.7279,-20.8493],[-40.7254,-20.8507],[-40.7279,-20.851],[-40.7279,-20.8493]]],[[[-40.7235,-20.8426],[-40.7187,-20.8457],[-40.7243,-20.8468],[-40.7235,-20.8426]]],[[[-40.3838,-20.6149],[-40.3796,-20.6135],[-40.381,-20.6157],[-40.3838,-20.6149]]],[[[-40.3765,-20.611],[-40.3726,-20.6093],[-40.3729,-20.6129],[-40.3765,-20.611]]],[[[-40.3921,-20.5971],[-40.3901,-20.5985],[-40.3929,-20.5987],[-40.3921,-20.5971]]],[[[-28.8506,-20.4969],[-28.8469,-20.4972],[-28.8475,-20.4981],[-28.8506,-20.4969]]],[[[-29.3317,-20.5253],[-29.2969,-20.5164],[-29.3007,-20.528],[-29.3317,-20.5253]]],[[[-28.8544,-20.4736],[-28.8472,-20.4747],[-28.8511,-20.4797],[-28.8544,-20.4736]]],[[[-28.854,-20.4692],[-28.8566,-20.4695],[-28.8553,-20.4675],[-28.854,-20.4692]]],[[[-40.2965,-20.3801],[-40.2951,-20.3818],[-40.2976,-20.3818],[-40.2965,-20.3801]]],[[[-40.3099,-20.324],[-40.3076,-20.3254],[-40.3096,-20.326],[-40.3099,-20.324]]],[[[-40.2718,-20.3207],[-40.2699,-20.3224],[-40.2721,-20.3224],[-40.2718,-20.3207]]],[[[-40.2768,-20.3071],[-40.2738,-20.3087],[-40.2768,-20.309],[-40.2768,-20.3071]]],[[[-40.3585,-20.3032],[-40.3579,-20.3071],[-40.3593,-20.3076],[-40.3585,-20.3032]]],[[[-40.2849,-20.301],[-40.2768,-20.3021],[-40.2854,-20.3051],[-40.2849,-20.301]]],[[[-39.6651,-18.3407],[-39.6653,-18.3407],[-39.6651,-18.3404],[-39.6651,-18.3407]]],[[[-39.6649,-18.3401],[-39.665,-18.3401],[-39.6649,-18.3398],[-39.6649,-18.3401]]],[[[-39.6646,-18.3396],[-39.6648,-18.3396],[-39.6645,-18.3392],[-39.6646,-18.3396]]],[[[-39.6643,-18.339],[-39.6645,-18.339],[-39.6643,-18.3386],[-39.6643,-18.339]]],[[[-40.5178,-17.8942],[-40.2224,-17.9804],[-39.6668,-18.3323],[-39.7465,-18.7071],[-39.7035,-19.3921],[-39.811,-19.6499],[-39.9896,-19.7435],[-40.1157,-19.9324],[-40.2332,-19.9099],[-40.1318,-19.966],[-40.2296,-20.2951],[-40.2657,-20.2663],[-40.3521,-20.3237],[-40.3504,-20.2926],[-40.3243,-20.2515],[-40.314,-20.2499],[-40.3104,-20.2424],[-40.3793,-20.2782],[-40.3557,-20.3265],[-40.3096,-20.3301],[-40.266,-20.3243],[-40.314,-20.3915],[-40.3587,-20.5193],[-40.5862,-20.8068],[-40.646,-20.7857],[-40.7557,-20.8599],[-40.9593,-21.2972],[-41.0924,-21.2187],[-41.5657,-21.1827],[-41.7355,-21.1025],[-41.7124,-20.8716],[-41.8789,-20.7608],[-41.8087,-20.6442],[-41.8471,-20.3295],[-41.7567,-20.2069],[-41.3821,-20.1888],[-41.3079,-19.9483],[-41.1848,-19.889],[-41.1684,-19.6722],[-41.0368,-19.5688],[-41.0457,-19.488],[-40.9493,-19.4732],[-40.9076,-19.3088],[-40.9441,-19.1444],[-41.0655,-19.0513],[-41.018,-18.9735],[-41.2454,-18.822],[-40.9371,-18.8307],[-40.9436,-18.6876],[-41.0531,-18.6287],[-41.0227,-18.4577],[-41.182,-18.4391],[-41.0525,-18.3437],[-40.8425,-18.4977],[-40.5172,-18.4868],[-40.6077,-18.4165],[-40.5581,-18.1146],[-40.6618,-18.0131],[-40.5178,-17.8942]]]]}},{"type":"Feature","id":"GO","properties":{"name":"GO","sigla":"GO","uf":"GO"},"geometry":{"type":"Polygon","coordinates":[[[-50.1582,-12.4124],[-50.3001,-12.6809],[-50.2926,-12.8399],[-49.3694,-13.2746],[-49.3374,-13.0663],[-49.119,-12.7904],[-48.9756,-12.9572],[-48.8467,-12.8098],[-48.6015,-13.0629],[-48.5864,-13.3176],[-48.5087,-13.1288],[-48.4417,-13.2924],[-48.1466,-13.152],[-48.1654,-13.3058],[-48.0624,-13.2354],[-47.8239,-13.3119],[-47.6789,-13.4677],[-47.6347,-13.1045],[-47.4269,-13.2894],[-46.7506,-12.9692],[-46.4546,-12.9712],[-46.4176,-12.8235],[-46.3638,-12.9912],[-46.1146,-12.9184],[-46.3226,-13.0983],[-46.2793,-13.3479],[-46.0421,-13.2727],[-46.2432,-13.4309],[-46.2355,-13.5629],[-46.1619,-13.5909],[-46.2607,-13.6872],[-46.21,-14.0129],[-46.2657,-14.098],[-45.9069,-14.3581],[-46.0167,-14.4193],[-46.008,-14.7932],[-46.0881,-14.9364],[-46.2868,-14.9282],[-46.3221,-14.8146],[-46.5034,-14.7044],[-46.5658,-14.7864],[-46.503,-15.0526],[-46.9226,-15.0546],[-46.9409,-15.2296],[-46.8364,-15.3245],[-46.949,-15.5546],[-46.8547,-15.6204],[-46.8112,-15.8849],[-47.1419,-15.9266],[-47.3191,-16.0367],[-47.3792,-15.8808],[-47.3158,-15.5944],[-47.4173,-15.5003],[-48.2005,-15.5002],[-48.2791,-16.0516],[-47.3058,-16.056],[-47.4589,-16.504],[-47.2501,-16.6668],[-47.1317,-17.0104],[-47.3519,-17.1665],[-47.4407,-17.3477],[-47.5118,-17.3317],[-47.5411,-17.4543],[-47.2668,-17.6091],[-47.373,-17.8299],[-47.2832,-18.0582],[-47.9549,-18.5003],[-48.2624,-18.3319],[-48.8163,-18.3797],[-48.9367,-18.3062],[-49.0537,-18.4026],[-49.0048,-18.5372],[-49.2716,-18.5277],[-49.3947,-18.6463],[-49.5358,-18.4936],[-49.7836,-18.6413],[-50.0165,-18.5998],[-50.2946,-18.6919],[-50.5091,-18.9374],[-50.5375,-19.0994],[-50.8171,-19.2898],[-50.8421,-19.4991],[-51.0879,-19.3083],[-52.3341,-18.8282],[-52.4491,-18.691],[-52.9166,-18.6392],[-52.9623,-18.5408],[-52.7594,-18.3492],[-53.1011,-18.3108],[-53.1432,-18.0818],[-53.07,-17.9865],[-53.2383,-17.7141],[-53.2463,-17.5267],[-53.0113,-16.858],[-52.7859,-16.7412],[-52.7507,-16.5827],[-52.6261,-16.5334],[-52.6736,-16.2941],[-52.3311,-16.0725],[-52.2526,-15.8927],[-51.8795,-15.8254],[-51.6999,-15.4874],[-51.652,-15.1799],[-51.5359,-15.0697],[-51.3377,-14.9734],[-51.2425,-15.0354],[-51.084,-14.9164],[-50.9628,-14.5271],[-50.9752,-14.2909],[-50.9174,-14.1148],[-50.8336,-14.0899],[-50.8717,-13.7331],[-50.6072,-13.3109],[-50.6107,-13.0631],[-50.478,-12.71],[-50.1582,-12.4124]]]}},{"type":"Feature","id":"MA","properties":{"name":"MA","sigla":"MA","uf":"MA"},"geometry":{"type":"MultiPolygon","coordinates":[[[[-42.1237,-2.8093],[-42.1165,-2.8107],[-42.1185,-2.8129],[-42.1237,-2.8093]]],[[[-42.0488,-2.7843],[-42.0454,-2.7838],[-42.0457,-2.7854],[-42.0488,-2.7843]]],[[[-42.0443,-2.7871],[-42.0404,-2.8049],[-42.0601,-2.8007],[-42.0771,-2.801],[-42.0696,-2.7793],[-42.0443,-2.7871]]],[[[-42.1965,-2.7915],[-42.1799,-2.7874],[-42.1799,-2.7957],[-42.1965,-2.7915]]],[[[-42.0238,-2.7729],[-42.0168,-2.776],[-42.0215,-2.7785],[-42.0238,-2.7729]]],[[[-42.0346,-2.7682],[-42.0318,-2.7726],[-42.0368,-2.7779],[-42.0346,-2.7682]]],[[[-42.2418,-2.769],[-42.231,-2.769],[-42.2285,-2.7849],[-42.2418,-2.769]]],[[[-42.0087,-2.7765],[-41.9999,-2.7715],[-41.9999,-2.7832],[-42.0087,-2.7765]]],[[[-42.1349,-2.781],[-42.1143,-2.8088],[-42.1254,-2.7974],[-42.1785,-2.7965],[-42.1551,-2.771],[-42.1349,-2.781]]],[[[-42.151,-2.7676],[-42.129,-2.7651],[-42.1301,-2.7763],[-42.151,-2.7676]]],[[[-44.0965,-2.751],[-44.0943,-2.7496],[-44.0946,-2.751],[-44.0965,-2.751]]],[[[-44.094,-2.7476],[-44.0918,-2.7462],[-44.0924,-2.7487],[-44.094,-2.7476]]],[[[-41.8157,-2.739],[-41.814,-2.7371],[-41.8146,-2.7393],[-41.8157,-2.739]]],[[[-44.0737,-2.7374],[-44.0713,-2.7376],[-44.0737,-2.746],[-44.0737,-2.7374]]],[[[-42.431,-2.7315],[-42.4249,-2.734],[-42.4249,-2.7351],[-42.431,-2.7315]]],[[[-41.8129,-2.7374],[-41.8076,-2.7318],[-41.8065,-2.7357],[-41.8129,-2.7374]]],[[[-42.0429,-2.719],[-42.041,-2.7129],[-42.0415,-2.7193],[-42.0429,-2.719]]],[[[-42.2532,-2.7371],[-42.206,-2.7126],[-42.1488,-2.7263],[-42.1207,-2.7549],[-42.2532,-2.7371]]],[[[-42.2149,-2.684],[-42.0607,-2.6899],[-42.0262,-2.7601],[-42.0824,-2.7765],[-42.0999,-2.7462],[-42.0765,-2.754],[-42.0765,-2.7412],[-42.2149,-2.684]]],[[[-42.7018,-2.6332],[-42.7018,-2.6385],[-42.7035,-2.6387],[-42.7018,-2.6332]]],[[[-42.7046,-2.584],[-42.7032,-2.591],[-42.7068,-2.589],[-42.7157,-2.5879],[-42.7046,-2.584]]],[[[-43.8815,-2.5818],[-43.8737,-2.5824],[-43.8799,-2.5863],[-43.8815,-2.5818]]],[[[-43.8957,-2.5885],[-43.8818,-2.586],[-43.8868,-2.5968],[-43.8957,-2.5885]]],[[[-42.7365,-2.5746],[-42.7343,-2.5757],[-42.736,-2.5765],[-42.7365,-2.5746]]],[[[-43.8871,-2.5715],[-43.8865,-2.5768],[-43.8885,-2.5776],[-43.8871,-2.5715]]],[[[-42.7232,-2.5826],[-42.7124,-2.571],[-42.7112,-2.5749],[-42.7232,-2.5826]]],[[[-42.7296,-2.5646],[-42.7179,-2.5621],[-42.7224,-2.569],[-42.7296,-2.5646]]],[[[-42.7629,-2.5557],[-42.7637,-2.5618],[-42.7679,-2.5596],[-42.7629,-2.5557]]],[[[-43.7012,-2.5296],[-43.6963,-2.5335],[-43.7018,-2.5337],[-43.706,-2.539],[-43.7012,-2.5296]]],[[[-43.7888,-2.5321],[-43.7849,-2.5324],[-43.7893,-2.5396],[-43.7888,-2.5321]]],[[[-43.8826,-2.5821],[-43.8857,-2.559],[-43.8665,-2.5615],[-43.8826,-2.5821]]],[[[-43.6193,-2.5274],[-43.6171,-2.5288],[-43.6199,-2.5315],[-43.6193,-2.5274]]],[[[-43.6901,-2.5371],[-43.6971,-2.5235],[-43.6901,-2.5204],[-43.6862,-2.5251],[-43.6901,-2.5371]]],[[[-43.6999,-2.5199],[-43.6951,-2.5221],[-43.7001,-2.521],[-43.6999,-2.5199]]],[[[-43.6174,-2.5176],[-43.6146,-2.5182],[-43.6151,-2.5201],[-43.6174,-2.5176]]],[[[-43.7674,-2.5093],[-43.7718,-2.5118],[-43.7674,-2.5085],[-43.7674,-2.5093]]],[[[-43.6804,-2.5046],[-43.679,-2.5076],[-43.6804,-2.509],[-43.6804,-2.5046]]],[[[-43.4501,-2.5068],[-43.4437,-2.5182],[-43.4499,-2.5318],[-43.4501,-2.5068]]],[[[-43.7535,-2.4993],[-43.7493,-2.5004],[-43.7507,-2.5038],[-43.7535,-2.4993]]],[[[-43.4854,-2.5229],[-43.4768,-2.4885],[-43.474,-2.5243],[-43.4854,-2.5229]]],[[[-43.474,-2.4737],[-43.464,-2.4824],[-43.4651,-2.4851],[-43.474,-2.4737]]],[[[-44.0726,-2.4615],[-44.0629,-2.4671],[-44.081,-2.4613],[-44.0726,-2.4615]]],[[[-43.6043,-2.4904],[-43.5732,-2.4801],[-43.6099,-2.5068],[-43.6043,-2.4904]]],[[[-44.0715,-2.4468],[-44.0649,-2.4435],[-44.0687,-2.451],[-44.074,-2.451],[-44.0715,-2.4468]]],[[[-43.3985,-2.4404],[-43.3968,-2.439],[-43.3954,-2.4404],[-43.3985,-2.4404]]],[[[-43.8635,-2.4399],[-43.8529,-2.4374],[-43.8582,-2.4446],[-43.8635,-2.4399]]],[[[-44.1282,-2.4282],[-44.1304,-2.4279],[-44.1274,-2.4265],[-44.1282,-2.4282]]],[[[-43.4643,-2.4174],[-43.4282,-2.429],[-43.4254,-2.4365],[-43.4643,-2.4174]]],[[[-43.7407,-2.4329],[-43.7465,-2.416],[-43.7351,-2.4274],[-43.7407,-2.4329]]],[[[-43.8021,-2.3915],[-43.824,-2.4735],[-43.7868,-2.4193],[-43.7432,-2.4399],[-43.7801,-2.4735],[-43.7912,-2.5468],[-43.8193,-2.5435],[-43.8335,-2.5501],[-43.8496,-2.4099],[-43.8021,-2.3915]]],[[[-43.5274,-2.3718],[-43.506,-2.4046],[-43.5363,-2.4068],[-43.5274,-2.3718]]],[[[-43.7888,-2.379],[-43.7543,-2.3843],[-43.789,-2.4162],[-43.7888,-2.379]]],[[[-43.6312,-2.3649],[-43.636,-2.3782],[-43.6382,-2.3793],[-43.6312,-2.3649]]],[[[-43.5549,-2.3574],[-43.561,-2.4229],[-43.601,-2.4124],[-43.6113,-2.3765],[-43.5549,-2.3574]]],[[[-43.7313,-2.3057],[-43.7257,-2.3057],[-43.731,-2.3096],[-43.7313,-2.3057]]],[[[-43.6215,-2.2904],[-43.6163,-2.2924],[-43.6235,-2.2921],[-43.6215,-2.2904]]],[[[-43.6304,-2.2887],[-43.626,-2.2904],[-43.6321,-2.2907],[-43.6304,-2.2887]]],[[[-43.6437,-2.2846],[-43.6399,-2.2921],[-43.6557,-2.3007],[-43.6437,-2.2846]]],[[[-43.6121,-2.2843],[-43.5965,-2.2804],[-43.5979,-2.2935],[-43.6121,-2.2843]]],[[[-43.6237,-2.2512],[-43.6015,-2.2699],[-43.6404,-2.2757],[-43.6771,-2.2996],[-43.6843,-2.344],[-43.6249,-2.3099],[-43.6446,-2.3799],[-43.6387,-2.4021],[-43.7438,-2.4162],[-43.7163,-2.2879],[-43.6237,-2.2512]]],[[[-44.4693,-2.0713],[-44.466,-2.0735],[-44.4721,-2.0751],[-44.4693,-2.0713]]],[[[-44.5521,-1.8851],[-44.551,-1.8868],[-44.5524,-1.8868],[-44.5521,-1.8851]]],[[[-44.5582,-1.8807],[-44.5474,-1.8785],[-44.5496,-1.8796],[-44.5582,-1.8807]]],[[[-44.5551,-1.8729],[-44.5515,-1.8765],[-44.5563,-1.8771],[-44.5551,-1.8729]]],[[[-44.524,-1.8488],[-44.5215,-1.8485],[-44.5224,-1.8515],[-44.524,-1.8488]]],[[[-44.5624,-1.8262],[-44.5599,-1.8265],[-44.5599,-1.829],[-44.5624,-1.8262]]],[[[-44.5579,-1.8251],[-44.5565,-1.8257],[-44.5585,-1.8276],[-44.5579,-1.8251]]],[[[-44.5985,-1.7954],[-44.5957,-1.7968],[-44.5982,-1.7976],[-44.5985,-1.7954]]],[[[-44.586,-1.7921],[-44.5865,-1.7985],[-44.5924,-1.7971],[-44.586,-1.7921]]],[[[-44.5971,-1.791],[-44.5954,-1.7893],[-44.5962,-1.7913],[-44.5971,-1.791]]],[[[-44.5949,-1.7857],[-44.5926,-1.7871],[-44.5943,-1.7882],[-44.5949,-1.7857]]],[[[-44.5915,-1.7863],[-44.5896,-1.7824],[-44.5893,-1.7835],[-44.5915,-1.7863]]],[[[-44.754,-1.6813],[-44.7399,-1.6982],[-44.7576,-1.6896],[-44.754,-1.6813]]],[[[-44.7482,-1.6779],[-44.7457,-1.6796],[-44.7499,-1.6801],[-44.7482,-1.6779]]],[[[-44.7421,-1.6643],[-44.7282,-1.6746],[-44.744,-1.6676],[-44.7421,-1.6643]]],[[[-45.2762,-1.654],[-45.2357,-1.6712],[-45.2765,-1.6876],[-45.2713,-1.714],[-45.2762,-1.7235],[-45.3054,-1.6532],[-45.2762,-1.654]]],[[[-45.316,-1.614],[-45.264,-1.6257],[-45.309,-1.6462],[-45.3321,-1.7363],[-45.316,-1.614]]],[[[-44.7599,-1.5835],[-44.7537,-1.5821],[-44.7549,-1.5846],[-44.7599,-1.5835]]],[[[-44.7846,-1.5751],[-44.7807,-1.5768],[-44.7846,-1.5765],[-44.7846,-1.5751]]],[[[-44.7415,-1.5718],[-44.7404,-1.5724],[-44.7429,-1.5732],[-44.7415,-1.5718]]],[[[-44.7401,-1.5674],[-44.7543,-1.5785],[-44.7585,-1.579],[-44.7401,-1.5674]]],[[[-44.7368,-1.566],[-44.7371,-1.5707],[-44.7399,-1.5707],[-44.7368,-1.566]]],[[[-44.7874,-1.5637],[-44.7876,-1.566],[-44.7887,-1.566],[-44.7874,-1.5637]]],[[[-44.7812,-1.5618],[-44.7818,-1.5601],[-44.7804,-1.5601],[-44.7812,-1.5618]]],[[[-44.7085,-1.5482],[-44.7029,-1.5679],[-44.7271,-1.599],[-44.7285,-1.6176],[-44.7388,-1.6193],[-44.7085,-1.5482]]],[[[-44.8713,-1.4924],[-44.8646,-1.4901],[-44.866,-1.4932],[-44.8713,-1.4924]]],[[[-44.8349,-1.5346],[-44.7754,-1.4901],[-44.7943,-1.5126],[-44.7974,-1.5238],[-44.8193,-1.5299],[-44.7957,-1.5482],[-44.8282,-1.556],[-44.8349,-1.5346]]],[[[-44.9579,-1.4729],[-44.9479,-1.4829],[-44.961,-1.4849],[-44.9651,-1.4893],[-44.9646,-1.4971],[-44.9554,-1.5054],[-44.9643,-1.5126],[-44.9746,-1.4885],[-44.9579,-1.4729]]],[[[-45.1435,-1.4704],[-45.1404,-1.4818],[-45.1424,-1.4818],[-45.1435,-1.4704]]],[[[-45.1315,-1.4707],[-45.1138,-1.4693],[-45.1121,-1.471],[-45.1315,-1.4707]]],[[[-44.7646,-1.459],[-44.7401,-1.5157],[-44.7907,-1.5265],[-44.7721,-1.4846],[-44.7926,-1.4685],[-44.7646,-1.459]]],[[[-44.7388,-1.5118],[-44.751,-1.466],[-44.7418,-1.4804],[-44.7388,-1.5118]]],[[[-45.1624,-1.4524],[-45.1604,-1.4574],[-45.161,-1.4574],[-45.1624,-1.4524]]],[[[-45.0971,-1.451],[-45.0951,-1.4499],[-45.0924,-1.4499],[-45.0926,-1.4507],[-45.0971,-1.451]]],[[[-45.0849,-1.4393],[-45.0674,-1.4468],[-45.0735,-1.4613],[-45.0849,-1.4393]]],[[[-45.0835,-1.4254],[-45.0818,-1.4263],[-45.084,-1.4282],[-45.0835,-1.4254]]],[[[-45.0971,-1.4354],[-45.0854,-1.4276],[-45.0904,-1.4446],[-45.0971,-1.4354]]],[[[-45.1332,-1.4582],[-45.1021,-1.4638],[-45.1318,-1.4685],[-45.1332,-1.4582]]],[[[-44.8601,-1.4101],[-44.8296,-1.4251],[-44.8432,-1.4879],[-44.8968,-1.4771],[-44.909,-1.6046],[-44.949,-1.586],[-44.9529,-1.5862],[-44.9588,-1.5932],[-44.966,-1.5932],[-44.9707,-1.5993],[-44.8601,-1.4101]]],[[[-45.4199,-1.4085],[-45.4043,-1.4093],[-45.4137,-1.421],[-45.4199,-1.4085]]],[[[-45.3788,-1.3935],[-45.3696,-1.3924],[-45.3729,-1.3965],[-45.3788,-1.3935]]],[[[-45.1482,-1.3818],[-45.1451,-1.3829],[-45.1496,-1.3874],[-45.1482,-1.3818]]],[[[-44.9485,-1.3771],[-44.9457,-1.3787],[-44.9476,-1.3796],[-44.9485,-1.3771]]],[[[-45.1029,-1.4204],[-45.0701,-1.379],[-45.1001,-1.4338],[-45.1029,-1.4204]]],[[[-45.659,-1.3707],[-45.6565,-1.3729],[-45.6599,-1.3726],[-45.659,-1.3707]]],[[[-45.1251,-1.386],[-45.0949,-1.3818],[-45.1076,-1.4135],[-45.1251,-1.386]]],[[[-45.0476,-1.3954],[-45.0385,-1.3857],[-45.0443,-1.401],[-45.0476,-1.3954]]],[[[-45.6585,-1.364],[-45.6488,-1.3682],[-45.6624,-1.3671],[-45.6585,-1.364]]],[[[-45.3518,-1.3457],[-45.3429,-1.354],[-45.3529,-1.354],[-45.3596,-1.3601],[-45.3518,-1.3457]]],[[[-45.5654,-1.3482],[-45.5624,-1.3465],[-45.5621,-1.3499],[-45.5654,-1.3482]]],[[[-45.5004,-1.3529],[-45.4951,-1.3499],[-45.4993,-1.3585],[-45.5004,-1.3529]]],[[[-45.5257,-1.3393],[-45.5246,-1.341],[-45.5262,-1.341],[-45.5257,-1.3393]]],[[[-45.4915,-1.3438],[-45.4871,-1.3418],[-45.4915,-1.3482],[-45.4915,-1.3438]]],[[[-45.551,-1.3404],[-45.5501,-1.3362],[-45.5443,-1.3368],[-45.551,-1.3404]]],[[[-45.6318,-1.339],[-45.6285,-1.339],[-45.6332,-1.344],[-45.6318,-1.339]]],[[[-45.4949,-1.336],[-45.4985,-1.339],[-45.4943,-1.3321],[-45.4949,-1.336]]],[[[-44.8974,-1.3374],[-44.8946,-1.3332],[-44.8949,-1.3374],[-44.8974,-1.3374]]],[[[-45.5651,-1.3301],[-45.5626,-1.3301],[-45.5649,-1.331],[-45.5651,-1.3301]]],[[[-44.8818,-1.3232],[-44.8796,-1.3254],[-44.8829,-1.3246],[-44.8818,-1.3232]]],[[[-44.8921,-1.3332],[-44.879,-1.3324],[-44.8924,-1.3501],[-44.8921,-1.3332]]],[[[-45.6312,-1.3315],[-45.6424,-1.3237],[-45.639,-1.3182],[-45.6312,-1.3315]]],[[[-44.884,-1.3193],[-44.8676,-1.3243],[-44.879,-1.3299],[-44.8735,-1.3232],[-44.884,-1.3193]]],[[[-45.5596,-1.3137],[-45.5379,-1.3285],[-45.5612,-1.3296],[-45.5596,-1.3137]]],[[[-45.7038,-1.3063],[-45.6868,-1.3035],[-45.6843,-1.3188],[-45.7038,-1.3063]]],[[[-45.5615,-1.2943],[-45.546,-1.2999],[-45.5593,-1.3087],[-45.5615,-1.2943]]],[[[-45.6607,-1.2757],[-45.6538,-1.274],[-45.6554,-1.2765],[-45.6607,-1.2757]]],[[[-45.5679,-1.2854],[-45.546,-1.2904],[-45.569,-1.2893],[-45.5679,-1.2854]]],[[[-44.9463,-1.2763],[-44.8749,-1.296],[-44.8929,-1.3304],[-44.9282,-1.319],[-44.9174,-1.3057],[-44.9463,-1.2763]]],[[[-44.9774,-1.2649],[-44.941,-1.3443],[-44.9126,-1.3349],[-44.9046,-1.3393],[-45.0054,-1.401],[-44.9774,-1.2649]]],[[[-44.8879,-1.2812],[-44.9054,-1.2724],[-44.8787,-1.2832],[-44.871,-1.2901],[-44.8676,-1.3032],[-44.8879,-1.2812]]],[[[-45.5757,-1.2679],[-45.5646,-1.2604],[-45.574,-1.2743],[-45.5757,-1.2679]]],[[[-45.869,-1.2604],[-45.8626,-1.2626],[-45.8693,-1.2615],[-45.869,-1.2604]]],[[[-45.649,-1.2482],[-45.6463,-1.2476],[-45.649,-1.2493],[-45.649,-1.2482]]],[[[-45.6593,-1.2485],[-45.6476,-1.244],[-45.6562,-1.2551],[-45.6593,-1.2485]]],[[[-45.651,-1.2301],[-45.6488,-1.2335],[-45.6512,-1.2346],[-45.651,-1.2301]]],[[[-45.8029,-1.2282],[-45.7985,-1.226],[-45.799,-1.2293],[-45.8029,-1.2282]]],[[[-45.8821,-1.219],[-45.8699,-1.219],[-45.8854,-1.2232],[-45.8821,-1.219]]],[[[-45.8729,-1.2101],[-45.869,-1.2104],[-45.8732,-1.2112],[-45.8729,-1.2101]]],[[[-45.9571,-1.2215],[-45.9451,-1.2099],[-45.9554,-1.2349],[-45.9571,-1.2215]]],[[[-45.6832,-1.2007],[-45.6782,-1.1985],[-45.6782,-1.2015],[-45.6832,-1.2007]]],[[[-45.676,-1.1957],[-45.6735,-1.1979],[-45.6743,-1.1985],[-45.676,-1.1957]]],[[[-45.5785,-1.1963],[-45.5337,-1.2224],[-45.5954,-1.2421],[-45.5785,-1.1963]]],[[[-45.7107,-1.2279],[-45.6668,-1.2432],[-45.6921,-1.2657],[-45.7107,-1.2279]]],[[[-45.8671,-1.1918],[-45.8649,-1.1976],[-45.8701,-1.2021],[-45.8671,-1.1918]]],[[[-45.774,-1.1918],[-45.7679,-1.1924],[-45.7696,-1.1957],[-45.774,-1.1918]]],[[[-45.6826,-1.1926],[-45.6804,-1.1918],[-45.6807,-1.1943],[-45.6826,-1.1926]]],[[[-45.809,-1.2001],[-45.7818,-1.2037],[-45.7963,-1.2307],[-45.809,-1.2001]]],[[[-45.6901,-1.1871],[-45.6857,-1.1874],[-45.6868,-1.1896],[-45.6901,-1.1871]]],[[[-45.8693,-1.1849],[-45.8668,-1.1885],[-45.8696,-1.1882],[-45.8693,-1.1849]]],[[[-45.9532,-1.186],[-45.9565,-1.1896],[-45.9535,-1.1824],[-45.9532,-1.186]]],[[[-45.8649,-1.1829],[-45.8613,-1.1851],[-45.8651,-1.1899],[-45.8649,-1.1829]]],[[[-45.756,-1.1771],[-45.7538,-1.1765],[-45.756,-1.1785],[-45.756,-1.1771]]],[[[-45.7601,-1.1768],[-45.7515,-1.1712],[-45.7596,-1.1812],[-45.7601,-1.1768]]],[[[-45.8982,-1.159],[-45.9015,-1.159],[-45.8965,-1.1554],[-45.8982,-1.159]]],[[[-45.8946,-1.1515],[-45.8926,-1.1512],[-45.8949,-1.1526],[-45.8946,-1.1515]]],[[[-45.8901,-1.1379],[-45.8882,-1.1396],[-45.8901,-1.1388],[-45.8901,-1.1379]]],[[[-45.8846,-1.1374],[-45.8818,-1.1399],[-45.891,-1.1462],[-45.8846,-1.1374]]],[[[-45.8279,-1.1293],[-45.8037,-1.1418],[-45.821,-1.1549],[-45.8279,-1.1293]]],[[[-45.9354,-1.0982],[-45.9351,-1.1013],[-45.939,-1.1013],[-45.9354,-1.0982]]],[[[-45.9574,-1.1924],[-45.9499,-1.1971],[-45.9596,-1.2207],[-45.9593,-1.2321],[-45.9649,-1.2365],[-45.9749,-1.2329],[-45.9799,-1.2351],[-45.9804,-1.2587],[-45.9338,-1.2215],[-45.9446,-1.191],[-45.8557,-1.0518],[-45.9238,-1.2001],[-45.8746,-1.149],[-45.9138,-1.2535],[-45.8554,-1.2135],[-45.8804,-1.259],[-45.8615,-1.2651],[-45.8018,-1.1612],[-45.8138,-1.2043],[-45.804,-1.226],[-45.8296,-1.2621],[-45.8271,-1.2712],[-45.794,-1.2474],[-45.714,-1.1193],[-45.7551,-1.2421],[-45.6912,-1.324],[-45.6832,-1.3207],[-45.6813,-1.3143],[-45.6915,-1.2729],[-45.6485,-1.2824],[-45.6576,-1.2663],[-45.6446,-1.2493],[-45.6454,-1.1868],[-45.6237,-1.1251],[-45.649,-1.306],[-45.6382,-1.3501],[-45.7007,-1.3713],[-45.6574,-1.376],[-45.6399,-1.3726],[-45.6235,-1.3418],[-45.6237,-1.2826],[-45.5935,-1.2654],[-45.5768,-1.3757],[-45.5574,-1.3538],[-45.5626,-1.3349],[-45.5554,-1.3326],[-45.5535,-1.3399],[-45.5479,-1.3413],[-45.5354,-1.3332],[-45.5199,-1.2988],[-45.5471,-1.3721],[-45.5035,-1.3796],[-45.4135,-1.2968],[-45.4888,-1.4829],[-45.3618,-1.4307],[-45.3979,-1.4154],[-45.3335,-1.3676],[-45.3585,-1.3162],[-45.3099,-1.3324],[-45.4043,-1.7065],[-45.3601,-1.6765],[-45.3379,-1.7682],[-45.2754,-1.7346],[-45.2271,-1.676],[-45.2487,-1.5751],[-45.1543,-1.4701],[-45.1349,-1.4935],[-45.1421,-1.5199],[-45.1285,-1.5126],[-45.1324,-1.5337],[-45.1304,-1.5435],[-45.1268,-1.5471],[-45.0965,-1.4546],[-45.0051,-1.4868],[-44.9901,-1.5129],[-45.0254,-1.5179],[-45.0349,-1.5371],[-44.9612,-1.5518],[-45.0254,-1.5771],[-45.0304,-1.596],[-44.8532,-1.6176],[-44.8362,-1.5729],[-44.796,-1.5851],[-44.776,-1.5757],[-44.7704,-1.561],[-44.7621,-1.5607],[-44.751,-1.5349],[-44.7363,-1.5376],[-44.7668,-1.5657],[-44.7757,-1.6068],[-44.7632,-1.6229],[-44.7629,-1.5871],[-44.7404,-1.6193],[-44.7287,-1.6196],[-44.6768,-1.5682],[-44.6599,-1.6604],[-44.6865,-1.621],[-44.6801,-1.6449],[-44.7543,-1.641],[-44.7968,-1.6785],[-44.8001,-1.7038],[-44.7121,-1.7137],[-44.7032,-1.739],[-44.8374,-1.821],[-44.6082,-1.7349],[-44.5988,-1.7429],[-44.6299,-1.7712],[-44.6365,-1.7832],[-44.6362,-1.7965],[-44.5996,-1.7649],[-44.6035,-1.8193],[-44.5632,-1.8496],[-44.5363,-1.8215],[-44.5774,-1.8885],[-44.5124,-1.8887],[-44.4815,-2.0424],[-44.7054,-2.2313],[-44.689,-2.291],[-44.4632,-2.1462],[-44.3024,-2.4876],[-44.0285,-2.409],[-44.124,-2.476],[-44.054,-2.4704],[-44.0365,-2.5568],[-44.2351,-2.7754],[-44.0812,-2.7851],[-43.9193,-2.554],[-43.8946,-2.5663],[-43.899,-2.5879],[-43.8793,-2.6126],[-43.874,-2.6504],[-43.8651,-2.6568],[-43.8393,-2.559],[-43.8599,-2.5754],[-43.8726,-2.5149],[-43.8235,-2.5762],[-43.7465,-2.5465],[-43.746,-2.496],[-43.716,-2.4754],[-43.7051,-2.5599],[-43.6501,-2.4821],[-43.6296,-2.5615],[-43.6151,-2.5604],[-43.5315,-2.4193],[-43.4926,-2.5521],[-43.4582,-2.5104],[-43.4512,-2.5587],[-43.4421,-2.566],[-43.4612,-2.5854],[-43.4632,-2.5938],[-43.4568,-2.5974],[-43.4404,-2.5701],[-43.4471,-2.5462],[-43.401,-2.5535],[-43.3943,-2.5493],[-43.3929,-2.5432],[-43.464,-2.4221],[-43.4101,-2.4546],[-43.4104,-2.4412],[-43.3901,-2.451],[-43.3865,-2.4426],[-43.3693,-2.4449],[-43.3582,-2.4354],[-43.3532,-2.4432],[-43.3499,-2.4432],[-43.3479,-2.441],[-43.3779,-2.4085],[-43.4282,-2.4276],[-43.4818,-2.3726],[-43.3257,-2.3368],[-42.7938,-2.5621],[-42.7379,-2.5668],[-42.7388,-2.5762],[-42.7274,-2.5857],[-42.7043,-2.5924],[-42.6985,-2.5907],[-42.7043,-2.6404],[-42.7015,-2.6396],[-42.6874,-2.6204],[-42.684,-2.6215],[-42.6946,-2.5971],[-42.6987,-2.5768],[-42.6957,-2.5754],[-42.4726,-2.7412],[-42.2657,-2.7568],[-42.2818,-2.8615],[-41.9985,-2.7985],[-41.9974,-2.7607],[-42.0174,-2.7465],[-42.0129,-2.716],[-41.8235,-2.7282],[-41.8654,-2.8749],[-41.7967,-2.9634],[-42.2043,-3.4358],[-42.4983,-3.4478],[-42.6757,-3.6756],[-42.7262,-3.91],[-42.9891,-4.2341],[-42.8504,-4.4814],[-42.9502,-4.7884],[-42.7979,-5.1832],[-42.8263,-5.347],[-43.099,-5.6332],[-43.0749,-6.0547],[-42.8293,-6.3374],[-42.9197,-6.6703],[-43.0011,-6.7545],[-43.42,-6.8438],[-43.7112,-6.6995],[-44.0333,-6.7604],[-44.3062,-7.1172],[-44.564,-7.2275],[-44.6879,-7.3945],[-44.8167,-7.3612],[-44.9244,-7.4703],[-45.4591,-7.6739],[-45.7656,-8.6096],[-45.9942,-8.9269],[-45.8936,-9.3422],[-45.7838,-9.4801],[-45.8785,-10.1103],[-46.0035,-10.2609],[-46.0282,-10.1769],[-46.3678,-10.1688],[-46.4936,-9.8274],[-46.6474,-9.7304],[-46.5609,-9.484],[-46.7633,-9.409],[-46.9226,-9.0667],[-47.0687,-9.0639],[-46.9134,-8.8478],[-46.9163,-8.5958],[-46.8068,-8.399],[-46.5075,-8.2708],[-46.4921,-7.9817],[-46.6605,-7.9006],[-47.0435,-8.0536],[-47.5047,-7.4367],[-47.5908,-7.4396],[-47.4858,-7.3671],[-47.4997,-7.2939],[-47.6467,-7.3043],[-47.7497,-7.1914],[-47.5299,-6.9765],[-47.3788,-6.2709],[-47.5001,-5.5256],[-47.8437,-5.3762],[-47.8855,-5.2607],[-48.1785,-5.2608],[-48.3639,-5.1684],[-48.539,-5.2049],[-48.6061,-5.3365],[-48.7551,-5.3492],[-47.7899,-4.5855],[-47.6111,-4.5564],[-47.3724,-4.2448],[-47.3188,-4.0469],[-47.0881,-3.8555],[-47.0381,-3.5618],[-46.6798,-3.0936],[-46.6796,-2.8818],[-46.5758,-2.8414],[-46.6639,-2.6942],[-46.4163,-2.5294],[-46.4323,-2.2398],[-46.2806,-2.1529],[-46.21,-1.8338],[-46.3239,-1.7656],[-46.1536,-1.6759],[-46.1511,-1.2248],[-45.9801,-1.0482],[-45.9871,-1.1224],[-45.9621,-1.1074],[-45.9674,-1.1599],[-45.954,-1.161],[-45.9607,-1.1804],[-45.9574,-1.1924]]]]}},{"type":"Feature","id":"MT","properties":{"name":"MT","sigla":"MT","uf":"MT"},"geometry":{"type":"Polygon","coordinates":[[[-57.6868,-8.4141],[-57.5929,-8.7565],[-57.4275,-8.7833],[-57.4166,-8.858],[-57.0945,-9.0171],[-57.0226,-9.2197],[-56.82,-9.2464],[-56.7542,-9.4064],[-50.2248,-9.8412],[-50.6034,-10.6609],[-50.6094,-11.0675],[-50.7392,-11.4354],[-50.6575,-11.5965],[-50.722,-11.7397],[-50.6392,-11.8846],[-50.6868,-12.2022],[-50.6182,-12.429],[-50.7064,-12.6097],[-50.6227,-12.8197],[-50.5022,-12.8843],[-50.6107,-13.0631],[-50.6072,-13.3109],[-50.8717,-13.7331],[-50.8336,-14.0899],[-50.9174,-14.1148],[-50.9752,-14.2909],[-50.9628,-14.5271],[-51.084,-14.9164],[-51.2425,-15.0354],[-51.3377,-14.9734],[-51.5359,-15.0697],[-51.652,-15.1799],[-51.6999,-15.4874],[-51.8795,-15.8254],[-52.2526,-15.8927],[-52.3311,-16.0725],[-52.5255,-16.1406],[-52.5472,-16.2613],[-52.6815,-16.3039],[-52.6357,-16.5516],[-52.7055,-16.5973],[-52.7451,-16.5801],[-52.7507,-16.5827],[-52.7859,-16.7412],[-53.0113,-16.858],[-53.2186,-17.2993],[-53.2468,-17.6907],[-53.0719,-18.0395],[-53.6921,-18.0137],[-53.9489,-17.9234],[-53.8558,-17.7027],[-53.7038,-17.6613],[-53.7086,-17.2282],[-54.0376,-17.4864],[-54.0846,-17.619],[-54.3355,-17.6617],[-54.5816,-17.468],[-54.8608,-17.6239],[-55.1272,-17.6527],[-55.524,-17.4812],[-55.64,-17.3397],[-56.1131,-17.1672],[-56.4433,-17.3307],[-56.7338,-17.3099],[-57.0448,-17.7303],[-57.4524,-17.9026],[-57.6842,-17.7156],[-57.728,-17.5298],[-57.8956,-17.4589],[-58.0026,-17.5195],[-58.3955,-17.1845],[-58.4705,-16.703],[-58.3337,-16.49],[-58.3203,-16.269],[-58.4304,-16.3213],[-60.172,-16.2621],[-60.2352,-15.4735],[-60.5615,-15.108],[-60.2442,-15.0968],[-60.2721,-14.6203],[-60.4816,-14.1813],[-60.3785,-13.9925],[-60.4677,-13.801],[-60.9247,-13.557],[-60.7051,-13.3247],[-60.3616,-13.3086],[-60.2829,-13.0806],[-60.0865,-12.8987],[-60.0687,-12.616],[-59.7743,-12.341],[-59.8923,-12.2455],[-59.9851,-11.9144],[-60.1087,-11.8396],[-60.1148,-11.5915],[-59.9197,-11.3315],[-59.9868,-11.1145],[-60.3012,-11.0572],[-60.3479,-11.1091],[-60.46,-10.9899],[-61.5502,-10.9861],[-61.4617,-10.4199],[-61.6006,-10.1538],[-61.5084,-9.8741],[-61.5746,-9.7178],[-61.4777,-9.6286],[-61.6324,-9.2643],[-61.5248,-9.2429],[-61.5549,-9.0903],[-61.4684,-8.9174],[-61.5829,-8.7987],[-58.4158,-8.7929],[-58.326,-8.72],[-58.4374,-8.7034],[-58.287,-8.1285],[-58.3829,-7.8391],[-58.202,-7.6209],[-58.1384,-7.349],[-57.9725,-7.5346],[-57.8288,-7.9729],[-57.6432,-8.2137],[-57.6868,-8.4141]]]}},{"type":"Feature","id":"MS","properties":{"name":"MS","sigla":"MS","uf":"MS"},"geometry":{"type":"Polygon","coordinates":[[[-56.1036,-17.1735],[-55.64,-17.3397],[-55.524,-17.4812],[-55.1272,-17.6527],[-54.8608,-17.6239],[-54.5816,-17.468],[-54.3355,-17.6617],[-54.0846,-17.619],[-54.0376,-17.4864],[-53.6944,-17.234],[-53.7038,-17.6613],[-53.8558,-17.7027],[-53.9489,-17.9234],[-53.6921,-18.0137],[-53.0719,-18.0395],[-53.1432,-18.0818],[-53.0699,-18.3429],[-52.7594,-18.3492],[-52.9623,-18.5408],[-52.9146,-18.6406],[-52.4491,-18.691],[-52.3446,-18.8215],[-52.0155,-18.9828],[-51.0879,-19.3083],[-50.9357,-19.4677],[-50.9279,-19.5878],[-51.0459,-19.729],[-51.0004,-20.0854],[-51.0585,-20.2337],[-51.3433,-20.3558],[-51.5914,-20.6404],[-51.6189,-20.9324],[-51.8758,-21.1361],[-51.8617,-21.3388],[-51.9678,-21.5018],[-52.0932,-21.5381],[-52.0764,-21.7148],[-52.4867,-22.2152],[-53.6074,-22.9513],[-53.7306,-23.3177],[-53.9828,-23.46],[-54.0998,-23.9465],[-54.2839,-24.0675],[-54.6671,-23.8126],[-55.0601,-23.9884],[-55.4119,-23.9586],[-55.4334,-23.7112],[-55.5346,-23.611],[-55.521,-23.1943],[-55.6852,-22.9905],[-55.6121,-22.6557],[-55.8533,-22.2786],[-56.2077,-22.2781],[-56.4027,-22.0747],[-56.5183,-22.1003],[-56.6422,-22.2584],[-56.6978,-22.2135],[-56.836,-22.2977],[-57.5525,-22.1782],[-57.6158,-22.0934],[-57.8028,-22.1452],[-58.0052,-22.0434],[-57.9185,-21.8786],[-57.9682,-21.8412],[-57.8932,-21.6845],[-57.9669,-21.5253],[-57.8543,-21.336],[-57.9176,-21.2757],[-57.8172,-20.9737],[-57.926,-20.8945],[-57.8546,-20.8325],[-57.9602,-20.7814],[-57.8683,-20.7329],[-57.9869,-20.6931],[-57.9935,-20.4456],[-58.1628,-20.1598],[-57.8709,-19.9765],[-58.1334,-19.7578],[-57.7842,-19.0335],[-57.7084,-19.0302],[-57.7666,-18.8993],[-57.5578,-18.2403],[-57.4539,-18.2312],[-57.5748,-18.1319],[-57.7956,-17.56],[-57.712,-17.5441],[-57.6842,-17.7156],[-57.4524,-17.9026],[-57.0448,-17.7303],[-56.7338,-17.3099],[-56.4433,-17.3307],[-56.1036,-17.1735]]]}},{"type":"Feature","id":"MG","properties":{"name":"MG","sigla":"MG","uf":"MG"},"geometry":{"type":"Polygon","coordinates":[[[-44.2098,-14.2367],[-43.7831,-14.3392],[-43.8592,-14.6743],[-43.5313,-14.8153],[-43.1763,-14.6505],[-42.9388,-14.708],[-42.4429,-15.0606],[-42.1733,-15.086],[-42.0916,-15.1866],[-41.8007,-15.1011],[-41.3564,-15.5003],[-41.3311,-15.7447],[-41.1442,-15.7718],[-40.9622,-15.6489],[-40.7676,-15.7141],[-40.7072,-15.6664],[-40.562,-15.8033],[-40.2311,-15.8038],[-39.8568,-16.1138],[-40.1598,-16.5803],[-40.2754,-16.574],[-40.3454,-16.7873],[-40.2577,-16.8065],[-40.2816,-16.9012],[-40.4799,-16.8768],[-40.57,-17.0619],[-40.5477,-17.2837],[-40.6234,-17.406],[-40.2239,-17.7341],[-40.2224,-17.9804],[-40.527,-17.8919],[-40.6618,-18.0131],[-40.5581,-18.1146],[-40.6077,-18.4165],[-40.5172,-18.4868],[-40.8425,-18.4977],[-41.0525,-18.3437],[-41.1807,-18.4358],[-41.0227,-18.4577],[-41.0531,-18.6287],[-40.9436,-18.6876],[-40.9371,-18.8307],[-41.2454,-18.822],[-41.018,-18.9735],[-41.0717,-19.0238],[-40.9267,-19.1893],[-40.9448,-19.4601],[-41.1684,-19.6722],[-41.1848,-19.889],[-41.3079,-19.9483],[-41.3821,-20.1888],[-41.7567,-20.2069],[-41.8471,-20.3295],[-41.8087,-20.6442],[-41.9766,-20.9355],[-42.1516,-20.9744],[-42.0804,-21.0357],[-42.2084,-21.1782],[-42.2529,-21.4937],[-42.3689,-21.6196],[-42.2711,-21.7157],[-43.0741,-22.0933],[-43.2465,-22.007],[-43.7659,-22.0629],[-44.2354,-22.2662],[-44.4564,-22.2572],[-45.0911,-22.4831],[-45.3989,-22.6533],[-45.4773,-22.59],[-45.665,-22.6506],[-45.7169,-22.5786],[-45.6939,-22.6517],[-45.8198,-22.7225],[-45.7133,-22.757],[-45.7886,-22.8573],[-45.9098,-22.8173],[-46.139,-22.9227],[-46.1446,-22.8583],[-46.3452,-22.9047],[-46.3352,-22.7602],[-46.4779,-22.6994],[-46.393,-22.663],[-46.4071,-22.5405],[-46.6665,-22.4144],[-46.7232,-22.3066],[-46.6005,-22.1347],[-46.7227,-22.076],[-46.6146,-22.0152],[-46.6909,-21.8369],[-46.6058,-21.6499],[-46.763,-21.5472],[-46.6184,-21.4212],[-46.7646,-21.3601],[-47.0112,-21.4223],[-47.1437,-20.9824],[-47.24,-20.8853],[-47.0973,-20.6443],[-47.2917,-20.4493],[-47.257,-20.1662],[-47.4663,-19.9642],[-47.6359,-20.0484],[-47.7042,-19.9799],[-47.8597,-19.993],[-47.8969,-20.1248],[-47.9759,-20.0354],[-48.1133,-20.1434],[-48.2409,-20.0293],[-48.2463,-20.1409],[-48.8282,-20.1636],[-48.8993,-20.4412],[-48.9688,-20.3937],[-48.9922,-20.1654],[-49.227,-20.3035],[-49.3085,-20.102],[-49.249,-19.9725],[-49.5514,-19.9058],[-49.8912,-19.9437],[-50.4718,-19.7797],[-51.0004,-20.0854],[-51.0459,-19.729],[-50.9231,-19.5761],[-50.9624,-19.4849],[-50.8266,-19.4875],[-50.8753,-19.4228],[-50.8171,-19.2898],[-50.5375,-19.0994],[-50.5091,-18.9374],[-50.3093,-18.6984],[-50.0165,-18.5998],[-49.7836,-18.6413],[-49.5358,-18.4936],[-49.3947,-18.6463],[-49.2716,-18.5277],[-49.0048,-18.5372],[-49.0537,-18.4026],[-48.9367,-18.3062],[-48.8163,-18.3797],[-48.2624,-18.3319],[-47.9549,-18.5003],[-47.2832,-18.0582],[-47.373,-17.8299],[-47.2668,-17.6091],[-47.3309,-17.5248],[-47.4958,-17.5253],[-47.5388,-17.3888],[-47.1275,-16.9789],[-47.2501,-16.6668],[-47.4589,-16.504],[-47.3004,-16.0171],[-46.8079,-15.8766],[-46.8547,-15.6204],[-46.949,-15.5546],[-46.8364,-15.3245],[-46.9409,-15.2296],[-46.9187,-15.0499],[-46.503,-15.0526],[-46.5658,-14.7864],[-46.4749,-14.7052],[-46.2868,-14.9282],[-46.0038,-14.9023],[-45.9755,-15.0389],[-46.1192,-15.1922],[-46.0526,-15.2592],[-45.9537,-15.1395],[-45.7303,-15.1168],[-45.2055,-14.7447],[-45.0834,-14.749],[-44.5655,-14.3401],[-44.2098,-14.2367]]]}},{"type":"Feature","id":"PA","properties":{"name":"PA","sigla":"PA","uf":"PA"},"geometry":{"type":"MultiPolygon","coordinates":[[[[-46.434,-1.0165],[-46.434,-1.0188],[-46.4382,-1.0193],[-46.434,-1.0165]]],[[[-46.4407,-1.0071],[-46.4393,-1.021],[-46.4493,-1.0165],[-46.4407,-1.0071]]],[[[-46.3849,-1.0068],[-46.3749,-1.0038],[-46.3787,-1.0221],[-46.3849,-1.0068]]],[[[-46.5868,-0.9865],[-46.5779,-0.9901],[-46.5857,-0.9912],[-46.5868,-0.9865]]],[[[-46.4826,-0.9715],[-46.4793,-0.974],[-46.4849,-0.974],[-46.4826,-0.9715]]],[[[-46.4743,-0.9665],[-46.4712,-0.9693],[-46.476,-0.9693],[-46.4743,-0.9665]]],[[[-46.199,-0.9518],[-46.1963,-0.9526],[-46.1976,-0.9546],[-46.199,-0.9518]]],[[[-46.4682,-0.9532],[-46.4649,-0.9526],[-46.4687,-0.9557],[-46.4682,-0.9532]]],[[[-46.1999,-0.949],[-46.1924,-0.9501],[-46.1996,-0.9501],[-46.1999,-0.949]]],[[[-46.6213,-0.9437],[-46.6015,-0.946],[-46.6293,-0.9596],[-46.6213,-0.9437]]],[[[-46.2062,-0.9443],[-46.1996,-0.9479],[-46.2099,-0.9513],[-46.2062,-0.9443]]],[[[-46.4154,-0.9404],[-46.4049,-0.9643],[-46.436,-0.989],[-46.4154,-0.9404]]],[[[-46.3401,-0.9582],[-46.3068,-0.946],[-46.3146,-1.0071],[-46.3401,-0.9582]]],[[[-46.1538,-0.9382],[-46.1429,-0.9393],[-46.1474,-0.9474],[-46.1538,-0.9382]]],[[[-46.5251,-0.9379],[-46.5124,-0.9346],[-46.5165,-0.9507],[-46.5251,-0.9379]]],[[[-46.4268,-0.9224],[-46.4182,-0.9215],[-46.4135,-0.9207],[-46.4124,-0.9215],[-46.4268,-0.9224]]],[[[-46.4626,-0.9107],[-46.4557,-0.9085],[-46.4613,-0.916],[-46.4626,-0.9107]]],[[[-47.0607,-0.8129],[-47.0585,-0.8143],[-47.0599,-0.8154],[-47.0607,-0.8129]]],[[[-46.7507,-0.8099],[-46.7482,-0.8126],[-46.7518,-0.8132],[-46.7507,-0.8099]]],[[[-47.0776,-0.7968],[-47.076,-0.7979],[-47.0771,-0.7987],[-47.0776,-0.7968]]],[[[-47.0713,-0.786],[-47.069,-0.7885],[-47.0707,-0.7888],[-47.0713,-0.786]]],[[[-46.7313,-0.7824],[-46.7093,-0.7865],[-46.7132,-0.7957],[-46.7313,-0.7824]]],[[[-47.1532,-0.7871],[-47.1476,-0.7871],[-47.1515,-0.7921],[-47.1532,-0.7871]]],[[[-47.0838,-0.764],[-47.086,-0.7649],[-47.0835,-0.7607],[-47.0838,-0.764]]],[[[-47.2029,-0.7613],[-47.1985,-0.7638],[-47.2035,-0.7638],[-47.2029,-0.7613]]],[[[-47.1046,-0.7521],[-47.101,-0.7535],[-47.1046,-0.7529],[-47.1046,-0.7521]]],[[[-46.8704,-0.751],[-46.8665,-0.7515],[-46.8704,-0.7518],[-46.8704,-0.751]]],[[[-46.9265,-0.7388],[-46.9257,-0.7449],[-46.9324,-0.749],[-46.9265,-0.7388]]],[[[-47.1551,-0.7338],[-47.1526,-0.7335],[-47.1549,-0.7357],[-47.1551,-0.7338]]],[[[-47.106,-0.726],[-47.1032,-0.7249],[-47.1051,-0.7279],[-47.106,-0.726]]],[[[-46.9549,-0.7196],[-46.9512,-0.7204],[-46.9518,-0.7218],[-46.9549,-0.7196]]],[[[-47.4707,-0.709],[-47.4354,-0.7437],[-47.4665,-0.756],[-47.4707,-0.709]]],[[[-47.9971,-0.6826],[-47.9912,-0.6865],[-47.9918,-0.6943],[-47.9971,-0.6826]]],[[[-48.0157,-0.6657],[-48.0062,-0.6787],[-48.0129,-0.6854],[-48.0157,-0.6657]]],[[[-47.9818,-0.6596],[-47.974,-0.6651],[-47.9818,-0.674],[-47.9818,-0.6596]]],[[[-47.8468,-0.6654],[-47.8404,-0.666],[-47.8426,-0.6715],[-47.8468,-0.6654]]],[[[-47.8379,-0.6571],[-47.8349,-0.659],[-47.8371,-0.664],[-47.8379,-0.6571]]],[[[-47.8507,-0.6351],[-47.8551,-0.6396],[-47.8532,-0.6365],[-47.8507,-0.6351]]],[[[-47.299,-0.6363],[-47.296,-0.6351],[-47.2968,-0.6371],[-47.299,-0.6363]]],[[[-47.9443,-0.6338],[-47.941,-0.6332],[-47.941,-0.6357],[-47.9443,-0.6338]]],[[[-47.8304,-0.6379],[-47.8235,-0.636],[-47.8274,-0.6485],[-47.8304,-0.6379]]],[[[-47.6999,-0.6154],[-47.6968,-0.6149],[-47.6979,-0.6193],[-47.6999,-0.6154]]],[[[-47.6382,-0.606],[-47.6365,-0.6051],[-47.6368,-0.6063],[-47.6382,-0.606]]],[[[-47.4665,-0.6079],[-47.4621,-0.6054],[-47.4632,-0.6085],[-47.4665,-0.6079]]],[[[-47.8885,-0.5988],[-47.8929,-0.6038],[-47.899,-0.6026],[-47.8885,-0.5988]]],[[[-47.7026,-0.6007],[-47.6974,-0.5993],[-47.7012,-0.6035],[-47.7026,-0.6007]]],[[[-47.8785,-0.5965],[-47.8746,-0.5979],[-47.879,-0.5982],[-47.8785,-0.5965]]],[[[-47.8762,-0.6226],[-47.846,-0.6254],[-47.8557,-0.6396],[-47.8557,-0.6538],[-47.8646,-0.6599],[-47.9232,-0.6026],[-47.8954,-0.6207],[-47.8868,-0.6238],[-47.8762,-0.6226]]],[[[-47.8026,-0.5899],[-47.7996,-0.5862],[-47.7993,-0.5924],[-47.8026,-0.5899]]],[[[-47.7963,-0.5857],[-47.7882,-0.5893],[-47.796,-0.5971],[-47.7963,-0.5857]]],[[[-47.8615,-0.5901],[-47.8482,-0.5929],[-47.8529,-0.5971],[-47.8615,-0.5901]]],[[[-47.7829,-0.5835],[-47.7735,-0.5871],[-47.7801,-0.594],[-47.7829,-0.5835]]],[[[-47.5849,-0.6321],[-47.5385,-0.6074],[-47.5396,-0.6379],[-47.5604,-0.6329],[-47.5849,-0.6321]]],[[[-47.9179,-0.5663],[-47.8565,-0.5818],[-47.9015,-0.6018],[-47.9179,-0.5663]]],[[[-47.819,-0.5624],[-47.7968,-0.5704],[-47.819,-0.596],[-47.819,-0.5624]]],[[[-47.769,-0.5693],[-47.6949,-0.5604],[-47.7199,-0.6429],[-47.769,-0.5693]]],[[[-48.404,-0.2513],[-48.3946,-0.2513],[-48.394,-0.2574],[-48.404,-0.2513]]],[[[-48.9626,-0.1926],[-48.9557,-0.1921],[-48.9565,-0.1979],[-48.9626,-0.1926]]],[[[-48.9529,-0.191],[-48.9504,-0.1885],[-48.9504,-0.1913],[-48.9529,-0.191]]],[[[-48.956,-0.1851],[-48.9526,-0.1868],[-48.9554,-0.1896],[-48.956,-0.1851]]],[[[-48.9846,-0.1821],[-48.9701,-0.1799],[-48.9668,-0.1896],[-48.9846,-0.1821]]],[[[-48.9476,-0.1751],[-48.9388,-0.1754],[-48.9465,-0.1832],[-48.9476,-0.1751]]],[[[-48.7682,-0.171],[-48.746,-0.171],[-48.7649,-0.186],[-48.7682,-0.171]]],[[[-48.9338,-0.1607],[-48.8668,-0.1957],[-48.9462,-0.2093],[-48.9338,-0.1607]]],[[[-49.1518,-0.1526],[-49.1224,-0.1446],[-49.1224,-0.1585],[-49.1518,-0.1526]]],[[[-49.1749,-0.1351],[-49.164,-0.1354],[-49.1668,-0.1399],[-49.1749,-0.1351]]],[[[-49.9582,0.3338],[-49.929,0.3554],[-49.9093,0.3396],[-49.9582,0.3338]]],[[[-54.9431,2.6017],[-54.7631,2.2023],[-54.8128,2.0628],[-54.7447,1.7758],[-54.3092,1.741],[-54.1436,1.6406],[-54.0864,1.4883],[-54.009,1.5196],[-53.8503,1.3918],[-53.6502,1.4082],[-53.6509,1.3362],[-53.5385,1.3408],[-53.536,1.2122],[-53.4265,1.2427],[-53.4114,0.9293],[-53.1062,0.684],[-53.1752,0.3817],[-52.9336,-0.1395],[-52.6901,-0.3029],[-52.6399,-0.5849],[-52.5231,-0.5891],[-52.5386,-0.8548],[-52.4031,-0.8772],[-52.427,-1.0508],[-52.1202,-1.1462],[-52.1003,-1.2265],[-51.9853,-1.1215],[-51.809,-1.1571],[-51.7043,-1.0678],[-51.6791,-0.7853],[-51.2163,-0.1186],[-50.6681,0.185],[-50.4365,0.6001],[-50.1574,0.7051],[-50.0707,0.6982],[-50.0015,0.304],[-49.5426,0.3621],[-49.3246,-0.1618],[-49.0151,-0.1604],[-48.9265,-0.2554],[-48.4371,-0.2312],[-48.0187,-0.699],[-47.9874,-0.696],[-47.9196,-0.6249],[-47.8154,-0.6954],[-47.7849,-0.5879],[-47.7957,-0.6649],[-47.7038,-0.7018],[-47.6646,-0.5782],[-47.6504,-0.6976],[-47.5471,-0.6365],[-47.4868,-0.754],[-47.4287,-0.7615],[-47.4329,-0.7232],[-47.4724,-0.6918],[-47.4612,-0.606],[-47.4765,-0.5929],[-47.4154,-0.5943],[-47.4326,-0.6499],[-47.4235,-0.6612],[-47.4246,-0.6724],[-47.4196,-0.6787],[-47.4221,-0.6821],[-47.4218,-0.6854],[-47.4201,-0.6882],[-47.4162,-0.689],[-47.3207,-0.5915],[-47.3112,-0.6368],[-47.2632,-0.646],[-47.2721,-0.6751],[-47.216,-0.6374],[-47.2149,-0.7132],[-47.1699,-0.6821],[-47.2187,-0.761],[-47.1682,-0.8199],[-47.1387,-0.8001],[-47.126,-0.6832],[-47.0874,-0.681],[-47.0754,-0.7074],[-47.1082,-0.7135],[-47.1099,-0.7571],[-47.0807,-0.8012],[-47.0751,-0.8021],[-47.066,-0.7837],[-47.0632,-0.7904],[-47.1026,-0.8438],[-47.101,-0.8535],[-47.0013,-0.8282],[-46.9676,-0.7065],[-46.9579,-0.864],[-46.844,-0.7388],[-46.8501,-0.8554],[-46.8076,-0.8329],[-46.8218,-0.8937],[-46.8168,-0.9076],[-46.8068,-0.9163],[-46.7388,-0.8176],[-46.7504,-0.9443],[-46.6182,-0.8057],[-46.6682,-0.9782],[-46.599,-0.9563],[-46.5938,-0.9918],[-46.5776,-0.9907],[-46.5529,-0.9157],[-46.5288,-0.9679],[-46.511,-0.9493],[-46.5068,-0.8868],[-46.4271,-0.8674],[-46.4765,-0.9054],[-46.4963,-0.9768],[-46.4776,-1.0274],[-46.3146,-1.0224],[-46.2024,-0.8904],[-46.226,-0.9962],[-46.1218,-1.0521],[-46.094,-1.0199],[-46.0801,-1.0176],[-46.0704,-1.0285],[-46.1628,-1.2783],[-46.1042,-1.337],[-46.1766,-1.4754],[-46.1536,-1.6759],[-46.3239,-1.7656],[-46.21,-1.8338],[-46.2806,-2.1529],[-46.4323,-2.2398],[-46.4163,-2.5294],[-46.6639,-2.6942],[-46.5758,-2.8414],[-46.6796,-2.8818],[-46.6798,-3.0936],[-47.0381,-3.5618],[-47.0881,-3.8555],[-47.3188,-4.0469],[-47.3724,-4.2448],[-47.6111,-4.5564],[-47.7899,-4.5855],[-48.7551,-5.3492],[-48.5913,-5.4218],[-48.3847,-5.3942],[-48.1381,-5.6027],[-48.1743,-5.7092],[-48.2945,-5.7567],[-48.2316,-5.9462],[-48.3347,-6.0043],[-48.2921,-6.1041],[-48.4319,-6.1773],[-48.3826,-6.3796],[-48.5002,-6.3509],[-48.6131,-6.4537],[-48.6648,-6.6628],[-49.2094,-6.9254],[-49.1852,-7.2352],[-49.384,-7.5435],[-49.1505,-7.8022],[-49.2158,-8.1942],[-49.5924,-8.8395],[-49.745,-8.9062],[-50.0377,-9.2894],[-50.0895,-9.5457],[-50.139,-9.6275],[-50.151,-9.6956],[-50.1978,-9.7588],[-50.2176,-9.8346],[-50.2272,-9.8456],[-56.761,-9.405],[-56.82,-9.2464],[-57.0578,-9.1842],[-57.0392,-9.0983],[-57.1928,-8.9301],[-57.5929,-8.7565],[-57.6868,-8.4141],[-57.6454,-8.2089],[-57.8288,-7.9729],[-57.8981,-7.676],[-58.1699,-7.3132],[-58.2095,-7.1343],[-58.4628,-6.8373],[-58.4651,-6.6701],[-58.2625,-6.4689],[-56.4021,-2.4566],[-56.4655,-2.4231],[-56.0975,-2.0372],[-56.679,-2.2126],[-56.7685,-2.1658],[-56.7345,-2.022],[-57.0371,-1.9116],[-57.1648,-1.7209],[-57.3926,-1.7231],[-57.9603,-1.4016],[-58.0175,-1.1062],[-58.1626,-1.2297],[-58.43,-1.0271],[-58.436,-0.8835],[-58.7051,-0.679],[-58.7252,-0.4422],[-58.872,-0.343],[-58.8954,1.2288],[-58.7955,1.177],[-58.6961,1.2883],[-58.5142,1.2598],[-58.4978,1.458],[-58.3821,1.4706],[-58.3186,1.5936],[-58.0079,1.5023],[-57.9994,1.667],[-57.555,1.697],[-57.3024,1.9901],[-57.2474,1.9437],[-57.0852,2.0211],[-57.0116,1.918],[-56.8002,1.8639],[-56.4537,1.9446],[-55.9725,1.8372],[-55.9119,2.0421],[-56.1331,2.2642],[-55.9813,2.5228],[-55.7389,2.4012],[-55.3702,2.4075],[-55.3195,2.5241],[-54.9431,2.6017]]]]}},{"type":"Feature","id":"PB","properties":{"name":"PB","sigla":"PB","uf":"PB"},"geometry":{"type":"MultiPolygon","coordinates":[[[[-42.8787,-9.2984],[-42.7819,-9.2852],[-42.775,-9.3657],[-43.0121,-9.408],[-43.0088,-9.144],[-42.8787,-9.2984]]],[[[-34.8076,-7.2432],[-34.8054,-7.244],[-34.8063,-7.2457],[-34.8076,-7.2432]]],[[[-34.8915,-7.0907],[-34.8876,-7.0901],[-34.8915,-7.0918],[-34.8915,-7.0907]]],[[[-34.869,-7.0229],[-34.8662,-7.0226],[-34.869,-7.0271],[-34.869,-7.0229]]],[[[-37.231,-6.0288],[-37.1568,-6.1525],[-37.3772,-6.3444],[-37.4846,-6.71],[-37.2836,-6.6939],[-37.255,-6.8111],[-37.1386,-6.7862],[-37.0106,-6.8744],[-36.8349,-6.7311],[-36.7301,-6.8364],[-36.7184,-6.9827],[-36.5068,-6.813],[-36.5244,-6.5997],[-36.4357,-6.6259],[-36.529,-6.4471],[-36.3944,-6.294],[-36.2797,-6.3089],[-36.2496,-6.4374],[-36.0799,-6.4052],[-35.9775,-6.4889],[-35.6582,-6.446],[-35.1701,-6.5584],[-34.9708,-6.4854],[-34.8468,-6.9874],[-34.9046,-7.0649],[-34.8646,-7.0271],[-34.9085,-7.1187],[-34.8601,-7.0621],[-34.8307,-6.966],[-34.7929,-7.154],[-34.8085,-7.2412],[-34.8037,-7.4715],[-34.8249,-7.5485],[-34.9605,-7.5388],[-35.077,-7.3972],[-35.4792,-7.4451],[-35.5326,-7.6548],[-35.9979,-7.8133],[-36.2165,-7.7641],[-36.2584,-7.8309],[-36.4239,-7.8158],[-36.4447,-7.9153],[-36.6111,-7.9482],[-36.6285,-8.1111],[-36.991,-8.303],[-37.1635,-8.1658],[-37.1926,-7.9606],[-37.3558,-7.9749],[-37.1518,-7.7799],[-37.1678,-7.5819],[-36.9841,-7.4821],[-37.2328,-7.2751],[-37.4964,-7.3663],[-37.7387,-7.6602],[-37.8584,-7.6536],[-38.077,-7.8306],[-38.164,-7.7799],[-38.2867,-7.8302],[-38.3574,-7.6772],[-38.5935,-7.7544],[-38.7182,-7.6094],[-38.5345,-7.2938],[-38.6878,-7.1902],[-38.6698,-7.0477],[-38.7651,-6.9109],[-38.6173,-6.794],[-38.6766,-6.7035],[-38.5697,-6.4549],[-38.4513,-6.3929],[-38.2886,-6.5056],[-38.1478,-6.4915],[-38.1273,-6.5973],[-37.9664,-6.614],[-38.0136,-6.4274],[-37.7576,-6.2908],[-37.7491,-6.1938],[-37.231,-6.0288]]]]}},{"type":"Feature","id":"PR","properties":{"name":"PR","sigla":"PR","uf":"PR"},"geometry":{"type":"MultiPolygon","coordinates":[[[[-48.6371,-25.8687],[-48.6282,-25.8693],[-48.6379,-25.8704],[-48.6371,-25.8687]]],[[[-48.7093,-25.8671],[-48.7065,-25.8665],[-48.7018,-25.8676],[-48.7093,-25.8671]]],[[[-48.6637,-25.8638],[-48.6576,-25.8638],[-48.6579,-25.864],[-48.6637,-25.8638]]],[[[-48.6518,-25.8635],[-48.6496,-25.8643],[-48.6518,-25.864],[-48.6518,-25.8635]]],[[[-48.6679,-25.8613],[-48.664,-25.8615],[-48.6685,-25.8621],[-48.6679,-25.8613]]],[[[-48.6929,-25.8615],[-48.6876,-25.8582],[-48.686,-25.859],[-48.6929,-25.8615]]],[[[-48.5976,-25.8615],[-48.576,-25.8562],[-48.5776,-25.8593],[-48.5976,-25.8615]]],[[[-48.6274,-25.859],[-48.6221,-25.8554],[-48.6138,-25.8613],[-48.6274,-25.859]]],[[[-48.6188,-25.8535],[-48.6146,-25.8546],[-48.619,-25.8549],[-48.6188,-25.8535]]],[[[-48.6079,-25.8529],[-48.6049,-25.8529],[-48.6054,-25.8551],[-48.6079,-25.8529]]],[[[-48.614,-25.844],[-48.6118,-25.8454],[-48.6143,-25.8446],[-48.614,-25.844]]],[[[-48.5935,-25.8357],[-48.5812,-25.8293],[-48.5799,-25.8374],[-48.5935,-25.8357]]],[[[-48.5849,-25.8526],[-48.5951,-25.8363],[-48.5829,-25.8401],[-48.5849,-25.8526]]],[[[-48.3671,-25.7354],[-48.3638,-25.7365],[-48.3662,-25.7374],[-48.3671,-25.7354]]],[[[-48.3196,-25.5835],[-48.3226,-25.5865],[-48.3237,-25.5837],[-48.3196,-25.5835]]],[[[-48.4154,-25.546],[-48.4149,-25.5474],[-48.4168,-25.5479],[-48.4154,-25.546]]],[[[-48.4382,-25.5474],[-48.4362,-25.5457],[-48.4351,-25.5471],[-48.4382,-25.5474]]],[[[-48.3046,-25.5418],[-48.2988,-25.5663],[-48.3199,-25.5743],[-48.3046,-25.5418]]],[[[-48.2854,-25.5174],[-48.2812,-25.5171],[-48.2812,-25.5201],[-48.2854,-25.5174]]],[[[-48.4896,-25.516],[-48.4857,-25.5149],[-48.4837,-25.5176],[-48.4896,-25.516]]],[[[-48.4624,-25.5151],[-48.4132,-25.5193],[-48.4054,-25.5404],[-48.4624,-25.5151]]],[[[-48.611,-25.509],[-48.6087,-25.5104],[-48.6101,-25.511],[-48.611,-25.509]]],[[[-48.4696,-25.5276],[-48.4718,-25.5035],[-48.4626,-25.519],[-48.4165,-25.5468],[-48.4696,-25.5276]]],[[[-48.3763,-25.5143],[-48.3182,-25.4974],[-48.3085,-25.5368],[-48.3763,-25.5143]]],[[[-48.7065,-25.4957],[-48.701,-25.4932],[-48.7001,-25.4974],[-48.7065,-25.4957]]],[[[-48.6501,-25.4982],[-48.6376,-25.4976],[-48.6385,-25.5021],[-48.6501,-25.4982]]],[[[-48.5835,-25.4829],[-48.5812,-25.4835],[-48.5812,-25.4846],[-48.5835,-25.4829]]],[[[-48.4346,-25.4846],[-48.4276,-25.4826],[-48.4301,-25.4893],[-48.4346,-25.4846]]],[[[-48.5843,-25.479],[-48.5815,-25.4804],[-48.5818,-25.4812],[-48.5843,-25.479]]],[[[-48.5724,-25.4715],[-48.5699,-25.4699],[-48.5699,-25.4713],[-48.5724,-25.4715]]],[[[-48.5749,-25.466],[-48.5732,-25.4679],[-48.5754,-25.4668],[-48.5749,-25.466]]],[[[-48.6635,-25.444],[-48.6529,-25.4449],[-48.6635,-25.4479],[-48.6635,-25.444]]],[[[-48.7015,-25.4249],[-48.699,-25.4243],[-48.6999,-25.4251],[-48.7015,-25.4249]]],[[[-48.7185,-25.414],[-48.7151,-25.4149],[-48.7193,-25.4149],[-48.7185,-25.414]]],[[[-48.6649,-25.4149],[-48.6635,-25.4321],[-48.6799,-25.4274],[-48.6788,-25.4182],[-48.6649,-25.4149]]],[[[-48.469,-25.409],[-48.4629,-25.4093],[-48.4665,-25.4124],[-48.469,-25.409]]],[[[-48.7304,-25.414],[-48.7165,-25.4079],[-48.7168,-25.4115],[-48.7304,-25.414]]],[[[-48.7287,-25.399],[-48.7262,-25.399],[-48.7254,-25.4018],[-48.7287,-25.399]]],[[[-48.3296,-25.384],[-48.3257,-25.3862],[-48.3307,-25.389],[-48.3296,-25.384]]],[[[-48.3204,-25.3671],[-48.3182,-25.3701],[-48.3213,-25.3679],[-48.3204,-25.3671]]],[[[-48.2324,-25.3657],[-48.2304,-25.3685],[-48.2315,-25.3687],[-48.2324,-25.3657]]],[[[-48.2293,-25.3635],[-48.2254,-25.366],[-48.229,-25.3774],[-48.2293,-25.3635]]],[[[-48.0382,-25.3565],[-48.0351,-25.3571],[-48.0376,-25.3582],[-48.0382,-25.3565]]],[[[-48.2351,-25.3532],[-48.231,-25.3549],[-48.2324,-25.3587],[-48.2351,-25.3532]]],[[[-48.3437,-25.4126],[-48.2421,-25.3501],[-48.2649,-25.4257],[-48.2515,-25.466],[-48.3021,-25.4879],[-48.3437,-25.4126]]],[[[-48.3954,-25.3374],[-48.3851,-25.3463],[-48.4012,-25.3499],[-48.3954,-25.3374]]],[[[-48.2788,-25.3307],[-48.2668,-25.3371],[-48.2799,-25.3368],[-48.2788,-25.3307]]],[[[-48.259,-25.3285],[-48.2551,-25.3293],[-48.2588,-25.3299],[-48.259,-25.3285]]],[[[-48.4271,-25.3538],[-48.3957,-25.3362],[-48.4162,-25.3854],[-48.4271,-25.3538]]],[[[-48.3946,-25.3237],[-48.3862,-25.3229],[-48.3857,-25.3263],[-48.3946,-25.3237]]],[[[-48.184,-25.2954],[-48.1776,-25.2962],[-48.1843,-25.2971],[-48.184,-25.2954]]],[[[-48.196,-25.2918],[-48.1874,-25.2938],[-48.1949,-25.2979],[-48.196,-25.2918]]],[[[-48.1857,-25.2904],[-48.1821,-25.2915],[-48.1857,-25.2918],[-48.1857,-25.2904]]],[[[-48.1715,-25.2904],[-48.1568,-25.2929],[-48.1768,-25.2962],[-48.1715,-25.2904]]],[[[-48.4263,-25.2843],[-48.4232,-25.2824],[-48.4199,-25.2846],[-48.4263,-25.2843]]],[[[-48.4271,-25.2774],[-48.4243,-25.2746],[-48.4215,-25.2782],[-48.4271,-25.2774]]],[[[-48.4162,-25.2687],[-48.4151,-25.2638],[-48.411,-25.2649],[-48.4099,-25.2676],[-48.4162,-25.2687]]],[[[-48.3474,-25.2632],[-48.3351,-25.2696],[-48.3488,-25.271],[-48.3474,-25.2632]]],[[[-48.3371,-25.2518],[-48.3413,-25.2526],[-48.3368,-25.2507],[-48.3371,-25.2518]]],[[[-48.3354,-25.2496],[-48.3324,-25.2515],[-48.3351,-25.2515],[-48.3354,-25.2496]]],[[[-48.4249,-25.2488],[-48.4218,-25.2471],[-48.4226,-25.2499],[-48.4249,-25.2488]]],[[[-48.6035,-25.8001],[-48.7212,-25.869],[-48.6599,-25.8821],[-48.5643,-25.8635],[-48.6008,-25.9803],[-49.1752,-26.0018],[-49.555,-26.2373],[-49.8655,-26.0351],[-50.1718,-26.0252],[-50.1257,-26.2043],[-50.2846,-26.3089],[-50.3715,-26.0802],[-50.5717,-26.0038],[-50.7185,-26.2448],[-50.8991,-26.289],[-51.08,-26.2282],[-51.243,-26.3247],[-51.2987,-26.4199],[-51.2286,-26.616],[-51.4115,-26.7173],[-51.4942,-26.5896],[-51.8736,-26.6002],[-52.1856,-26.4454],[-52.7377,-26.3422],[-53.0906,-26.3905],[-53.2815,-26.2465],[-53.5516,-26.2927],[-53.8366,-25.9658],[-53.8898,-25.6224],[-54.0154,-25.5662],[-54.1004,-25.6225],[-54.1147,-25.5021],[-54.1833,-25.5883],[-54.3867,-25.6047],[-54.4331,-25.703],[-54.5956,-25.5921],[-54.616,-25.4562],[-54.436,-25.1545],[-54.2592,-24.3605],[-54.328,-24.1281],[-54.0998,-23.9465],[-53.9828,-23.46],[-53.7306,-23.3177],[-53.6074,-22.9513],[-52.9724,-22.5705],[-52.7012,-22.6275],[-52.5867,-22.5665],[-52.2234,-22.6743],[-52.1076,-22.5167],[-51.7181,-22.669],[-51.2637,-22.669],[-50.8908,-22.7958],[-50.7415,-22.9614],[-50.6622,-22.8957],[-50.1833,-22.9538],[-49.9861,-22.8975],[-49.9115,-23.0511],[-49.727,-23.1084],[-49.5676,-23.4268],[-49.6291,-23.5122],[-49.5498,-23.7037],[-49.6107,-23.8517],[-49.2007,-24.3445],[-49.3053,-24.6726],[-48.5818,-24.6716],[-48.4993,-24.739],[-48.599,-25.0063],[-48.5563,-25.0843],[-48.411,-24.9801],[-48.3336,-25.0706],[-48.2516,-24.9787],[-48.1871,-25.1989],[-48.0235,-25.231],[-48.2301,-25.4696],[-48.2543,-25.4257],[-48.2204,-25.3782],[-48.2254,-25.3374],[-48.209,-25.3485],[-48.2082,-25.3182],[-48.181,-25.3276],[-48.1885,-25.3026],[-48.1376,-25.2901],[-48.1296,-25.269],[-48.2871,-25.2924],[-48.3171,-25.3651],[-48.3268,-25.2346],[-48.3796,-25.2807],[-48.341,-25.2988],[-48.3501,-25.3213],[-48.4271,-25.2268],[-48.4276,-25.3237],[-48.5021,-25.3296],[-48.4346,-25.3515],[-48.471,-25.391],[-48.4671,-25.4276],[-48.4129,-25.4215],[-48.474,-25.4807],[-48.5271,-25.451],[-48.639,-25.4662],[-48.664,-25.3838],[-48.7399,-25.364],[-48.7335,-25.4129],[-48.6785,-25.4551],[-48.7379,-25.4782],[-48.7088,-25.4996],[-48.3485,-25.5735],[-48.5351,-25.8529],[-48.6035,-25.8001]]]]}},{"type":"Feature","id":"PE","properties":{"name":"PE","sigla":"PE","uf":"PE"},"geometry":{"type":"MultiPolygon","coordinates":[[[[-35.1399,-8.8426],[-35.1354,-8.8476],[-35.1371,-8.8476],[-35.1399,-8.8426]]],[[[-35.0249,-8.6132],[-35.0201,-8.6112],[-35.0204,-8.6149],[-35.0249,-8.6132]]],[[[-34.9696,-8.3935],[-34.9657,-8.3937],[-34.9657,-8.394],[-34.9696,-8.3935]]],[[[-34.9843,-8.386],[-34.9699,-8.3832],[-34.9721,-8.3904],[-34.9843,-8.386]]],[[[-34.9682,-8.3826],[-34.9565,-8.3768],[-34.961,-8.3849],[-34.9682,-8.3826]]],[[[-34.9457,-8.3624],[-34.956,-8.3879],[-34.9585,-8.3912],[-34.9457,-8.3624]]],[[[-34.8643,-7.8918],[-34.8576,-7.8946],[-34.8649,-7.8949],[-34.8643,-7.8918]]],[[[-34.8765,-7.8179],[-34.8732,-7.8187],[-34.8735,-7.8193],[-34.8765,-7.8179]]],[[[-34.8407,-7.8162],[-34.8374,-7.8171],[-34.841,-7.8168],[-34.8407,-7.8162]]],[[[-34.8613,-7.7038],[-34.8599,-7.706],[-34.8613,-7.7074],[-34.8613,-7.7038]]],[[[-34.859,-7.7004],[-34.8568,-7.7024],[-34.859,-7.7057],[-34.859,-7.7004]]],[[[-34.8563,-7.6951],[-34.8543,-7.6951],[-34.856,-7.6982],[-34.8563,-7.6951]]],[[[-34.8624,-7.7135],[-34.8354,-7.8071],[-34.8821,-7.8079],[-34.884,-7.7713],[-34.8618,-7.7279],[-34.8624,-7.7135]]],[[[-37.2759,-7.2751],[-36.9841,-7.4821],[-37.1678,-7.5819],[-37.1518,-7.7799],[-37.3558,-7.9749],[-37.1926,-7.9606],[-37.1635,-8.1658],[-36.991,-8.303],[-36.6285,-8.1111],[-36.6111,-7.9482],[-36.4447,-7.9153],[-36.4239,-7.8158],[-36.2584,-7.8309],[-36.2165,-7.7641],[-35.9979,-7.8133],[-35.5326,-7.6548],[-35.4792,-7.4451],[-35.077,-7.3972],[-34.9605,-7.5388],[-34.8371,-7.5457],[-34.8088,-7.6301],[-34.846,-7.6846],[-34.8787,-7.6068],[-34.9046,-7.7249],[-34.8657,-7.7149],[-34.8929,-7.7935],[-34.8882,-7.809],[-34.8638,-7.8174],[-34.8763,-7.8157],[-34.8921,-7.8268],[-34.8946,-7.8224],[-34.8968,-7.8215],[-34.8982,-7.8226],[-34.8949,-7.8307],[-34.844,-7.8221],[-34.8771,-7.8932],[-34.8501,-7.9085],[-34.8368,-7.8432],[-34.8243,-7.9465],[-34.9546,-8.2357],[-34.9393,-8.3512],[-34.9882,-8.3524],[-35.0068,-8.5624],[-35.1249,-8.6693],[-35.079,-8.7104],[-35.1421,-8.8268],[-35.1518,-8.9096],[-35.4674,-8.815],[-35.7482,-8.9171],[-35.896,-8.8543],[-36.1267,-8.956],[-36.1113,-9.0177],[-36.2667,-9.1024],[-36.2241,-9.1713],[-36.6041,-9.341],[-36.8717,-9.2687],[-36.9083,-9.3937],[-37.1061,-9.2398],[-37.2342,-9.2402],[-37.4902,-8.9659],[-37.6987,-8.9925],[-37.7602,-8.8576],[-37.9793,-9.1484],[-38.2374,-9.3297],[-38.2963,-9.0229],[-38.4833,-9.0015],[-38.4798,-8.8501],[-38.5712,-8.8316],[-38.6406,-8.9873],[-38.7987,-8.7928],[-39.2252,-8.711],[-39.285,-8.5653],[-39.3837,-8.5336],[-39.6911,-8.6623],[-39.6918,-8.7972],[-39.8946,-8.8317],[-39.958,-9.0486],[-40.1287,-9.1096],[-40.2507,-9.0605],[-40.335,-9.3539],[-40.6231,-9.4829],[-40.7767,-9.4544],[-40.6674,-9.1591],[-40.8199,-9.0804],[-40.9213,-8.8355],[-41.0212,-8.8436],[-41.1136,-8.704],[-41.2815,-8.7361],[-41.3583,-8.7076],[-40.5897,-8.138],[-40.5398,-7.8553],[-40.6735,-7.7617],[-40.6444,-7.6078],[-40.7147,-7.4877],[-40.5484,-7.3927],[-40.2464,-7.4337],[-39.6625,-7.3106],[-39.3172,-7.5415],[-39.3068,-7.6651],[-39.1356,-7.7234],[-39.0912,-7.8582],[-38.965,-7.8448],[-38.715,-7.6219],[-38.5935,-7.7544],[-38.3574,-7.6772],[-38.2867,-7.8302],[-38.164,-7.7799],[-38.077,-7.8306],[-37.8584,-7.6536],[-37.7387,-7.6602],[-37.4964,-7.3663],[-37.2759,-7.2751]]]]}},{"type":"Feature","id":"PI","properties":{"name":"PI","sigla":"PI","uf":"PI"},"geometry":{"type":"Polygon","coordinates":[[[-41.8168,-2.7437],[-41.6593,-2.8799],[-41.3209,-2.9182],[-41.2571,-3.0047],[-41.4235,-3.368],[-41.2992,-3.491],[-41.3712,-3.5678],[-41.3417,-3.6808],[-41.2394,-3.7126],[-41.3008,-3.8263],[-41.2202,-3.9415],[-41.2546,-4.0358],[-41.1142,-4.0407],[-41.0826,-4.1896],[-41.2425,-4.5715],[-41.1742,-4.6675],[-41.2491,-4.8691],[-40.9252,-5.1821],[-40.9071,-6.0418],[-40.7319,-6.6541],[-40.3705,-6.8031],[-40.5484,-7.3927],[-40.7132,-7.4733],[-40.6735,-7.7617],[-40.5398,-7.8553],[-40.5897,-8.138],[-40.9267,-8.4462],[-41.0001,-8.4007],[-41.2173,-8.6455],[-41.3989,-8.705],[-41.5445,-8.9606],[-41.7236,-9.0136],[-41.8379,-9.2423],[-42.2064,-9.2928],[-42.2082,-9.1943],[-42.4429,-9.4574],[-42.72,-9.5312],[-42.7651,-9.6168],[-42.9628,-9.4571],[-42.775,-9.3657],[-42.7819,-9.2852],[-42.8787,-9.2984],[-42.9938,-9.1372],[-43.0121,-9.408],[-43.2787,-9.4246],[-43.4854,-9.2653],[-43.8496,-9.5481],[-43.7849,-9.7624],[-43.6532,-9.8391],[-43.709,-9.9132],[-43.6622,-10.0043],[-44.1302,-10.633],[-44.3356,-10.549],[-44.5777,-10.6268],[-44.9312,-10.9288],[-45.248,-10.822],[-45.4341,-10.6254],[-45.3964,-10.4469],[-45.5932,-10.1103],[-45.7937,-10.2677],[-45.9463,-10.2586],[-45.7838,-9.4801],[-45.9022,-9.3179],[-45.9607,-8.8189],[-45.7656,-8.6096],[-45.394,-7.613],[-44.9244,-7.4703],[-44.8167,-7.3612],[-44.6879,-7.3945],[-44.564,-7.2275],[-44.3062,-7.1172],[-44.0333,-6.7604],[-43.7112,-6.6995],[-43.42,-6.8438],[-43.0011,-6.7545],[-42.9197,-6.6703],[-42.8293,-6.3374],[-43.0749,-6.0547],[-43.099,-5.6332],[-42.8263,-5.347],[-42.7979,-5.1832],[-42.9502,-4.7884],[-42.8504,-4.4814],[-42.9891,-4.2341],[-42.7262,-3.91],[-42.6757,-3.6756],[-42.4983,-3.4478],[-42.2043,-3.4358],[-42.1158,-3.2623],[-41.939,-3.1874],[-41.7967,-2.9666],[-41.8654,-2.8749],[-41.8168,-2.7437]]]}},{"type":"Feature","id":"RJ","properties":{"name":"RJ","sigla":"RJ","uf":"RJ"},"geometry":{"type":"MultiPolygon","coordinates":[[[[-44.6729,-23.3551],[-44.6707,-23.3557],[-44.6726,-23.3571],[-44.6729,-23.3551]]],[[[-44.5701,-23.3485],[-44.5682,-23.3513],[-44.5707,-23.3529],[-44.5701,-23.3485]]],[[[-44.6318,-23.2735],[-44.6296,-23.2735],[-44.6301,-23.2746],[-44.6318,-23.2735]]],[[[-44.5693,-23.266],[-44.5721,-23.266],[-44.5687,-23.2646],[-44.5693,-23.266]]],[[[-44.6471,-23.2271],[-44.6338,-23.226],[-44.6501,-23.2318],[-44.6471,-23.2271]]],[[[-44.5582,-23.2224],[-44.556,-23.2237],[-44.5576,-23.224],[-44.5582,-23.2224]]],[[[-44.6932,-23.2157],[-44.6901,-23.2179],[-44.6924,-23.2185],[-44.6932,-23.2157]]],[[[-44.1624,-23.2229],[-44.1488,-23.2232],[-44.1618,-23.2271],[-44.1624,-23.2229]]],[[[-44.3596,-23.2124],[-44.3574,-23.2149],[-44.361,-23.2151],[-44.3596,-23.2124]]],[[[-44.5849,-23.2101],[-44.584,-23.2121],[-44.5854,-23.2112],[-44.5849,-23.2101]]],[[[-44.6054,-23.2151],[-44.594,-23.2168],[-44.6215,-23.2235],[-44.6054,-23.2151]]],[[[-44.5846,-23.1996],[-44.5788,-23.2024],[-44.5838,-23.2026],[-44.5846,-23.1996]]],[[[-44.5749,-23.1957],[-44.5721,-23.1965],[-44.574,-23.1968],[-44.5749,-23.1957]]],[[[-44.6085,-23.1951],[-44.6065,-23.1963],[-44.6082,-23.1968],[-44.6085,-23.1951]]],[[[-44.6235,-23.1899],[-44.621,-23.1907],[-44.6243,-23.1921],[-44.6235,-23.1899]]],[[[-44.5779,-23.186],[-44.5732,-23.1887],[-44.5765,-23.1899],[-44.5779,-23.186]]],[[[-44.1835,-23.1829],[-44.1793,-23.1846],[-44.184,-23.184],[-44.1835,-23.1829]]],[[[-44.6599,-23.1868],[-44.6563,-23.1832],[-44.6571,-23.1887],[-44.6599,-23.1868]]],[[[-44.6846,-23.1776],[-44.6818,-23.1787],[-44.6832,-23.1793],[-44.6846,-23.1776]]],[[[-44.6782,-23.1696],[-44.6768,-23.1724],[-44.6787,-23.1724],[-44.6782,-23.1696]]],[[[-44.6665,-23.161],[-44.6615,-23.1607],[-44.6657,-23.1635],[-44.6665,-23.161]]],[[[-44.6951,-23.1565],[-44.6815,-23.1576],[-44.6929,-23.1699],[-44.6951,-23.1565]]],[[[-44.1088,-23.1385],[-44.1085,-23.1426],[-44.1101,-23.1426],[-44.1088,-23.1385]]],[[[-44.6874,-23.129],[-44.684,-23.1299],[-44.6868,-23.1313],[-44.6874,-23.129]]],[[[-44.6793,-23.1254],[-44.6776,-23.126],[-44.6793,-23.1271],[-44.6793,-23.1254]]],[[[-44.6779,-23.1112],[-44.6732,-23.1129],[-44.6779,-23.1149],[-44.6779,-23.1112]]],[[[-44.681,-23.1093],[-44.6787,-23.109],[-44.679,-23.1104],[-44.681,-23.1093]]],[[[-44.6862,-23.1079],[-44.6888,-23.1085],[-44.686,-23.106],[-44.6862,-23.1079]]],[[[-44.1199,-23.0982],[-44.1185,-23.0996],[-44.1215,-23.101],[-44.1199,-23.0982]]],[[[-44.6738,-23.0982],[-44.6701,-23.0982],[-44.6735,-23.0993],[-44.6738,-23.0982]]],[[[-44.6846,-23.0868],[-44.6832,-23.0882],[-44.6851,-23.089],[-44.6846,-23.0868]]],[[[-44.5951,-23.0857],[-44.5932,-23.0876],[-44.5954,-23.0893],[-44.5951,-23.0857]]],[[[-44.3129,-23.0854],[-44.3121,-23.0874],[-44.3135,-23.0865],[-44.3129,-23.0854]]],[[[-44.2438,-23.0846],[-44.2404,-23.0843],[-44.2404,-23.0868],[-44.2438,-23.0846]]],[[[-44.3324,-23.0843],[-44.3293,-23.0871],[-44.3321,-23.0871],[-44.3324,-23.0843]]],[[[-43.5638,-23.081],[-43.5593,-23.0813],[-43.5624,-23.0832],[-43.5638,-23.081]]],[[[-44.2496,-23.1099],[-44.0907,-23.174],[-44.3049,-23.1785],[-44.3332,-23.2237],[-44.3482,-23.2265],[-44.3776,-23.1718],[-44.2829,-23.1363],[-44.2496,-23.1099]]],[[[-43.2015,-23.0746],[-43.1979,-23.0735],[-43.1985,-23.0763],[-43.2015,-23.0746]]],[[[-44.2543,-23.0699],[-44.2518,-23.0721],[-44.2557,-23.071],[-44.2543,-23.0699]]],[[[-44.396,-23.0693],[-44.3935,-23.0718],[-44.3954,-23.0726],[-44.396,-23.0693]]],[[[-44.6418,-23.0679],[-44.6396,-23.0743],[-44.6451,-23.0749],[-44.6418,-23.0679]]],[[[-44.6335,-23.069],[-44.6288,-23.071],[-44.6315,-23.0724],[-44.6335,-23.069]]],[[[-43.1999,-23.0713],[-43.1912,-23.0701],[-43.1926,-23.0749],[-43.1999,-23.0713]]],[[[-44.6037,-23.0668],[-44.6024,-23.0693],[-44.6046,-23.0682],[-44.6037,-23.0668]]],[[[-44.5968,-23.0654],[-44.5949,-23.0674],[-44.5971,-23.0668],[-44.5968,-23.0654]]],[[[-44.4121,-23.0629],[-44.4096,-23.0637],[-44.4118,-23.064],[-44.4121,-23.0629]]],[[[-43.5135,-23.0618],[-43.5076,-23.0646],[-43.514,-23.0663],[-43.5135,-23.0618]]],[[[-44.6293,-23.0613],[-44.6263,-23.0618],[-44.6288,-23.0632],[-44.6293,-23.0613]]],[[[-43.1485,-23.0663],[-43.1426,-23.0637],[-43.1424,-23.0665],[-43.1485,-23.0663]]],[[[-44.4188,-23.0574],[-44.414,-23.0604],[-44.4196,-23.0604],[-44.4188,-23.0574]]],[[[-44.3182,-23.059],[-44.3096,-23.0607],[-44.3196,-23.0618],[-44.3182,-23.059]]],[[[-44.624,-23.0574],[-44.619,-23.0587],[-44.6237,-23.0604],[-44.624,-23.0574]]],[[[-44.6093,-23.0613],[-44.6004,-23.0568],[-44.6087,-23.0646],[-44.6093,-23.0613]]],[[[-44.5646,-23.0632],[-44.5518,-23.0574],[-44.5643,-23.0688],[-44.5646,-23.0632]]],[[[-44.4046,-23.0551],[-44.4015,-23.0576],[-44.404,-23.0582],[-44.4046,-23.0551]]],[[[-44.3176,-23.0538],[-44.3149,-23.056],[-44.3179,-23.0549],[-44.3176,-23.0538]]],[[[-44.3349,-23.0538],[-44.3321,-23.0554],[-44.3335,-23.056],[-44.3349,-23.0538]]],[[[-44.5626,-23.0515],[-44.5599,-23.0532],[-44.5632,-23.0529],[-44.5626,-23.0515]]],[[[-44.1393,-23.0424],[-44.1362,-23.0438],[-44.1393,-23.044],[-44.1393,-23.0424]]],[[[-44.5021,-23.0482],[-44.4938,-23.0532],[-44.5037,-23.0549],[-44.5021,-23.0482]]],[[[-44.3954,-23.0393],[-44.3921,-23.0418],[-44.3963,-23.0421],[-44.3954,-23.0393]]],[[[-43.1424,-23.0399],[-43.1404,-23.041],[-43.1415,-23.0418],[-43.1424,-23.0399]]],[[[-44.3429,-23.0376],[-44.3415,-23.0401],[-44.344,-23.0393],[-44.3429,-23.0376]]],[[[-44.1621,-23.0407],[-44.1582,-23.0393],[-44.1585,-23.0421],[-44.1621,-23.0407]]],[[[-44.1293,-23.0429],[-44.1254,-23.0371],[-44.1237,-23.041],[-44.1293,-23.0429]]],[[[-43.3079,-23.0371],[-43.3029,-23.0393],[-43.3085,-23.0387],[-43.3079,-23.0371]]],[[[-44.5196,-23.0362],[-44.516,-23.0371],[-44.521,-23.0387],[-44.5196,-23.0362]]],[[[-44.4004,-23.0346],[-44.3982,-23.0371],[-44.401,-23.0365],[-44.4004,-23.0346]]],[[[-44.4132,-23.0338],[-44.4115,-23.0354],[-44.4126,-23.0357],[-44.4132,-23.0338]]],[[[-44.3918,-23.0451],[-44.3465,-23.0396],[-44.346,-23.0693],[-44.3918,-23.0451]]],[[[-43.3013,-23.031],[-43.2985,-23.0349],[-43.3018,-23.0335],[-43.3013,-23.031]]],[[[-44.4818,-23.0299],[-44.4804,-23.031],[-44.4832,-23.0321],[-44.4818,-23.0299]]],[[[-43.6071,-23.0293],[-43.6049,-23.0338],[-43.6068,-23.0321],[-43.6118,-23.0312],[-43.6071,-23.0293]]],[[[-43.279,-23.0299],[-43.2751,-23.0307],[-43.2785,-23.0321],[-43.279,-23.0299]]],[[[-44.4032,-23.0265],[-44.401,-23.0318],[-44.4043,-23.0332],[-44.4032,-23.0265]]],[[[-44.3343,-23.0263],[-44.3293,-23.0276],[-44.3338,-23.0285],[-44.3343,-23.0263]]],[[[-44.2882,-23.0263],[-44.2857,-23.0271],[-44.2876,-23.0279],[-44.2882,-23.0263]]],[[[-43.2062,-23.0254],[-43.201,-23.0279],[-43.206,-23.0276],[-43.2062,-23.0254]]],[[[-43.2088,-23.0404],[-43.191,-23.0301],[-43.1979,-23.0371],[-43.2088,-23.0404]]],[[[-44.3104,-23.0254],[-44.3088,-23.0265],[-44.3101,-23.0276],[-44.3104,-23.0254]]],[[[-43.9546,-23.0257],[-43.951,-23.0246],[-43.9524,-23.0265],[-43.9546,-23.0257]]],[[[-44.1113,-23.0229],[-44.109,-23.0243],[-44.1104,-23.0251],[-44.1113,-23.0229]]],[[[-43.1843,-23.0226],[-43.1821,-23.0229],[-43.1824,-23.024],[-43.1843,-23.0226]]],[[[-42.9251,-23.0235],[-42.9282,-23.0218],[-42.9243,-23.0201],[-42.9251,-23.0235]]],[[[-43.9479,-23.0224],[-43.9451,-23.0249],[-43.9476,-23.0251],[-43.9479,-23.0224]]],[[[-42.9221,-23.0132],[-42.9201,-23.0182],[-42.9243,-23.0196],[-42.9221,-23.0132]]],[[[-42.9096,-23.006],[-42.9068,-23.0079],[-42.9085,-23.0085],[-42.9096,-23.006]]],[[[-43.9554,-23.0063],[-43.9493,-23.0063],[-43.9518,-23.0101],[-43.9554,-23.0063]]],[[[-43.9999,-22.9999],[-44.0001,-23.0001],[-44.0001,-22.9999],[-43.9999,-22.9999]]],[[[-42.9999,-22.9999],[-43.0001,-23.0001],[-43.0001,-22.9999],[-42.9999,-22.9999]]],[[[-44.0532,-23.0074],[-44.029,-22.9982],[-44.0324,-23.0151],[-44.0532,-23.0074]]],[[[-44.4043,-22.9921],[-44.4001,-22.9915],[-44.4004,-22.9929],[-44.4043,-22.9921]]],[[[-43.9124,-22.9924],[-43.9101,-22.9957],[-43.9138,-22.9957],[-43.9124,-22.9924]]],[[[-44.0449,-22.9888],[-44.0401,-22.9885],[-44.0421,-22.991],[-44.0449,-22.9888]]],[[[-43.0887,-22.9876],[-43.0832,-22.989],[-43.089,-22.989],[-43.0887,-22.9876]]],[[[-44.414,-22.9935],[-44.406,-22.994],[-44.4062,-22.9976],[-44.414,-22.9935]]],[[[-43.9374,-22.9982],[-43.9176,-22.9951],[-43.9354,-23.0157],[-43.9374,-22.9982]]],[[[-44.3615,-22.9854],[-44.3613,-22.9874],[-44.3632,-22.9879],[-44.3615,-22.9854]]],[[[-43.0676,-22.9829],[-43.064,-22.9851],[-43.0685,-22.9863],[-43.0676,-22.9829]]],[[[-44.3549,-22.9832],[-44.3521,-22.9851],[-44.3579,-22.9874],[-44.3549,-22.9832]]],[[[-43.9146,-22.9799],[-43.9079,-22.9826],[-43.9151,-22.9832],[-43.9146,-22.9799]]],[[[-44.3307,-22.979],[-44.329,-22.981],[-44.3304,-22.9813],[-44.3307,-22.979]]],[[[-42.0137,-22.9999],[-41.9743,-22.9926],[-42.0018,-23.0179],[-42.0137,-22.9999]]],[[[-44.4068,-22.9796],[-44.3963,-22.9801],[-44.4054,-22.9851],[-44.4068,-22.9796]]],[[[-44.3421,-22.9774],[-44.3396,-22.9788],[-44.3413,-22.9799],[-44.3421,-22.9774]]],[[[-44.3482,-22.9771],[-44.3454,-22.9771],[-44.3482,-22.9788],[-44.3482,-22.9771]]],[[[-44.391,-22.9724],[-44.3876,-22.9735],[-44.3904,-22.9737],[-44.391,-22.9724]]],[[[-44.4235,-22.969],[-44.4149,-22.971],[-44.4249,-22.974],[-44.4235,-22.969]]],[[[-44.3704,-22.9674],[-44.3679,-22.969],[-44.3726,-22.971],[-44.3704,-22.9674]]],[[[-44.3193,-22.9665],[-44.3185,-22.9682],[-44.3196,-22.9679],[-44.3193,-22.9665]]],[[[-41.9938,-22.9638],[-41.9846,-22.9635],[-41.9935,-22.9696],[-41.9938,-22.9638]]],[[[-44.4087,-22.9635],[-44.4062,-22.9626],[-44.4062,-22.9632],[-44.4087,-22.9635]]],[[[-43.1501,-22.9624],[-43.1485,-22.9649],[-43.1501,-22.9668],[-43.1501,-22.9624]]],[[[-44.3443,-22.9621],[-44.3415,-22.9618],[-44.3443,-22.9629],[-44.3443,-22.9621]]],[[[-44.3518,-22.9621],[-44.3468,-22.964],[-44.3518,-22.9651],[-44.3518,-22.9621]]],[[[-43.951,-22.9593],[-43.9468,-22.9615],[-43.9521,-22.9604],[-43.951,-22.9593]]],[[[-43.1054,-22.9562],[-43.1024,-22.9574],[-43.1057,-22.9574],[-43.1054,-22.9562]]],[[[-44.3537,-22.9549],[-44.3515,-22.9543],[-44.3535,-22.9557],[-44.3537,-22.9549]]],[[[-43.8635,-22.9471],[-43.8576,-22.9554],[-43.8646,-22.9562],[-43.8635,-22.9471]]],[[[-43.8665,-22.946],[-43.864,-22.9451],[-43.8643,-22.9465],[-43.8665,-22.946]]],[[[-43.9676,-22.9438],[-43.9651,-22.9438],[-43.9674,-22.946],[-43.9676,-22.9438]]],[[[-43.964,-22.9438],[-43.9618,-22.9454],[-43.9637,-22.9451],[-43.964,-22.9438]]],[[[-44.3451,-22.9387],[-44.3363,-22.9387],[-44.3432,-22.9432],[-44.3451,-22.9387]]],[[[-43.7868,-22.9262],[-43.7837,-22.9282],[-43.7865,-22.929],[-43.7868,-22.9262]]],[[[-43.8665,-22.9251],[-43.8643,-22.9251],[-43.8635,-22.9257],[-43.8665,-22.9251]]],[[[-43.9126,-22.9351],[-43.8737,-22.9485],[-43.9101,-22.9562],[-43.9126,-22.9351]]],[[[-43.8135,-22.9251],[-43.8096,-22.9249],[-43.8129,-22.9265],[-43.8135,-22.9251]]],[[[-41.9893,-22.8926],[-41.976,-22.8993],[-41.9818,-22.9029],[-41.9893,-22.8926]]],[[[-43.2099,-22.8915],[-43.2079,-22.8907],[-43.2079,-22.8926],[-43.2099,-22.8915]]],[[[-43.1979,-22.8882],[-43.1954,-22.8876],[-43.1965,-22.8882],[-43.1979,-22.8882]]],[[[-43.2076,-22.886],[-43.2101,-22.8885],[-43.2101,-22.886],[-43.2076,-22.886]]],[[[-43.1763,-22.8832],[-43.1729,-22.8843],[-43.1768,-22.8849],[-43.1763,-22.8832]]],[[[-41.959,-22.8849],[-41.9613,-22.8835],[-41.9574,-22.8821],[-41.959,-22.8849]]],[[[-41.9393,-22.8768],[-41.9424,-22.8804],[-41.9432,-22.8776],[-41.9393,-22.8768]]],[[[-43.1382,-22.876],[-43.1326,-22.8679],[-43.1287,-22.8738],[-43.1382,-22.876]]],[[[-43.139,-22.8682],[-43.1387,-22.8679],[-43.1379,-22.8685],[-43.139,-22.8682]]],[[[-41.9243,-22.8632],[-41.9176,-22.8654],[-41.9254,-22.8646],[-41.9243,-22.8632]]],[[[-41.946,-22.8635],[-41.9404,-22.8738],[-41.9546,-22.8762],[-41.946,-22.8635]]],[[[-43.1318,-22.8618],[-43.1185,-22.8637],[-43.1312,-22.866],[-43.1318,-22.8618]]],[[[-41.9024,-22.8499],[-41.9035,-22.8604],[-41.9126,-22.8629],[-41.9024,-22.8499]]],[[[-41.894,-22.8435],[-41.8874,-22.8454],[-41.894,-22.8463],[-41.894,-22.8435]]],[[[-43.1749,-22.8387],[-43.174,-22.8379],[-43.1726,-22.8387],[-43.1749,-22.8387]]],[[[-43.1154,-22.8337],[-43.1046,-22.8349],[-43.1074,-22.8407],[-43.1154,-22.8337]]],[[[-43.2604,-22.8257],[-43.2574,-22.8254],[-43.2574,-22.8276],[-43.2604,-22.8257]]],[[[-43.1396,-22.8246],[-43.1404,-22.8232],[-43.1396,-22.8232],[-43.1396,-22.8246]]],[[[-43.1043,-22.8299],[-43.0935,-22.8226],[-43.1018,-22.8299],[-43.1043,-22.8299]]],[[[-43.1535,-22.8196],[-43.1518,-22.8201],[-43.1526,-22.8215],[-43.1535,-22.8196]]],[[[-41.924,-22.8132],[-41.9176,-22.8151],[-41.9179,-22.8176],[-41.924,-22.8132]]],[[[-43.1651,-22.8132],[-43.1613,-22.8118],[-43.161,-22.8154],[-43.1651,-22.8132]]],[[[-43.1224,-22.8046],[-43.1235,-22.8071],[-43.124,-22.806],[-43.1224,-22.8046]]],[[[-43.1188,-22.8024],[-43.1176,-22.8046],[-43.1193,-22.804],[-43.1188,-22.8024]]],[[[-43.1368,-22.8029],[-43.1376,-22.8032],[-43.1362,-22.8015],[-43.1368,-22.8029]]],[[[-43.1113,-22.8015],[-43.1079,-22.8013],[-43.1113,-22.8035],[-43.1113,-22.8015]]],[[[-43.1138,-22.7965],[-43.111,-22.7974],[-43.1132,-22.7976],[-43.1138,-22.7965]]],[[[-43.1512,-22.7868],[-43.1504,-22.7885],[-43.1518,-22.7879],[-43.1512,-22.7868]]],[[[-43.189,-22.7951],[-43.1701,-22.8321],[-43.2674,-22.8107],[-43.189,-22.7951]]],[[[-41.8274,-22.7715],[-41.8193,-22.7718],[-41.8257,-22.7765],[-41.8274,-22.7715]]],[[[-43.1599,-22.7757],[-43.1524,-22.7718],[-43.1518,-22.7746],[-43.1599,-22.7757]]],[[[-41.7938,-22.7696],[-41.784,-22.7704],[-41.7949,-22.7715],[-41.7938,-22.7696]]],[[[-43.1207,-22.7568],[-43.1143,-22.7568],[-43.1201,-22.7587],[-43.1207,-22.7568]]],[[[-43.1129,-22.7538],[-43.1024,-22.7654],[-43.1115,-22.7699],[-43.1129,-22.7538]]],[[[-43.1287,-22.7463],[-43.1265,-22.7479],[-43.1293,-22.7479],[-43.1287,-22.7463]]],[[[-41.9465,-22.7401],[-41.9412,-22.7388],[-41.9412,-22.7401],[-41.9465,-22.7401]]],[[[-41.9246,-22.7215],[-41.9207,-22.7257],[-41.9271,-22.7237],[-41.9246,-22.7215]]],[[[-41.7176,-22.4188],[-41.7118,-22.4196],[-41.7126,-22.4224],[-41.7176,-22.4188]]],[[[-41.7118,-22.4151],[-41.6987,-22.411],[-41.7015,-22.421],[-41.7118,-22.4151]]],[[[-41.6887,-22.3993],[-41.6849,-22.4004],[-41.6896,-22.4024],[-41.6887,-22.3993]]],[[[-41.6982,-22.3999],[-41.6918,-22.4049],[-41.6957,-22.406],[-41.6982,-22.3999]]],[[[-41.0151,-21.619],[-41.0168,-21.6215],[-41.0196,-21.6199],[-41.0151,-21.619]]],[[[-41.0174,-21.6121],[-41.0135,-21.6115],[-41.0143,-21.6138],[-41.0174,-21.6121]]],[[[-41.0443,-21.6079],[-41.0199,-21.606],[-41.0176,-21.6138],[-41.0465,-21.616],[-41.0443,-21.6079]]],[[[-41.0526,-21.5815],[-41.0482,-21.5832],[-41.049,-21.5876],[-41.0526,-21.5815]]],[[[-41.8538,-20.7641],[-41.7124,-20.8716],[-41.7179,-21.1238],[-40.9593,-21.2972],[-41.0738,-21.5112],[-40.974,-21.9657],[-41.1893,-22.1262],[-41.6776,-22.2926],[-41.9624,-22.5346],[-41.9885,-22.7129],[-41.9265,-22.7701],[-41.8737,-22.7371],[-41.8635,-22.7568],[-42.0288,-22.8982],[-42.0124,-22.9974],[-42.3593,-22.9343],[-43.0515,-22.9824],[-43.1354,-22.9387],[-43.0049,-22.7154],[-43.0857,-22.6774],[-43.2785,-22.7801],[-43.2693,-22.819],[-43.2368,-22.861],[-43.2082,-22.8585],[-43.2112,-22.8974],[-43.1576,-22.9126],[-43.1904,-22.991],[-43.4538,-23.0243],[-43.5518,-23.0768],[-43.8588,-23.0726],[-43.5624,-23.0585],[-43.7943,-22.9039],[-43.8521,-22.9152],[-43.8451,-22.8912],[-44.2382,-23.0574],[-44.251,-22.9976],[-44.3593,-23.0235],[-44.3029,-22.9596],[-44.3596,-22.9235],[-44.436,-22.9651],[-44.4249,-22.9982],[-44.4485,-23.0349],[-44.4796,-23.0063],[-44.6874,-23.0763],[-44.7135,-23.2335],[-44.6593,-23.2079],[-44.6437,-23.1854],[-44.6854,-23.2507],[-44.6129,-23.234],[-44.6568,-23.2915],[-44.6474,-23.3012],[-44.5621,-23.2265],[-44.5829,-23.2693],[-44.5021,-23.294],[-44.5857,-23.3601],[-44.641,-23.3321],[-44.7254,-23.3696],[-44.875,-23.2492],[-44.7924,-22.9822],[-44.2713,-22.8312],[-44.1609,-22.6783],[-44.3844,-22.5737],[-44.6357,-22.6089],[-44.804,-22.3938],[-44.4327,-22.2516],[-44.2354,-22.2662],[-43.7659,-22.0629],[-43.2465,-22.007],[-43.0741,-22.0933],[-42.2711,-21.7157],[-42.3689,-21.6196],[-42.2529,-21.4937],[-42.2084,-21.1782],[-42.0804,-21.0357],[-42.1516,-20.9744],[-41.9766,-20.9355],[-41.8538,-20.7641]]]]}},{"type":"Feature","id":"RN","properties":{"name":"RN","sigla":"RN","uf":"RN"},"geometry":{"type":"MultiPolygon","coordinates":[[[[-35.1126,-6.1946],[-35.1099,-6.1954],[-35.1126,-6.1954],[-35.1126,-6.1946]]],[[[-35.1265,-6.191],[-35.1246,-6.1901],[-35.124,-6.1918],[-35.1265,-6.191]]],[[[-36.6051,-5.0899],[-36.5996,-5.0921],[-36.606,-5.0935],[-36.6051,-5.0899]]],[[[-36.4424,-5.0801],[-36.4415,-5.0815],[-36.4435,-5.0818],[-36.4424,-5.0801]]],[[[-36.4621,-5.081],[-36.4599,-5.0799],[-36.4582,-5.0832],[-36.4621,-5.081]]],[[[-36.4735,-5.0699],[-36.4693,-5.0732],[-36.4749,-5.0724],[-36.4735,-5.0699]]],[[[-36.5218,-5.0646],[-36.5179,-5.0701],[-36.5246,-5.0665],[-36.5218,-5.0646]]],[[[-37.1012,-4.9387],[-37.0985,-4.9371],[-37.0996,-4.9396],[-37.1012,-4.9387]]],[[[-37.1618,-4.9351],[-37.1579,-4.9321],[-37.1585,-4.9387],[-37.1618,-4.9351]]],[[[-37.1037,-4.9226],[-37.0849,-4.9315],[-37.0807,-4.9382],[-37.0943,-4.9315],[-37.1218,-4.9354],[-37.1037,-4.9226]]],[[[-37.2515,-4.8324],[-37.1476,-4.9526],[-36.9621,-4.9188],[-36.694,-5.0965],[-36.2882,-5.1262],[-35.979,-5.041],[-35.4868,-5.159],[-35.2607,-5.4815],[-35.096,-6.0571],[-35.1432,-6.214],[-35.036,-6.2357],[-34.969,-6.4879],[-35.1701,-6.5584],[-35.6582,-6.446],[-35.9775,-6.4889],[-36.0799,-6.4052],[-36.2496,-6.4374],[-36.2797,-6.3089],[-36.3944,-6.294],[-36.529,-6.4471],[-36.4357,-6.6259],[-36.5244,-6.5997],[-36.5068,-6.813],[-36.7184,-6.9827],[-36.7301,-6.8364],[-36.8349,-6.7311],[-37.0106,-6.8744],[-37.1386,-6.7862],[-37.255,-6.8111],[-37.2836,-6.6939],[-37.4846,-6.71],[-37.3772,-6.3444],[-37.1568,-6.1525],[-37.231,-6.0288],[-37.7491,-6.1938],[-37.7576,-6.2908],[-38.0136,-6.4274],[-37.9664,-6.614],[-38.1273,-6.5973],[-38.1478,-6.4915],[-38.2886,-6.5056],[-38.4513,-6.3929],[-38.5549,-6.4374],[-38.602,-6.3896],[-38.5271,-6.1934],[-38.1646,-5.9461],[-38.047,-5.7304],[-38.0826,-5.6723],[-37.9019,-5.4975],[-37.6402,-4.9264],[-37.2515,-4.8324]]],[[[-32.4396,-3.8724],[-32.4379,-3.8743],[-32.4399,-3.8743],[-32.4396,-3.8724]]],[[[-32.4149,-3.8682],[-32.4115,-3.8679],[-32.4118,-3.8699],[-32.4149,-3.8682]]],[[[-33.8154,-3.8646],[-33.8126,-3.8651],[-33.8126,-3.866],[-33.8154,-3.8646]]],[[[-32.4021,-3.8596],[-32.3996,-3.8612],[-32.4018,-3.8618],[-32.4021,-3.8596]]],[[[-33.816,-3.8568],[-33.8115,-3.8582],[-33.8157,-3.8599],[-33.816,-3.8568]]],[[[-33.8143,-3.8546],[-33.8168,-3.8543],[-33.8138,-3.8532],[-33.8143,-3.8546]]],[[[-33.7896,-3.8724],[-33.7957,-3.8554],[-33.7893,-3.8629],[-33.7896,-3.8724]]],[[[-32.3904,-3.8171],[-32.424,-3.879],[-32.436,-3.8701],[-32.4765,-3.8768],[-32.3904,-3.8171]]]]}},{"type":"Feature","id":"RS","properties":{"name":"RS","sigla":"RS","uf":"RS"},"geometry":{"type":"MultiPolygon","coordinates":[[[[-52.0762,-32.0318],[-52.0638,-32.0449],[-52.0657,-32.0507],[-52.0762,-32.0318]]],[[[-52.1326,-32.0238],[-52.1285,-32.0238],[-52.1288,-32.0249],[-52.1326,-32.0238]]],[[[-52.1132,-32.0162],[-52.0982,-32.0221],[-52.0982,-32.0235],[-52.1132,-32.0162]]],[[[-52.0979,-32.0154],[-52.0913,-32.0168],[-52.091,-32.0218],[-52.0979,-32.0154]]],[[[-52.2029,-32.021],[-52.0971,-31.994],[-52.0974,-32.0074],[-52.2029,-32.021]]],[[[-52.1268,-31.9757],[-52.1251,-31.9771],[-52.126,-31.9771],[-52.1268,-31.9757]]],[[[-52.1276,-31.9724],[-52.1254,-31.9724],[-52.1276,-31.9737],[-52.1276,-31.9724]]],[[[-52.1232,-31.9676],[-52.121,-31.971],[-52.1257,-31.9693],[-52.1232,-31.9676]]],[[[-52.1374,-31.9565],[-52.1312,-31.964],[-52.1399,-31.9587],[-52.1374,-31.9565]]],[[[-52.051,-31.9229],[-52.0499,-31.9265],[-52.0521,-31.9257],[-52.051,-31.9229]]],[[[-52.0399,-31.9143],[-52.034,-31.9149],[-52.0407,-31.9151],[-52.0399,-31.9143]]],[[[-52.1107,-31.7926],[-52.0946,-31.7951],[-52.106,-31.8018],[-52.1107,-31.7926]]],[[[-51.9615,-31.7101],[-51.9571,-31.711],[-51.9621,-31.7149],[-51.9615,-31.7101]]],[[[-52.0679,-31.6751],[-52.0615,-31.6793],[-52.0674,-31.6815],[-52.0679,-31.6751]]],[[[-51.6221,-31.2613],[-51.6168,-31.2624],[-51.6162,-31.264],[-51.6221,-31.2613]]],[[[-50.9999,-30.9999],[-51.0001,-31.0001],[-51.0001,-30.9999],[-50.9999,-30.9999]]],[[[-51.1485,-30.4729],[-51.1507,-30.4974],[-51.1562,-30.5001],[-51.1485,-30.4729]]],[[[-51.1018,-30.3771],[-51.0965,-30.3771],[-51.0954,-30.3813],[-51.1018,-30.3771]]],[[[-51.0682,-30.3538],[-51.0651,-30.3565],[-51.0682,-30.3576],[-51.0682,-30.3538]]],[[[-51.0407,-30.3249],[-51.0379,-30.3251],[-51.0382,-30.326],[-51.0407,-30.3249]]],[[[-51.1693,-30.2626],[-51.164,-30.2665],[-51.1704,-30.2638],[-51.1693,-30.2626]]],[[[-51.2635,-30.1115],[-51.261,-30.1099],[-51.261,-30.1121],[-51.2635,-30.1115]]],[[[-51.2924,-30.0649],[-51.2857,-30.0593],[-51.2874,-30.0643],[-51.2924,-30.0649]]],[[[-51.2299,-30.014],[-51.226,-30.0188],[-51.2307,-30.0174],[-51.2299,-30.014]]],[[[-51.2346,-30.0082],[-51.2332,-30.0104],[-51.2343,-30.0112],[-51.2346,-30.0082]]],[[[-49.7049,-29.3463],[-49.7026,-29.3485],[-49.7037,-29.3493],[-49.7049,-29.3463]]],[[[-53.0289,-27.0806],[-52.9776,-27.2212],[-52.8505,-27.169],[-52.6918,-27.2834],[-52.4414,-27.2174],[-52.3753,-27.3043],[-52.1646,-27.2742],[-51.951,-27.3813],[-52.0078,-27.4021],[-51.8895,-27.5203],[-51.6871,-27.4795],[-51.569,-27.584],[-51.4903,-27.5601],[-50.9289,-27.9691],[-50.8726,-28.1346],[-50.7865,-28.1433],[-50.5441,-28.4271],[-50.247,-28.4292],[-50.157,-28.4977],[-50.1267,-28.4294],[-50.1,-28.4853],[-49.7651,-28.4602],[-49.6937,-28.6256],[-49.9353,-28.7281],[-49.9628,-29.118],[-50.1664,-29.2478],[-50.0374,-29.3513],[-50.1146,-29.2593],[-49.9468,-29.2005],[-49.7135,-29.3268],[-50.0612,-29.8524],[-50.3462,-30.5204],[-50.7665,-31.1087],[-51.254,-31.5688],[-52.0835,-32.159],[-52.0054,-31.9435],[-52.0979,-31.8354],[-51.8588,-31.8699],[-51.4551,-31.599],[-51.4249,-31.4888],[-51.2546,-31.4737],[-51.1585,-31.2879],[-51.1704,-31.0654],[-50.9796,-31.0376],[-50.9667,-30.8961],[-50.7019,-30.7463],[-50.7175,-30.352],[-50.699,-30.346],[-50.6478,-30.3954],[-50.6239,-30.3921],[-50.6273,-30.3278],[-50.593,-30.4003],[-50.6543,-30.4429],[-50.5744,-30.4815],[-50.5377,-30.2738],[-50.5964,-30.1949],[-50.6732,-30.2966],[-50.9221,-30.3322],[-50.93,-30.4358],[-51.0599,-30.386],[-51.0218,-30.3082],[-51.0315,-30.2735],[-51.2485,-30.1871],[-51.219,-30.0029],[-51.2388,-29.9599],[-51.2376,-30.0182],[-51.2485,-30.0201],[-51.2557,-30.0471],[-51.271,-30.0596],[-51.3001,-30.0051],[-51.2962,-30.3021],[-51.0949,-30.3657],[-51.2738,-30.4968],[-51.2832,-30.8124],[-51.3699,-30.6349],[-51.3707,-30.8735],[-51.4996,-30.9232],[-51.4418,-31.0874],[-51.6201,-31.1404],[-51.6415,-31.2112],[-51.6335,-31.2587],[-51.6171,-31.2668],[-51.9512,-31.3418],[-52.0324,-31.6949],[-52.0385,-31.5604],[-52.1113,-31.5543],[-52.069,-31.6785],[-52.2085,-31.7349],[-52.2571,-31.8499],[-52.2349,-31.8937],[-52.2215,-31.8715],[-52.1374,-31.9182],[-52.1162,-31.9387],[-52.1124,-31.944],[-52.1118,-31.9521],[-52.2193,-31.9593],[-52.2529,-32.0471],[-52.079,-32.0279],[-52.1557,-32.0951],[-52.0854,-32.061],[-52.0982,-32.1607],[-52.3024,-32.3532],[-52.6132,-33.0862],[-53.374,-33.7471],[-53.5302,-33.6624],[-53.5289,-33.1723],[-53.0942,-32.7242],[-53.5941,-32.4286],[-53.7134,-32.1011],[-54.4554,-31.6716],[-54.5253,-31.498],[-55.2444,-31.2538],[-55.5928,-30.8449],[-55.8698,-31.0796],[-56.0078,-31.0626],[-56.0207,-30.7815],[-56.8029,-30.1039],[-57.0683,-30.0877],[-57.2271,-30.2856],[-57.5213,-30.2772],[-57.6152,-30.1791],[-57.342,-30.0012],[-57.2529,-29.7915],[-57.1045,-29.749],[-56.8226,-29.4841],[-56.5973,-29.1267],[-56.4248,-29.0729],[-56.2843,-28.791],[-56.0154,-28.6078],[-56.0108,-28.5091],[-55.888,-28.4792],[-55.874,-28.3594],[-55.6949,-28.4224],[-55.6699,-28.3303],[-55.7724,-28.2441],[-55.4437,-28.0944],[-55.323,-27.9281],[-55.0319,-27.8539],[-55.0809,-27.7873],[-54.9405,-27.7751],[-54.8119,-27.5353],[-54.6826,-27.5726],[-54.5764,-27.4583],[-54.5247,-27.5069],[-54.4149,-27.4121],[-54.2775,-27.4451],[-54.176,-27.2607],[-54.081,-27.2997],[-53.8745,-27.1312],[-53.6424,-27.2209],[-53.3725,-27.091],[-53.2931,-27.1377],[-53.3173,-27.2166],[-53.0729,-27.1581],[-53.0289,-27.0806]]]]}},{"type":"Feature","id":"RO","properties":{"name":"RO","sigla":"RO","uf":"RO"},"geometry":{"type":"Polygon","coordinates":[[[-63.6208,-7.9693],[-62.8666,-7.9759],[-62.6922,-8.0929],[-62.5261,-8.3831],[-62.367,-8.3896],[-62.341,-8.6028],[-62.1883,-8.5906],[-62.1249,-8.8017],[-61.9058,-8.8745],[-61.8364,-8.7327],[-61.7132,-8.6879],[-61.5208,-8.8216],[-61.4684,-8.9174],[-61.5549,-9.0903],[-61.5248,-9.2429],[-61.6328,-9.2765],[-61.4777,-9.6286],[-61.5746,-9.7178],[-61.5084,-9.8741],[-61.6006,-10.1538],[-61.4617,-10.4199],[-61.5502,-10.9861],[-60.46,-10.9899],[-60.3479,-11.1091],[-60.3012,-11.0572],[-59.9767,-11.1224],[-59.9206,-11.398],[-60.1148,-11.5915],[-60.1087,-11.8396],[-59.9851,-11.9144],[-59.8923,-12.2455],[-59.7743,-12.341],[-60.0687,-12.616],[-60.0865,-12.8987],[-60.2829,-13.0806],[-60.3714,-13.3186],[-60.7051,-13.3247],[-60.8932,-13.5576],[-61.0435,-13.5413],[-61.069,-13.4634],[-61.8243,-13.5392],[-62.1081,-13.2569],[-62.1197,-13.1535],[-62.3678,-13.1453],[-62.6584,-12.9815],[-62.7645,-13.0226],[-62.8921,-12.8588],[-63.0092,-12.8378],[-63.0934,-12.658],[-63.3266,-12.7049],[-63.7121,-12.4579],[-63.875,-12.4685],[-63.9367,-12.5572],[-64.3734,-12.4669],[-64.513,-12.3478],[-64.5128,-12.2229],[-64.8326,-12.1217],[-64.8232,-12.0264],[-65.0321,-11.9951],[-65.047,-11.7542],[-65.1056,-11.6951],[-65.1343,-11.7744],[-65.2007,-11.7428],[-65.1603,-11.6197],[-65.3182,-11.4477],[-65.3628,-11.1378],[-65.2509,-10.9846],[-65.4297,-10.481],[-65.28,-10.2183],[-65.2861,-9.8455],[-65.3638,-9.7116],[-65.4468,-9.6697],[-65.5604,-9.8446],[-65.7683,-9.7356],[-66.4263,-9.8996],[-66.8065,-9.8145],[-66.5007,-9.6336],[-66.3925,-9.5005],[-66.409,-9.4069],[-65.9704,-9.4132],[-65.7916,-9.5856],[-65.5968,-9.4139],[-65.4348,-9.4663],[-65.4471,-9.3164],[-65.2467,-9.2577],[-65.1855,-9.427],[-65.0979,-9.4325],[-64.8393,-8.9941],[-64.1494,-8.9589],[-64.1309,-8.7222],[-64.0278,-8.7157],[-63.9245,-8.5755],[-63.9441,-8.3312],[-63.7816,-8.3293],[-63.6208,-7.9693]]]}},{"type":"Feature","id":"RR","properties":{"name":"RR","sigla":"RR","uf":"RR"},"geometry":{"type":"Polygon","coordinates":[[[-60.1689,5.2263],[-59.9694,5.0731],[-60.0296,4.7052],[-60.1628,4.5227],[-59.8673,4.4931],[-59.6734,4.3831],[-59.7258,4.1928],[-59.5157,3.9414],[-59.6638,3.7029],[-59.8635,3.5653],[-59.7981,3.3564],[-59.959,3.0629],[-59.9892,2.6842],[-59.8972,2.3666],[-59.7238,2.2782],[-59.7477,1.8488],[-59.6506,1.8475],[-59.6682,1.7655],[-59.5481,1.7302],[-59.2527,1.3974],[-58.8945,1.2756],[-58.8953,0.2635],[-60.0379,0.2635],[-60.3999,-0.5101],[-60.3036,-0.7113],[-60.4791,-0.7709],[-60.531,-0.8751],[-60.7527,-0.8612],[-60.9207,-0.5554],[-61.0874,-0.5001],[-61.4288,-0.6343],[-61.5388,-0.7562],[-61.6288,-1.3015],[-61.4827,-1.5807],[-61.6355,-1.434],[-61.8966,-1.3954],[-62.0396,-1.1184],[-62.5102,-0.759],[-62.4866,-0.6815],[-62.4069,-0.7273],[-62.2908,-0.6467],[-62.3092,-0.5142],[-62.1883,-0.3308],[-62.4244,0.0916],[-62.4463,0.3791],[-62.533,0.5088],[-62.4716,1.0863],[-62.5296,1.0888],[-62.6373,1.4337],[-62.8052,1.5913],[-62.706,1.9397],[-63.0237,2.0146],[-63.1415,2.1724],[-63.3598,2.1971],[-63.4068,2.4359],[-63.7808,2.3912],[-64.0561,2.4977],[-63.9938,2.7699],[-64.2352,3.1143],[-64.2552,3.411],[-64.1858,3.5596],[-64.4855,3.7874],[-64.825,4.244],[-64.6914,4.2446],[-64.5605,4.1015],[-64.1644,4.1263],[-63.9641,3.8679],[-63.8502,3.9499],[-63.6827,3.9074],[-63.6769,4.019],[-63.4974,3.8399],[-63.4288,3.9771],[-63.2049,3.9513],[-63.2266,3.8354],[-62.9602,3.6076],[-62.8358,3.7385],[-62.7438,3.6732],[-62.7485,4.0349],[-62.544,4.0303],[-62.3555,4.1503],[-61.9344,4.1181],[-61.7517,4.2581],[-61.5233,4.2823],[-61.5379,4.3838],[-61.3528,4.4414],[-61.3447,4.5318],[-60.9913,4.5161],[-60.9061,4.7029],[-60.7315,4.7654],[-60.5895,4.9428],[-60.7305,5.1971],[-60.1689,5.2263]]]}},{"type":"Feature","id":"SC","properties":{"name":"SC","sigla":"SC","uf":"SC"},"geometry":{"type":"MultiPolygon","coordinates":[[[[-48.7535,-28.5118],[-48.7535,-28.509],[-48.7521,-28.5093],[-48.7535,-28.5118]]],[[[-48.7779,-28.5026],[-48.7751,-28.5043],[-48.7779,-28.5051],[-48.7779,-28.5026]]],[[[-48.771,-28.5001],[-48.7676,-28.5035],[-48.7721,-28.5021],[-48.771,-28.5001]]],[[[-48.7476,-28.4954],[-48.7465,-28.4965],[-48.7487,-28.4968],[-48.7476,-28.4954]]],[[[-48.799,-28.4929],[-48.7926,-28.4957],[-48.8004,-28.4957],[-48.799,-28.4929]]],[[[-48.796,-28.484],[-48.7907,-28.4885],[-48.7976,-28.4879],[-48.796,-28.484]]],[[[-48.7101,-28.4468],[-48.7079,-28.4485],[-48.7104,-28.4482],[-48.7101,-28.4468]]],[[[-48.8218,-28.3696],[-48.8204,-28.3715],[-48.8226,-28.3715],[-48.8218,-28.3696]]],[[[-48.8479,-28.3404],[-48.8443,-28.3424],[-48.8465,-28.3429],[-48.8479,-28.3404]]],[[[-48.6493,-28.321],[-48.646,-28.3196],[-48.6499,-28.326],[-48.6493,-28.321]]],[[[-48.7443,-28.279],[-48.7426,-28.2796],[-48.7446,-28.281],[-48.7443,-28.279]]],[[[-48.7396,-28.2704],[-48.7379,-28.2726],[-48.7415,-28.2757],[-48.7396,-28.2704]]],[[[-48.6551,-28.2476],[-48.6526,-28.249],[-48.6549,-28.2496],[-48.6551,-28.2476]]],[[[-48.644,-28.1521],[-48.6407,-28.1546],[-48.6435,-28.154],[-48.644,-28.1521]]],[[[-48.6301,-28.0824],[-48.6268,-28.0837],[-48.6301,-28.0835],[-48.6301,-28.0824]]],[[[-48.6165,-27.9857],[-48.6171,-27.9882],[-48.6182,-27.9888],[-48.6179,-27.9863],[-48.6165,-27.9857]]],[[[-48.546,-27.9343],[-48.5385,-27.9365],[-48.5415,-27.9421],[-48.546,-27.9343]]],[[[-48.4307,-27.8415],[-48.4282,-27.8454],[-48.4346,-27.8487],[-48.4307,-27.8415]]],[[[-48.5754,-27.8412],[-48.5724,-27.8418],[-48.5757,-27.8424],[-48.5754,-27.8412]]],[[[-48.5082,-27.8365],[-48.5013,-27.8404],[-48.5071,-27.8404],[-48.5082,-27.8365]]],[[[-48.5274,-27.8368],[-48.5254,-27.8449],[-48.5304,-27.8435],[-48.5274,-27.8368]]],[[[-48.5307,-27.8321],[-48.5257,-27.831],[-48.529,-27.8337],[-48.5307,-27.8321]]],[[[-48.594,-27.7082],[-48.5957,-27.7074],[-48.594,-27.7071],[-48.594,-27.7082]]],[[[-48.5671,-27.6987],[-48.564,-27.7021],[-48.5671,-27.7032],[-48.5671,-27.6987]]],[[[-48.4671,-27.6926],[-48.4635,-27.7007],[-48.4685,-27.7049],[-48.4671,-27.6926]]],[[[-48.6346,-27.6451],[-48.6318,-27.646],[-48.6338,-27.6465],[-48.6346,-27.6451]]],[[[-48.3882,-27.611],[-48.384,-27.611],[-48.3874,-27.6126],[-48.3882,-27.611]]],[[[-48.5674,-27.4899],[-48.5657,-27.4929],[-48.5682,-27.4949],[-48.5674,-27.4899]]],[[[-48.364,-27.4868],[-48.3571,-27.4896],[-48.3657,-27.4904],[-48.364,-27.4868]]],[[[-48.5649,-27.4774],[-48.5604,-27.474],[-48.5638,-27.4807],[-48.5649,-27.4774]]],[[[-48.349,-27.4418],[-48.3468,-27.4438],[-48.3488,-27.4443],[-48.349,-27.4418]]],[[[-48.566,-27.429],[-48.5629,-27.4268],[-48.564,-27.4296],[-48.566,-27.429]]],[[[-48.3679,-27.4246],[-48.3651,-27.4243],[-48.3657,-27.4263],[-48.3679,-27.4246]]],[[[-48.3568,-27.4182],[-48.354,-27.419],[-48.3576,-27.4199],[-48.3568,-27.4182]]],[[[-48.4774,-27.4143],[-48.4751,-27.4168],[-48.4774,-27.4179],[-48.4774,-27.4143]]],[[[-48.4379,-27.4221],[-48.3593,-27.4471],[-48.5029,-27.7165],[-48.4826,-27.7846],[-48.5701,-27.8368],[-48.5463,-27.4576],[-48.4379,-27.4221]]],[[[-48.526,-27.3282],[-48.524,-27.3293],[-48.5265,-27.3307],[-48.526,-27.3282]]],[[[-48.5332,-27.306],[-48.5279,-27.3049],[-48.5296,-27.3082],[-48.5332,-27.306]]],[[[-48.3771,-27.284],[-48.3588,-27.2735],[-48.3565,-27.2996],[-48.3771,-27.284]]],[[[-48.3335,-27.2737],[-48.3301,-27.2746],[-48.3343,-27.2776],[-48.3335,-27.2737]]],[[[-48.474,-27.2054],[-48.4646,-27.2074],[-48.4746,-27.2096],[-48.474,-27.2054]]],[[[-48.4001,-27.1804],[-48.3974,-27.1807],[-48.3976,-27.1821],[-48.4001,-27.1804]]],[[[-48.4096,-27.181],[-48.4018,-27.181],[-48.411,-27.1882],[-48.4096,-27.181]]],[[[-48.5468,-27.1399],[-48.5415,-27.1418],[-48.5496,-27.1449],[-48.5468,-27.1399]]],[[[-48.6385,-26.7435],[-48.634,-26.7454],[-48.639,-26.7457],[-48.6385,-26.7435]]],[[[-48.6757,-26.6951],[-48.6735,-26.6946],[-48.674,-26.6963],[-48.6757,-26.6951]]],[[[-48.5821,-26.4685],[-48.579,-26.4685],[-48.5799,-26.4693],[-48.5821,-26.4685]]],[[[-48.5693,-26.4587],[-48.5638,-26.4607],[-48.5704,-26.4601],[-48.5693,-26.4587]]],[[[-48.5832,-26.459],[-48.5765,-26.4596],[-48.5807,-26.4621],[-48.5832,-26.459]]],[[[-48.624,-26.4415],[-48.621,-26.4424],[-48.6218,-26.4432],[-48.624,-26.4415]]],[[[-48.6232,-26.419],[-48.6221,-26.4213],[-48.6238,-26.4232],[-48.6232,-26.419]]],[[[-48.6213,-26.414],[-48.6193,-26.4135],[-48.6213,-26.4163],[-48.6213,-26.414]]],[[[-48.526,-26.3851],[-48.5246,-26.3874],[-48.5257,-26.3879],[-48.526,-26.3851]]],[[[-48.5249,-26.3813],[-48.5224,-26.3818],[-48.5249,-26.3838],[-48.5249,-26.3813]]],[[[-48.6426,-26.3693],[-48.6387,-26.3693],[-48.6387,-26.3699],[-48.6426,-26.3693]]],[[[-48.5229,-26.3679],[-48.5204,-26.3724],[-48.5229,-26.3746],[-48.5229,-26.3679]]],[[[-48.6321,-26.3829],[-48.656,-26.3674],[-48.6357,-26.3713],[-48.6321,-26.3829]]],[[[-48.6974,-26.3518],[-48.6904,-26.3521],[-48.6979,-26.3529],[-48.6974,-26.3518]]],[[[-48.6943,-26.349],[-48.6907,-26.3504],[-48.6943,-26.3499],[-48.6943,-26.349]]],[[[-48.7224,-26.3354],[-48.7101,-26.3337],[-48.7101,-26.3379],[-48.7224,-26.3354]]],[[[-48.7029,-26.3418],[-48.6957,-26.3318],[-48.6885,-26.3471],[-48.7029,-26.3418]]],[[[-48.7557,-26.2987],[-48.7265,-26.3096],[-48.7318,-26.3154],[-48.7557,-26.2987]]],[[[-48.7165,-26.2735],[-48.714,-26.274],[-48.7143,-26.2754],[-48.7165,-26.2735]]],[[[-48.7096,-26.2649],[-48.7068,-26.2726],[-48.7112,-26.2737],[-48.7096,-26.2649]]],[[[-48.6832,-26.2629],[-48.6801,-26.2643],[-48.6835,-26.2646],[-48.6832,-26.2629]]],[[[-48.691,-26.256],[-48.6862,-26.2582],[-48.6915,-26.2568],[-48.691,-26.256]]],[[[-48.7096,-26.2501],[-48.7062,-26.2524],[-48.7096,-26.2512],[-48.7096,-26.2501]]],[[[-48.6843,-26.2496],[-48.6768,-26.2529],[-48.6843,-26.2549],[-48.6843,-26.2496]]],[[[-48.4938,-26.2021],[-48.4904,-26.2032],[-48.4932,-26.2035],[-48.4938,-26.2021]]],[[[-48.5838,-26.1999],[-48.5804,-26.2018],[-48.5838,-26.2013],[-48.5838,-26.1999]]],[[[-48.5737,-26.1985],[-48.5696,-26.1963],[-48.5707,-26.1996],[-48.5737,-26.1985]]],[[[-48.4885,-26.1801],[-48.4871,-26.1824],[-48.4893,-26.1815],[-48.4885,-26.1801]]],[[[-48.4863,-26.1762],[-48.4813,-26.1796],[-48.4843,-26.1826],[-48.4863,-26.1762]]],[[[-48.4824,-26.1649],[-48.4804,-26.166],[-48.4821,-26.1668],[-48.4824,-26.1649]]],[[[-48.486,-26.1643],[-48.4829,-26.1649],[-48.4854,-26.1657],[-48.486,-26.1643]]],[[[-48.7762,-26.1651],[-48.7724,-26.1646],[-48.771,-26.1688],[-48.7762,-26.1651]]],[[[-48.7799,-26.1518],[-48.7779,-26.1501],[-48.7771,-26.154],[-48.7799,-26.1518]]],[[[-48.7815,-28.5224],[-49.3365,-28.9138],[-49.7135,-29.3262],[-49.9626,-29.1992],[-50.1146,-29.2593],[-50.0354,-29.3475],[-50.065,-29.3414],[-50.1525,-29.2019],[-50.0938,-29.2377],[-50.0994,-29.1638],[-49.9628,-29.118],[-49.9353,-28.7281],[-49.6937,-28.6256],[-49.7651,-28.4602],[-50.1,-28.4853],[-50.1267,-28.4294],[-50.157,-28.4977],[-50.6251,-28.3915],[-51.0821,-27.8349],[-51.6316,-27.4892],[-51.8895,-27.5203],[-52.0078,-27.4021],[-51.951,-27.3813],[-52.1646,-27.2742],[-52.3753,-27.3043],[-52.4414,-27.2174],[-52.6918,-27.2834],[-52.9521,-27.1621],[-52.9776,-27.2212],[-53.0289,-27.0806],[-53.13,-27.1785],[-53.3173,-27.2166],[-53.2931,-27.1377],[-53.3725,-27.091],[-53.5266,-27.1963],[-53.5888,-26.9655],[-53.5403,-26.9351],[-53.6873,-26.8948],[-53.7489,-26.7437],[-53.6993,-26.3638],[-53.599,-26.2575],[-53.2815,-26.2465],[-53.0906,-26.3905],[-52.7377,-26.3422],[-52.1856,-26.4454],[-51.8736,-26.6002],[-51.5115,-26.5838],[-51.4115,-26.7173],[-51.2286,-26.616],[-51.2987,-26.4199],[-51.243,-26.3247],[-51.08,-26.2282],[-50.8991,-26.289],[-50.7185,-26.2448],[-50.5717,-26.0038],[-50.3715,-26.0802],[-50.2846,-26.3089],[-50.1257,-26.2043],[-50.1718,-26.0252],[-49.8655,-26.0351],[-49.555,-26.2373],[-49.1752,-26.0018],[-48.6436,-25.9559],[-48.5846,-26.1732],[-48.7057,-26.249],[-48.8068,-26.0774],[-48.8004,-26.2999],[-48.6132,-26.4515],[-48.6151,-26.4007],[-48.6318,-26.3701],[-48.7135,-26.3068],[-48.5624,-26.2118],[-48.5571,-26.1707],[-48.4926,-26.2176],[-48.6888,-26.6785],[-48.669,-26.7665],[-48.5835,-26.786],[-48.6532,-26.9112],[-48.5696,-27.0087],[-48.6076,-27.1168],[-48.5643,-27.1551],[-48.5368,-27.1496],[-48.5085,-27.1104],[-48.4649,-27.1449],[-48.6246,-27.2437],[-48.6001,-27.3165],[-48.5229,-27.3335],[-48.6468,-27.4846],[-48.5671,-27.5951],[-48.6593,-27.6465],[-48.5729,-27.8865],[-48.6876,-28.1376],[-48.6451,-28.2346],[-48.6838,-28.2671],[-48.741,-28.3865],[-48.7482,-28.4951],[-48.8301,-28.439],[-48.739,-28.3471],[-48.7018,-28.2371],[-48.7424,-28.2224],[-48.7593,-28.2393],[-48.7663,-28.3482],[-48.8604,-28.3104],[-48.8826,-28.3418],[-48.8601,-28.4843],[-48.7815,-28.5224]]]]}},{"type":"Feature","id":"SP","properties":{"name":"SP","sigla":"SP","uf":"SP"},"geometry":{"type":"MultiPolygon","coordinates":[[[[-48.0879,-25.2896],[-48.0832,-25.2888],[-48.0876,-25.2915],[-48.0879,-25.2896]]],[[[-47.9562,-25.2746],[-47.9529,-25.2726],[-47.9524,-25.274],[-47.9562,-25.2746]]],[[[-48.079,-25.289],[-48.0782,-25.2785],[-48.0607,-25.2696],[-48.079,-25.289]]],[[[-47.9154,-25.1663],[-47.9093,-25.1674],[-47.9149,-25.1676],[-47.9154,-25.1663]]],[[[-47.8626,-25.1313],[-47.8601,-25.134],[-47.8621,-25.1338],[-47.8626,-25.1313]]],[[[-47.8665,-25.1224],[-47.849,-25.121],[-47.8651,-25.1285],[-47.8665,-25.1224]]],[[[-48.0349,-25.1107],[-48.0324,-25.111],[-48.0343,-25.1138],[-48.0349,-25.1107]]],[[[-48.0246,-25.1107],[-48.0235,-25.1087],[-48.0237,-25.1113],[-48.0246,-25.1107]]],[[[-48.0318,-25.111],[-48.0257,-25.111],[-48.0268,-25.1162],[-48.0318,-25.111]]],[[[-48.0265,-25.1051],[-48.024,-25.1057],[-48.0257,-25.1068],[-48.0265,-25.1051]]],[[[-48.019,-25.0932],[-48.0146,-25.0976],[-48.021,-25.099],[-48.019,-25.0932]]],[[[-48.039,-25.0621],[-48.0371,-25.0637],[-48.0399,-25.0632],[-48.039,-25.0621]]],[[[-48.0165,-25.0404],[-48.014,-25.0463],[-48.0157,-25.0476],[-48.0165,-25.0404]]],[[[-47.9046,-24.9957],[-47.9076,-24.9976],[-47.9082,-24.9971],[-47.9046,-24.9957]]],[[[-47.8651,-24.896],[-47.8701,-24.9129],[-47.8801,-24.9049],[-47.8651,-24.896]]],[[[-47.8204,-24.8885],[-47.8099,-24.9065],[-47.8407,-24.9021],[-47.8679,-24.9607],[-47.9029,-24.9643],[-47.9263,-25.0118],[-47.9229,-25.034],[-48.0062,-25.0568],[-48.0121,-25.0332],[-47.9613,-25.016],[-47.9093,-24.959],[-47.8913,-24.916],[-47.8718,-24.9176],[-47.8204,-24.8885]]],[[[-47.7796,-24.8682],[-47.7757,-24.8738],[-47.7893,-24.8796],[-47.7796,-24.8682]]],[[[-47.6887,-24.8085],[-47.6957,-24.8085],[-47.6874,-24.8057],[-47.6887,-24.8085]]],[[[-47.5926,-24.7412],[-47.591,-24.7415],[-47.6029,-24.7462],[-47.5926,-24.7412]]],[[[-47.579,-24.7335],[-47.5735,-24.7326],[-47.5793,-24.7343],[-47.579,-24.7335]]],[[[-47.566,-24.724],[-47.5685,-24.7263],[-47.5724,-24.7276],[-47.566,-24.724]]],[[[-47.4893,-24.7021],[-47.4776,-24.7043],[-47.4901,-24.7029],[-47.4893,-24.7021]]],[[[-47.4776,-24.7054],[-47.4326,-24.6901],[-47.7179,-24.8676],[-47.914,-25.0524],[-47.8387,-24.904],[-47.8074,-24.911],[-47.5229,-24.6951],[-47.5257,-24.7029],[-47.4776,-24.7054]]],[[[-47.4001,-24.6607],[-47.4018,-24.666],[-47.4068,-24.6665],[-47.4001,-24.6607]]],[[[-46.6785,-24.4826],[-46.6712,-24.4874],[-46.6763,-24.491],[-46.6785,-24.4826]]],[[[-46.9871,-24.3796],[-46.9838,-24.3821],[-46.9863,-24.3829],[-46.9871,-24.3796]]],[[[-46.8071,-24.374],[-46.8037,-24.376],[-46.8079,-24.3757],[-46.8071,-24.374]]],[[[-46.9787,-24.3621],[-46.9815,-24.3618],[-46.9787,-24.3601],[-46.9787,-24.3621]]],[[[-45.6926,-24.0971],[-45.6796,-24.0982],[-45.7076,-24.1143],[-45.6926,-24.0971]]],[[[-45.7199,-24.0757],[-45.7179,-24.0763],[-45.7196,-24.0771],[-45.7199,-24.0757]]],[[[-45.6557,-24.0749],[-45.6529,-24.0751],[-45.6554,-24.0765],[-45.6557,-24.0749]]],[[[-46.2668,-24.0501],[-46.2599,-24.0512],[-46.2604,-24.0535],[-46.2668,-24.0501]]],[[[-46.2168,-24.0101],[-46.2193,-24.0093],[-46.216,-24.0076],[-46.2168,-24.0101]]],[[[-46.256,-24.0018],[-46.2532,-24.0021],[-46.2532,-24.0026],[-46.256,-24.0018]]],[[[-45.9999,-23.9999],[-46.0001,-24.0001],[-46.0001,-23.9999],[-45.9999,-23.9999]]],[[[-46.4096,-23.986],[-46.4043,-23.9824],[-46.4038,-23.9846],[-46.4096,-23.986]]],[[[-46.4204,-23.9779],[-46.4174,-23.9799],[-46.4185,-23.9807],[-46.4204,-23.9779]]],[[[-46.1832,-23.9715],[-46.1813,-23.9757],[-46.184,-23.9754],[-46.1832,-23.9715]]],[[[-46.1679,-23.9676],[-46.166,-23.9671],[-46.166,-23.9679],[-46.1679,-23.9676]]],[[[-45.2982,-23.9199],[-45.2971,-23.921],[-45.2982,-23.9213],[-45.2982,-23.9199]]],[[[-46.4124,-23.9737],[-46.3143,-23.934],[-46.2924,-23.9868],[-46.3418,-23.9688],[-46.4124,-23.9737]]],[[[-46.3849,-23.9165],[-46.3832,-23.9196],[-46.3871,-23.9187],[-46.3849,-23.9165]]],[[[-45.2654,-23.8885],[-45.2629,-23.8901],[-45.2654,-23.8899],[-45.2654,-23.8885]]],[[[-45.7854,-23.8596],[-45.7757,-23.8682],[-45.7868,-23.8688],[-45.7854,-23.8596]]],[[[-46.1271,-23.8563],[-46.1813,-23.9257],[-46.1607,-23.946],[-46.184,-23.9632],[-46.1876,-23.9732],[-46.1821,-23.9913],[-46.2465,-23.9918],[-46.2671,-24.0046],[-46.2868,-24.0454],[-46.3243,-24.0226],[-46.286,-23.9854],[-46.3018,-23.9187],[-46.2907,-23.9238],[-46.2796,-23.9221],[-46.2771,-23.9185],[-46.2568,-23.9246],[-46.2479,-23.921],[-46.2296,-23.9374],[-46.1271,-23.8563]]],[[[-45.2796,-23.8512],[-45.2765,-23.8501],[-45.2765,-23.8515],[-45.2796,-23.8512]]],[[[-45.5265,-23.8496],[-45.5215,-23.8493],[-45.5251,-23.8563],[-45.5265,-23.8496]]],[[[-45.156,-23.8274],[-45.1526,-23.8282],[-45.1554,-23.8296],[-45.156,-23.8274]]],[[[-45.2279,-23.8113],[-45.2257,-23.8135],[-45.2279,-23.8146],[-45.2279,-23.8113]]],[[[-45.3885,-23.8076],[-45.3868,-23.8096],[-45.3893,-23.8107],[-45.3885,-23.8076]]],[[[-45.6707,-23.8049],[-45.6685,-23.8062],[-45.6718,-23.8071],[-45.6707,-23.8049]]],[[[-45.3904,-23.8015],[-45.3882,-23.8035],[-45.3904,-23.8024],[-45.3904,-23.8015]]],[[[-45.3854,-23.8004],[-45.3843,-23.8026],[-45.3865,-23.8035],[-45.3854,-23.8004]]],[[[-45.7254,-23.8007],[-45.716,-23.806],[-45.726,-23.8032],[-45.7254,-23.8007]]],[[[-45.1565,-23.8107],[-45.1149,-23.8032],[-45.1168,-23.8126],[-45.1565,-23.8107]]],[[[-45.7126,-23.7879],[-45.7043,-23.7893],[-45.7179,-23.7938],[-45.7126,-23.7879]]],[[[-45.366,-23.7663],[-45.3629,-23.7674],[-45.3649,-23.7685],[-45.366,-23.7663]]],[[[-45.0299,-23.7382],[-45.0335,-23.7382],[-45.0293,-23.7365],[-45.0299,-23.7382]]],[[[-45.0243,-23.7462],[-45.0062,-23.7524],[-45.0137,-23.7615],[-45.0243,-23.7462]]],[[[-45.329,-23.7221],[-45.2287,-23.7768],[-45.289,-23.8574],[-45.251,-23.9685],[-45.2924,-23.9107],[-45.4604,-23.9154],[-45.3663,-23.8104],[-45.329,-23.7221]]],[[[-45.2924,-23.594],[-45.2824,-23.6013],[-45.2954,-23.6018],[-45.2924,-23.594]]],[[[-45.3126,-23.5824],[-45.3107,-23.584],[-45.3121,-23.5849],[-45.3126,-23.5824]]],[[[-45.1621,-23.5707],[-45.1446,-23.569],[-45.1457,-23.5721],[-45.1621,-23.5707]]],[[[-45.219,-23.5499],[-45.2163,-23.5513],[-45.2193,-23.5507],[-45.219,-23.5499]]],[[[-45.0335,-23.5474],[-45.0265,-23.5479],[-45.0335,-23.5488],[-45.0335,-23.5474]]],[[[-45.2146,-23.5329],[-45.2107,-23.5324],[-45.2101,-23.5332],[-45.2146,-23.5329]]],[[[-45.079,-23.5649],[-45.0737,-23.539],[-45.0404,-23.5415],[-45.079,-23.5649]]],[[[-45.0418,-23.5165],[-45.0399,-23.5179],[-45.0421,-23.5187],[-45.0418,-23.5165]]],[[[-44.9038,-23.4246],[-44.9018,-23.4271],[-44.9057,-23.4268],[-44.9038,-23.4246]]],[[[-44.8621,-23.4224],[-44.8596,-23.4232],[-44.8618,-23.424],[-44.8621,-23.4224]]],[[[-44.8549,-23.4207],[-44.8493,-23.4212],[-44.8599,-23.4257],[-44.8549,-23.4207]]],[[[-44.8563,-23.3987],[-44.8501,-23.4035],[-44.8565,-23.4004],[-44.8563,-23.3987]]],[[[-44.889,-23.3882],[-44.8874,-23.3899],[-44.8893,-23.3896],[-44.889,-23.3882]]],[[[-44.9382,-23.3868],[-44.9363,-23.3888],[-44.9393,-23.389],[-44.9382,-23.3868]]],[[[-44.8896,-23.3843],[-44.8874,-23.3854],[-44.8893,-23.3862],[-44.8896,-23.3843]]],[[[-44.9465,-23.3835],[-44.9432,-23.3876],[-44.9512,-23.3888],[-44.9465,-23.3835]]],[[[-44.9065,-23.3774],[-44.899,-23.3782],[-44.9076,-23.3796],[-44.9065,-23.3774]]],[[[-44.9049,-23.3524],[-44.9021,-23.3521],[-44.9043,-23.3538],[-44.9049,-23.3524]]],[[[-44.0071,-23.0965],[-43.8651,-23.0446],[-43.8596,-23.0729],[-44.0071,-23.0965]]],[[[-50.3152,-19.8718],[-49.2651,-19.962],[-49.3085,-20.102],[-49.2322,-20.2982],[-49.0191,-20.1535],[-48.8993,-20.4412],[-48.8282,-20.1636],[-48.2463,-20.1409],[-48.2409,-20.0293],[-48.1133,-20.1434],[-47.9759,-20.0354],[-47.8969,-20.1248],[-47.8597,-19.993],[-47.7042,-19.9799],[-47.6359,-20.0484],[-47.4663,-19.9642],[-47.257,-20.1662],[-47.2917,-20.4493],[-47.0973,-20.6443],[-47.24,-20.8853],[-47.1437,-20.9824],[-47.0112,-21.4223],[-46.7646,-21.3601],[-46.6184,-21.4212],[-46.763,-21.5472],[-46.6058,-21.6499],[-46.6909,-21.8369],[-46.6146,-22.0152],[-46.7227,-22.076],[-46.6005,-22.1347],[-46.7232,-22.3066],[-46.6665,-22.4144],[-46.4071,-22.5405],[-46.393,-22.663],[-46.4779,-22.6994],[-46.3352,-22.7602],[-46.3452,-22.9047],[-46.1446,-22.8583],[-46.139,-22.9227],[-45.9098,-22.8173],[-45.7886,-22.8573],[-45.7133,-22.757],[-45.8198,-22.7225],[-45.6939,-22.6517],[-45.7169,-22.5786],[-45.665,-22.6506],[-45.4773,-22.59],[-45.3989,-22.6533],[-44.8092,-22.4053],[-44.6357,-22.6089],[-44.3844,-22.5737],[-44.1609,-22.6783],[-44.2713,-22.8312],[-44.7924,-22.9822],[-44.8889,-23.2245],[-44.7254,-23.3699],[-44.9076,-23.334],[-45.0612,-23.4201],[-45.0176,-23.461],[-45.0818,-23.5215],[-45.1693,-23.4924],[-45.2279,-23.5374],[-45.2112,-23.5832],[-45.2985,-23.5721],[-45.409,-23.6249],[-45.4118,-23.8249],[-45.8957,-23.7568],[-46.106,-23.8282],[-46.2443,-23.9232],[-46.2471,-23.9193],[-46.2768,-23.9163],[-46.311,-23.9179],[-46.3074,-23.9149],[-46.3068,-23.9074],[-46.2985,-23.9085],[-46.294,-23.9018],[-46.2957,-23.9001],[-46.3576,-23.9157],[-46.3768,-23.8721],[-46.4565,-23.9296],[-46.4179,-23.9835],[-46.4107,-23.9879],[-46.4049,-23.9871],[-46.3879,-23.9763],[-46.374,-23.9857],[-46.3985,-24.034],[-46.8371,-24.2124],[-47.2282,-24.5724],[-47.5262,-24.6915],[-47.8685,-24.8882],[-47.9829,-25.0199],[-48.0218,-25.0001],[-48.0626,-25.0646],[-48.036,-25.1168],[-48.0204,-25.1171],[-48.0207,-25.0996],[-47.9957,-25.0968],[-48.0035,-25.0812],[-47.9093,-25.0635],[-47.8943,-25.1068],[-48.0565,-25.2662],[-48.0293,-25.2203],[-48.1933,-25.1899],[-48.2516,-24.9787],[-48.3336,-25.0706],[-48.411,-24.9801],[-48.5353,-25.099],[-48.599,-25.0063],[-48.4993,-24.739],[-48.5818,-24.6716],[-49.3118,-24.6636],[-49.2007,-24.3445],[-49.6107,-23.8517],[-49.5498,-23.7037],[-49.6291,-23.5122],[-49.5676,-23.4268],[-49.6783,-23.1651],[-49.9115,-23.0511],[-49.9861,-22.8975],[-50.1833,-22.9538],[-50.6622,-22.8957],[-50.7415,-22.9614],[-50.8908,-22.7958],[-51.2637,-22.669],[-51.7181,-22.669],[-52.1076,-22.5167],[-52.2234,-22.6743],[-52.5867,-22.5665],[-52.7012,-22.6275],[-52.9247,-22.5656],[-53.1086,-22.6136],[-52.3772,-22.1067],[-52.051,-21.6654],[-52.0932,-21.5381],[-51.9678,-21.5018],[-51.8641,-21.3454],[-51.8758,-21.1361],[-51.6189,-20.9324],[-51.5914,-20.6404],[-51.3433,-20.3558],[-51.1139,-20.2837],[-50.9664,-20.0345],[-50.5759,-19.816],[-50.4718,-19.7797],[-50.3152,-19.8718]]]]}},{"type":"Feature","id":"SE","properties":{"name":"SE","sigla":"SE","uf":"SE"},"geometry":{"type":"MultiPolygon","coordinates":[[[[-37.3865,-11.4629],[-37.3812,-11.4618],[-37.3832,-11.4651],[-37.3865,-11.4629]]],[[[-37.3768,-11.4407],[-37.3685,-11.4382],[-37.3729,-11.4413],[-37.3768,-11.4407]]],[[[-37.3976,-11.3746],[-37.3954,-11.3749],[-37.3979,-11.3765],[-37.3976,-11.3746]]],[[[-37.1562,-11.1437],[-37.1518,-11.144],[-37.1529,-11.146],[-37.1562,-11.1437]]],[[[-36.5643,-10.5596],[-36.5704,-10.5637],[-36.5715,-10.5635],[-36.5643,-10.5596]]],[[[-36.529,-10.5468],[-36.5274,-10.5479],[-36.5299,-10.5476],[-36.529,-10.5468]]],[[[-36.5293,-10.5424],[-36.5262,-10.5426],[-36.5293,-10.5432],[-36.5293,-10.5424]]],[[[-37.9604,-9.5332],[-36.9919,-9.9772],[-36.9108,-10.1379],[-36.6236,-10.2582],[-36.5636,-10.4178],[-36.456,-10.4076],[-36.3912,-10.5014],[-36.5132,-10.5307],[-36.5838,-10.5643],[-36.9124,-10.8043],[-37.1735,-11.1329],[-37.3182,-11.4254],[-37.3954,-11.4332],[-37.3913,-11.4182],[-37.3843,-11.4171],[-37.3801,-11.4132],[-37.3787,-11.4071],[-37.396,-11.3715],[-37.4465,-11.4096],[-37.391,-11.4729],[-37.5663,-11.554],[-37.6113,-11.6504],[-37.546,-11.7051],[-37.9778,-11.3936],[-37.9743,-11.1953],[-38.24,-10.881],[-38.2119,-10.7092],[-37.9998,-10.7644],[-37.8138,-10.6911],[-37.859,-10.4265],[-37.7361,-10.3334],[-37.8317,-10.0009],[-37.9976,-9.9167],[-38.0403,-9.5731],[-37.9604,-9.5332]]]]}},{"type":"Feature","id":"TO","properties":{"name":"TO","sigla":"TO","uf":"TO"},"geometry":{"type":"Polygon","coordinates":[[[-48.3531,-5.1739],[-48.1785,-5.2608],[-47.8855,-5.2607],[-47.8437,-5.3762],[-47.5553,-5.4658],[-47.4832,-5.5649],[-47.3788,-6.2709],[-47.5299,-6.9765],[-47.7494,-7.1727],[-47.6467,-7.3043],[-47.4997,-7.2939],[-47.4858,-7.3671],[-47.5908,-7.4396],[-47.5047,-7.4367],[-47.0435,-8.0536],[-46.6046,-7.8962],[-46.4769,-8.0122],[-46.5075,-8.2708],[-46.8068,-8.399],[-46.9163,-8.5958],[-46.9134,-8.8478],[-47.0687,-9.0639],[-46.9226,-9.0667],[-46.7633,-9.409],[-46.5609,-9.484],[-46.6474,-9.7304],[-46.4936,-9.8274],[-46.3678,-10.1688],[-45.7937,-10.2677],[-45.6992,-10.1669],[-45.8277,-10.436],[-46.2109,-10.6497],[-46.2834,-10.9068],[-46.617,-11.2895],[-46.4793,-11.5164],[-46.0866,-11.6221],[-46.3133,-11.6299],[-46.3745,-11.8686],[-46.1712,-11.901],[-46.3978,-12.0403],[-46.3523,-12.3374],[-46.2548,-12.4943],[-46.154,-12.4834],[-46.2799,-12.5849],[-46.3047,-12.9499],[-46.1146,-12.9184],[-46.3638,-12.9912],[-46.4176,-12.8235],[-46.4546,-12.9712],[-46.7506,-12.9692],[-47.4269,-13.2894],[-47.6347,-13.1045],[-47.6789,-13.4677],[-47.8239,-13.3119],[-48.0624,-13.2354],[-48.1654,-13.3058],[-48.1466,-13.152],[-48.4417,-13.2924],[-48.5087,-13.1288],[-48.5864,-13.3176],[-48.6034,-13.0592],[-48.8574,-12.8054],[-48.9756,-12.9572],[-49.119,-12.7904],[-49.2374,-12.884],[-49.3694,-13.2746],[-50.2926,-12.8399],[-50.3001,-12.6809],[-50.1426,-12.3959],[-50.3659,-12.5461],[-50.511,-12.8607],[-50.6227,-12.8197],[-50.7064,-12.6097],[-50.6182,-12.429],[-50.6868,-12.2022],[-50.6392,-11.8846],[-50.722,-11.7397],[-50.6575,-11.5965],[-50.742,-11.4549],[-50.6094,-11.0675],[-50.6034,-10.6609],[-50.4182,-10.3563],[-50.3921,-10.134],[-50.1073,-9.5943],[-50.0377,-9.2894],[-49.745,-8.9062],[-49.5924,-8.8395],[-49.2833,-8.3796],[-49.1505,-7.8022],[-49.384,-7.5435],[-49.1852,-7.2352],[-49.2094,-6.9254],[-48.6648,-6.6628],[-48.6462,-6.5089],[-48.5076,-6.355],[-48.3826,-6.3796],[-48.4319,-6.1773],[-48.2921,-6.1041],[-48.3347,-6.0043],[-48.2316,-5.9462],[-48.2945,-5.7567],[-48.1322,-5.6181],[-48.3847,-5.3942],[-48.5913,-5.4218],[-48.7551,-5.3492],[-48.3531,-5.1739]]]}}]}