{"type":"FeatureCollection","features":[{"type":"Feature","id":"AC","properties":{"name":"AC","sigla":"AC","uf":"AC"},"geometry":{"type":"Polygon","coordinates":[[[-73.7855,-7.1213],[-72.6593,-7.625],[-70.3695,-8.1414],[-68.728,-9.0001],[-66.5888,-9.9032],[-66.7645,-10.002],[-66.8388,-10.0835],[-66.8747,-10.0821],[-66.9118,-10.1478],[-66.9964,-10.1997],[-67.0165,-10.2582],[-67.1314,-10.2933],[-67.1696,-10.3374],[-67.3153,-10.3194],[-67.3123,-10.3775],[-67.3512,-10.3924],[-67.4079,-10.3742],[-67.4444,-10.4553],[-67.5883,-10.5103],[-67.6836,-10.6274],[-67.7079,-10.7108],[-67.8696,-10.654],[-68.0598,-10.6794],[-68.2383,-10.9565],[-68.3858,-11.0183],[-68.4033,-11.0535],[-68.4883,-11.0509],[-68.5435,-11.1104],[-68.7168,-11.1452],[-68.7661,-11.0665],[-68.7489,-11.0109],[-68.7926,-10.9913],[-68.9115,-11.0223],[-69.4168,-10.9275],[-69.7164,-10.9758],[-69.7701,-10.93],[-69.934,-10.9222],[-70.1609,-11.0425],[-70.3109,-11.0706],[-70.4376,-11.0404],[-70.5325,-10.9374],[-70.6279,-11.0039],[-70.6303,-9.825],[-70.537,-9.7656],[-70.5257,-9.7148],[-70.5852,-9.6403],[-70.6008,-9.5624],[-70.5559,-9.5731],[-70.5713,-9.5338],[-70.5058,-9.5046],[-70.5252,-9.4598],[-70.4964,-9.424],[-70.5973,-9.4423],[-70.6535,-9.5191],[-70.751,-9.5602],[-70.7937,-9.6388],[-70.9638,-9.7486],[-70.9943,-9.8171],[-71.1575,-9.8717],[-71.2216,-9.9702],[-71.3121,-9.9918],[-71.3432,-9.9666],[-71.3759,-10.0007],[-72.1803,-10.0002],[-72.1361,-9.876],[-72.1514,-9.797],[-72.2629,-9.7506],[-72.2526,-9.6172],[-72.2888,-9.6029],[-72.2835,-9.5403],[-72.3185,-9.544],[-72.3575,-9.4944],[-72.5203,-9.4912],[-72.716,-9.4124],[-73.2094,-9.4136],[-73.1882,-9.3595],[-73.1067,-9.3053],[-73.0844,-9.2353],[-73.0242,-9.2266],[-72.9975,-9.1931],[-73.0138,-9.169],[-72.9584,-9.1428],[-72.9541,-8.9832],[-73.1598,-8.7098],[-73.2634,-8.6887],[-73.3276,-8.6113],[-73.3277,-8.487],[-73.4019,-8.4663],[-73.529,-8.3505],[-73.632,-8.0201],[-73.6962,-7.9594],[-73.7467,-7.956],[-73.7738,-7.9042],[-73.7626,-7.8567],[-73.707,-7.8729],[-73.6842,-7.8455],[-73.6872,-7.7756],[-73.8207,-7.7171],[-73.9896,-7.5502],[-73.9171,-7.4589],[-73.9534,-7.3461],[-73.8678,-7.3745],[-73.6904,-7.3106],[-73.7087,-7.2291],[-73.7855,-7.1213]]]}},{"type":"Feature","id":"AL","properties":{"name":"AL","sigla":"AL","uf":"AL"},"geometry":{"type":"MultiPolygon","coordinates":[[[[-35.9026,-9.8632],[-35.901,-9.8635],[-35.9024,-9.8649],[-35.9026,-9.8632]]],[[[-35.8951,-9.8501],[-35.8976,-9.8574],[-35.9007,-9.8599],[-35.8951,-9.8501]]],[[[-35.9132,-9.8438],[-35.9085,-9.8432],[-35.9099,-9.8451],[-35.9132,-9.8438]]],[[[-35.5349,-8.8195],[-35.1524,-8.9163],[-35.2863,-9.1535],[-35.2915,-9.144],[-35.3163,-9.1465],[-35.2957,-9.1724],[-35.3546,-9.2554],[-35.4162,-9.3143],[-35.4432,-9.3051],[-35.4157,-9.3201],[-35.6787,-9.6021],[-35.696,-9.6668],[-35.7574,-9.6787],[-35.889,-9.8393],[-35.9212,-9.8349],[-35.9074,-9.8746],[-36.046,-10.0721],[-36.2843,-10.289],[-36.2938,-10.3554],[-36.3862,-10.5013],[-36.456,-10.4076],[-36.5099,-10.4328],[-36.5636,-10.4178],[-36.57,-10.3216],[-36.6236,-10.2582],[-36.6964,-10.2719],[-36.8368,-10.2022],[-36.8506,-10.1622],[-36.9203,-10.1293],[-36.9919,-9.9772],[-37.0496,-9.9866],[-37.1528,-9.9009],[-37.2374,-9.8943],[-37.2853,-9.831],[-37.4189,-9.7626],[-37.5817,-9.734],[-37.7117,-9.6313],[-37.7851,-9.6386],[-37.8935,-9.5402],[-37.9892,-9.5274],[-38.0789,-9.4409],[-38.2044,-9.417],[-38.1944,-9.3856],[-38.2363,-9.331],[-38.0922,-9.1727],[-37.9793,-9.1484],[-37.839,-8.9784],[-37.829,-8.8938],[-37.7602,-8.8576],[-37.6846,-8.9671],[-37.6987,-8.9925],[-37.6615,-8.9873],[-37.6435,-9.0183],[-37.5837,-8.9703],[-37.4902,-8.9659],[-37.4693,-9.0277],[-37.3154,-9.0943],[-37.2342,-9.2402],[-37.1984,-9.2156],[-37.1588,-9.2391],[-37.1642,-9.2757],[-37.1061,-9.2398],[-36.992,-9.3746],[-36.9083,-9.3937],[-36.9377,-9.3528],[-36.8717,-9.2687],[-36.797,-9.293],[-36.6937,-9.2753],[-36.6041,-9.341],[-36.4369,-9.2121],[-36.3655,-9.2226],[-36.3096,-9.1724],[-36.2241,-9.1713],[-36.2667,-9.1024],[-36.1239,-9.0305],[-36.1042,-8.9989],[-36.1267,-8.956],[-36.0638,-8.9153],[-35.7953,-8.8481],[-35.7482,-8.9171],[-35.5349,-8.8195]]]]}},{"type":"Feature","id":"AP","properties":{"name":"AP","sigla":"AP","uf":"AP"},"geometry":{"type":"MultiPolygon","coordinates":[[[[-50.0357,0.8449],[-50.0243,0.8515],[-50.0301,0.8451],[-50.0357,0.8449]]],[[[-49.9985,0.8812],[-49.9832,0.881],[-49.9888,0.8674],[-49.9985,0.8812]]],[[[-49.9943,0.949],[-49.9849,0.9468],[-49.9943,0.9465],[-49.9943,0.949]]],[[[-49.914,1.0301],[-49.9079,1.029],[-49.9079,1.0235],[-49.914,1.0301]]],[[[-50.151,1.9062],[-50.1476,1.8913],[-50.1571,1.894],[-50.151,1.9062]]],[[[-50.1682,1.9154],[-50.1632,1.916],[-50.1638,1.9149],[-50.1682,1.9154]]],[[[-50.1779,1.9165],[-50.1696,1.9112],[-50.1774,1.9126],[-50.1779,1.9165]]],[[[-50.4018,2.1212],[-50.3121,1.9529],[-50.4268,1.8668],[-50.5229,2.0068],[-50.5079,2.0918],[-50.4018,2.1212]]],[[[-50.5124,2.1915],[-50.436,2.1721],[-50.4171,2.1179],[-50.5093,2.0996],[-50.5546,2.1513],[-50.5124,2.1915]]],[[[-50.8235,2.5276],[-50.8282,2.5193],[-50.8324,2.5199],[-50.8235,2.5276]]],[[[-51.2882,4.254],[-51.2824,4.2515],[-51.2815,4.2482],[-51.2882,4.254]]],[[[-51.5171,4.4424],[-51.394,4.3646],[-51.214,4.1485],[-51.1746,4.009],[-51.1796,3.8157],[-51.1246,3.909],[-51.0757,3.8918],[-51.1015,3.4529],[-51.0315,3.2124],[-51.0415,3.1296],[-50.9468,2.8813],[-50.9474,2.809],[-50.9054,2.7871],[-50.846,2.6396],[-50.8354,2.5165],[-50.7707,2.4563],[-50.6888,2.1349],[-50.6015,2.0726],[-50.5896,1.9924],[-50.4599,1.8154],[-50.1607,1.8138],[-49.9268,1.7007],[-49.8696,1.3974],[-49.9199,1.2801],[-49.8668,1.1899],[-49.911,1.1321],[-49.9321,0.9738],[-49.9935,0.959],[-50.0524,0.9221],[-50.0074,0.8946],[-50.0518,0.8476],[-50.0704,0.6982],[-50.2478,0.6919],[-50.3978,0.6325],[-50.4523,0.5709],[-50.5561,0.3067],[-50.6681,0.185],[-50.7847,0.1121],[-50.9341,0.0697],[-51.0849,-0.0876],[-51.2163,-0.1186],[-51.4577,-0.5133],[-51.5955,-0.6505],[-51.6791,-0.7853],[-51.7043,-1.0678],[-51.809,-1.1571],[-51.8872,-1.1664],[-51.9259,-1.1323],[-51.957,-1.1692],[-51.9853,-1.1215],[-51.9879,-1.1676],[-52.055,-1.177],[-52.0704,-1.236],[-52.1099,-1.2162],[-52.1202,-1.1462],[-52.3329,-1.1159],[-52.3581,-1.0626],[-52.427,-1.0508],[-52.4394,-0.9353],[-52.4031,-0.8772],[-52.4555,-0.8303],[-52.5386,-0.8548],[-52.4971,-0.723],[-52.5231,-0.5891],[-52.6399,-0.5849],[-52.7026,-0.4593],[-52.6791,-0.4237],[-52.6901,-0.3029],[-52.8515,-0.1502],[-52.9336,-0.1395],[-52.9772,0.0238],[-53.1752,0.3817],[-53.1534,0.5764],[-53.1062,0.684],[-53.4114,0.9293],[-53.4595,1.1275],[-53.3998,1.1584],[-53.4265,1.2427],[-53.536,1.2122],[-53.5233,1.2613],[-53.5626,1.3066],[-53.5385,1.3408],[-53.6509,1.3362],[-53.6502,1.4082],[-53.6669,1.3731],[-53.7114,1.3839],[-53.7171,1.4317],[-53.7323,1.3863],[-53.8039,1.4235],[-53.8084,1.3916],[-53.8503,1.3918],[-53.8828,1.4007],[-53.8959,1.4551],[-53.9358,1.4361],[-53.9287,1.4691],[-53.9974,1.4757],[-54.009,1.5196],[-54.0864,1.4883],[-54.1175,1.5581],[-54.1019,1.5906],[-54.1436,1.6406],[-54.1822,1.658],[-54.191,1.6249],[-54.3092,1.741],[-54.3777,1.7637],[-54.5085,1.7482],[-54.5709,1.7844],[-54.7447,1.7758],[-54.7537,1.9671],[-54.8128,2.0628],[-54.7631,2.2023],[-54.8114,2.2663],[-54.8075,2.3416],[-54.8762,2.4267],[-54.7189,2.4708],[-54.6885,2.4524],[-54.6927,2.4115],[-54.7237,2.4021],[-54.6957,2.3333],[-54.5485,2.3379],[-54.5164,2.293],[-54.5407,2.2765],[-54.4697,2.2277],[-54.3723,2.2165],[-54.3136,2.1594],[-54.1811,2.1792],[-54.1139,2.1287],[-54.0775,2.1984],[-53.9595,2.237],[-53.9364,2.2956],[-53.8179,2.3177],[-53.7835,2.3657],[-53.6936,2.2884],[-53.4711,2.3337],[-53.3967,2.2739],[-53.2728,2.2938],[-53.1877,2.2246],[-53.0828,2.2259],[-52.9867,2.1714],[-52.9047,2.1912],[-52.8528,2.2867],[-52.6721,2.3754],[-52.5547,2.5234],[-52.5303,2.5898],[-52.5548,2.6471],[-52.4278,2.8846],[-52.3808,2.9138],[-52.393,2.945],[-52.3273,3.0751],[-52.3465,3.1354],[-52.2795,3.2365],[-52.1921,3.2957],[-51.9691,3.7075],[-51.9162,3.7348],[-51.9198,3.781],[-51.7954,3.8895],[-51.753,3.9976],[-51.6578,4.0508],[-51.6059,4.2365],[-51.5551,4.2582],[-51.5651,4.3879],[-51.5171,4.4424]]]]}},{"type":"Feature","id":"AM","properties":{"name":"AM","sigla":"AM","uf":"AM"},"geometry":{"type":"MultiPolygon","coordinates":[[[[-53.6255,-26.8848],[-53.5356,-26.9446],[-53.5688,-26.9464],[-53.5888,-26.9655],[-53.553,-26.9704],[-53.5864,-27.0101],[-53.5454,-27.0281],[-53.5446,-27.0875],[-53.5199,-27.0812],[-53.5486,-27.1762],[-53.6424,-27.2209],[-53.6666,-27.1622],[-53.7368,-27.1916],[-53.7731,-27.1483],[-53.8303,-27.1709],[-53.796,-27.1414],[-53.813,-27.1038],[-53.7753,-27.1049],[-53.7943,-27.0449],[-53.7602,-27.0653],[-53.7769,-27.0351],[-53.7469,-27.0368],[-53.7264,-26.9651],[-53.6743,-26.9474],[-53.6718,-26.893],[-53.6255,-26.8848]]],[[[-67.3436,2.2054],[-67.2782,1.8757],[-67.1572,1.8488],[-67.0975,1.7326],[-67.0722,1.4611],[-67.0883,1.1669],[-66.857,1.2302],[-66.3185,0.755],[-66.213,0.7806],[-66.1511,0.7444],[-66.0886,0.759],[-66.0701,0.805],[-65.9645,0.8095],[-65.8798,0.9327],[-65.7742,0.959],[-65.7394,0.9996],[-65.5856,1.0089],[-65.4937,0.8821],[-65.5914,0.7216],[-65.5405,0.6488],[-65.4236,0.7079],[-65.3955,0.7582],[-65.413,0.8157],[-65.3292,0.9315],[-65.1825,0.9224],[-65.1473,1.0093],[-65.1695,1.0184],[-65.1551,1.1249],[-65.1031,1.1566],[-65.0713,1.1534],[-65.0613,1.1117],[-65.0222,1.1149],[-64.9608,1.2302],[-64.9352,1.2113],[-64.8983,1.2527],[-64.8781,1.2286],[-64.8105,1.3144],[-64.7466,1.2254],[-64.7019,1.2912],[-64.5908,1.3374],[-64.528,1.4441],[-64.4386,1.4718],[-64.3974,1.5268],[-64.3488,1.5021],[-64.4,1.3948],[-64.338,1.3635],[-64.3022,1.4683],[-64.0952,1.6171],[-64.0613,1.7016],[-64.0619,1.9307],[-63.9955,1.9799],[-63.8985,1.9924],[-63.846,1.964],[-63.7405,1.9996],[-63.7033,2.0462],[-63.668,2.0169],[-63.6174,2.1065],[-63.4341,2.1263],[-63.3723,2.2117],[-63.2827,2.1539],[-63.1415,2.1724],[-63.1072,2.0793],[-63.0237,2.0146],[-62.8388,2.0164],[-62.706,1.9397],[-62.7237,1.7124],[-62.8052,1.5913],[-62.6373,1.4337],[-62.5462,1.1245],[-62.521,1.0838],[-62.4716,1.0863],[-62.4457,0.9768],[-62.486,0.8665],[-62.4577,0.7852],[-62.5355,0.6938],[-62.533,0.5088],[-62.5186,0.4437],[-62.4852,0.4541],[-62.4463,0.3791],[-62.4682,0.2757],[-62.4244,0.0916],[-62.3466,0.0296],[-62.3197,-0.1026],[-62.245,-0.1747],[-62.2483,-0.302],[-62.1883,-0.3308],[-62.2022,-0.3931],[-62.3092,-0.5142],[-62.2908,-0.6467],[-62.3707,-0.6768],[-62.3588,-0.707],[-62.4069,-0.7273],[-62.4866,-0.6815],[-62.5102,-0.759],[-62.3957,-0.8204],[-62.2938,-0.9482],[-62.2038,-0.9829],[-62.1255,-1.0373],[-62.0996,-1.0968],[-62.0396,-1.1184],[-61.8966,-1.3954],[-61.7902,-1.379],[-61.6355,-1.434],[-61.4746,-1.579],[-61.4732,-1.5279],[-61.5164,-1.5025],[-61.5382,-1.4334],[-61.6191,-1.3948],[-61.5821,-1.3534],[-61.6288,-1.3015],[-61.5738,-1.1848],[-61.5766,-1.0793],[-61.5441,-1.0623],[-61.5852,-0.937],[-61.5388,-0.7562],[-61.4646,-0.6648],[-61.2241,-0.5595],[-61.2168,-0.5001],[-61.0874,-0.5001],[-61.046,-0.5459],[-60.9207,-0.5554],[-60.9082,-0.624],[-60.761,-0.7615],[-60.7527,-0.8612],[-60.6679,-0.8945],[-60.5913,-0.8534],[-60.531,-0.8751],[-60.4791,-0.7709],[-60.4271,-0.7784],[-60.3096,-0.7248],[-60.3135,-0.6415],[-60.3832,-0.5901],[-60.3999,-0.5101],[-60.2899,-0.2932],[-60.2993,-0.2118],[-60.2243,-0.1429],[-60.2032,-0.0336],[-60.1385,0.0287],[-60.1162,0.1332],[-60.059,0.163],[-60.0379,0.2635],[-58.8953,0.2635],[-58.872,-0.343],[-58.7297,-0.4353],[-58.7101,-0.5386],[-58.7339,-0.6117],[-58.7051,-0.679],[-58.436,-0.8835],[-58.4508,-0.9261],[-58.4107,-0.9813],[-58.43,-1.0271],[-58.3232,-1.1433],[-58.2547,-1.1326],[-58.1626,-1.2297],[-58.0818,-1.1265],[-58.0175,-1.1062],[-57.972,-1.1626],[-58.0009,-1.3302],[-57.9603,-1.4016],[-57.824,-1.4398],[-57.7836,-1.508],[-57.7131,-1.5042],[-57.6786,-1.5944],[-57.6025,-1.5703],[-57.5287,-1.6527],[-57.4275,-1.6918],[-57.4034,-1.6756],[-57.3926,-1.7231],[-57.3054,-1.7303],[-57.2538,-1.6963],[-57.2307,-1.7259],[-57.1648,-1.7209],[-57.1631,-1.7686],[-57.0638,-1.8085],[-57.0371,-1.9116],[-56.9883,-1.9072],[-56.859,-2.0159],[-56.7345,-2.022],[-56.7233,-2.0673],[-56.7685,-2.1658],[-56.679,-2.2126],[-56.6129,-2.2102],[-56.527,-2.1392],[-56.4138,-2.176],[-56.3696,-2.1375],[-56.3167,-2.1401],[-56.2283,-2.0562],[-56.0986,-2.0271],[-56.2202,-2.1959],[-56.3843,-2.2705],[-56.4655,-2.4231],[-56.4021,-2.4566],[-58.2625,-6.4689],[-58.3256,-6.4993],[-58.4784,-6.6996],[-58.4817,-6.7814],[-58.4345,-6.9088],[-58.2095,-7.1343],[-58.1368,-7.3565],[-58.2129,-7.4585],[-58.202,-7.6209],[-58.2779,-7.7037],[-58.2948,-7.7723],[-58.3829,-7.8391],[-58.2862,-8.0884],[-58.3225,-8.17],[-58.3148,-8.3231],[-58.417,-8.492],[-58.3913,-8.6033],[-58.4374,-8.7034],[-58.326,-8.72],[-58.3948,-8.7799],[-58.5003,-8.8028],[-61.5849,-8.7987],[-61.6305,-8.722],[-61.7132,-8.6879],[-61.7745,-8.7482],[-61.8364,-8.7327],[-61.8597,-8.853],[-61.9852,-8.8786],[-62.031,-8.7997],[-62.1249,-8.8017],[-62.2005,-8.6443],[-62.1766,-8.6369],[-62.1883,-8.5906],[-62.2688,-8.5758],[-62.2932,-8.596],[-62.2813,-8.6386],[-62.3357,-8.6095],[-62.367,-8.3896],[-62.4654,-8.3398],[-62.5261,-8.3831],[-62.5619,-8.284],[-62.6499,-8.237],[-62.683,-8.1806],[-62.6922,-8.0929],[-62.845,-7.9865],[-63.6208,-7.9693],[-63.6699,-8.1218],[-63.747,-8.1986],[-63.7227,-8.2495],[-63.7735,-8.3207],[-63.8707,-8.2888],[-63.9441,-8.3312],[-63.9779,-8.4201],[-63.9408,-8.4523],[-63.9745,-8.4872],[-63.9245,-8.5755],[-63.9459,-8.6095],[-63.9862,-8.5856],[-64.0278,-8.7157],[-64.1309,-8.7222],[-64.1494,-8.9589],[-64.3113,-8.9965],[-64.3234,-8.9289],[-64.6111,-9.0165],[-64.8393,-8.9941],[-64.9173,-9.0431],[-64.9361,-9.2558],[-65.0979,-9.4325],[-65.1855,-9.427],[-65.2081,-9.2856],[-65.2467,-9.2577],[-65.3852,-9.338],[-65.4471,-9.3164],[-65.4348,-9.4663],[-65.4928,-9.4737],[-65.5968,-9.4139],[-65.6795,-9.4514],[-65.7236,-9.5591],[-65.7916,-9.5856],[-65.9704,-9.4132],[-66.124,-9.4088],[-66.1737,-9.4344],[-66.2679,-9.4098],[-66.3076,-9.4368],[-66.409,-9.4069],[-66.3925,-9.5005],[-66.5007,-9.6336],[-66.6096,-9.6649],[-66.7255,-9.7561],[-66.7755,-9.7531],[-66.8065,-9.8145],[-68.728,-9.0001],[-70.3695,-8.1414],[-72.6593,-7.625],[-73.7957,-7.1136],[-73.7577,-7.0359],[-73.7265,-7.0347],[-73.761,-6.936],[-73.6382,-6.7539],[-73.5365,-6.6831],[-73.3801,-6.6359],[-73.3531,-6.5936],[-73.2282,-6.5883],[-73.1881,-6.5221],[-73.132,-6.5068],[-73.1019,-6.4026],[-73.2456,-6.1436],[-73.2358,-6.0317],[-73.1855,-6.0003],[-73.1554,-5.8713],[-73.0548,-5.7948],[-72.9602,-5.6556],[-72.9597,-5.4645],[-72.8639,-5.2707],[-72.8898,-5.1628],[-72.8175,-5.1384],[-72.8207,-5.1028],[-72.7431,-5.0898],[-72.7311,-5.0527],[-72.6238,-5.0522],[-72.599,-4.9838],[-72.5225,-4.9597],[-72.5216,-4.9324],[-72.4822,-4.9504],[-72.4517,-4.9153],[-72.4701,-4.8908],[-72.4158,-4.9009],[-72.3703,-4.8044],[-72.323,-4.8117],[-72.3257,-4.7791],[-72.2787,-4.7709],[-72.272,-4.7987],[-72.1393,-4.7109],[-72.1259,-4.7344],[-72.0422,-4.6222],[-72.005,-4.6449],[-71.9945,-4.6091],[-71.947,-4.6076],[-71.9187,-4.529],[-71.8849,-4.5369],[-71.9067,-4.5152],[-71.866,-4.5268],[-71.787,-4.4824],[-71.7663,-4.5027],[-71.7516,-4.4669],[-71.7079,-4.5099],[-71.659,-4.5009],[-71.6542,-4.4704],[-71.6484,-4.5026],[-71.6154,-4.4664],[-71.6344,-4.5108],[-71.6037,-4.5284],[-71.537,-4.4625],[-71.4944,-4.4859],[-71.5059,-4.4371],[-71.4824,-4.4569],[-71.4763,-4.4333],[-71.4126,-4.4353],[-71.4357,-4.4766],[-71.3897,-4.4264],[-71.346,-4.4255],[-71.3095,-4.4631],[-71.3198,-4.4173],[-71.2783,-4.4398],[-71.2709,-4.3839],[-71.2238,-4.4064],[-71.2014,-4.3778],[-71.1943,-4.4231],[-71.1481,-4.3806],[-71.1164,-4.4076],[-71.0937,-4.3728],[-70.9956,-4.3866],[-70.9931,-4.3447],[-70.9368,-4.3843],[-70.8459,-4.2797],[-70.8626,-4.2498],[-70.8168,-4.2302],[-70.8435,-4.2178],[-70.7576,-4.1587],[-70.6815,-4.2073],[-70.6452,-4.1275],[-70.6169,-4.1299],[-70.6217,-4.1925],[-70.5637,-4.1757],[-70.571,-4.2115],[-70.5513,-4.1374],[-70.5088,-4.1499],[-70.5027,-4.2001],[-70.4852,-4.161],[-70.4335,-4.1609],[-70.4336,-4.131],[-70.3789,-4.1337],[-70.3388,-4.179],[-70.3215,-4.1422],[-70.2861,-4.169],[-70.2926,-4.2858],[-70.2518,-4.2705],[-70.2602,-4.3084],[-70.2137,-4.2981],[-70.2003,-4.3575],[-70.1525,-4.3286],[-70.1577,-4.2752],[-70.1207,-4.2851],[-70.109,-4.2561],[-70.0956,-4.288],[-70.0418,-4.2928],[-70.0789,-4.3146],[-70.0272,-4.3686],[-69.9555,-4.3852],[-69.9754,-4.3377],[-69.7779,-3.3983],[-69.4525,-1.4776],[-69.3683,-1.3337],[-69.3751,-1.1733],[-69.4314,-1.0785],[-69.4219,-0.9979],[-69.5079,-0.9364],[-69.5516,-0.8128],[-69.6087,-0.7548],[-69.5512,-0.648],[-69.5866,-0.6043],[-69.5933,-0.5167],[-69.7307,-0.4568],[-69.8503,-0.3352],[-69.9079,-0.3158],[-70.068,-0.1348],[-70.0373,0.553],[-69.973,0.5824],[-69.7984,0.5847],[-69.664,0.6721],[-69.6057,0.6231],[-69.5658,0.6854],[-69.4682,0.7343],[-69.3571,0.6205],[-69.295,0.6483],[-69.2877,0.609],[-69.2015,0.6018],[-69.1864,0.6386],[-69.1119,0.6428],[-69.1835,0.7304],[-69.1461,0.7691],[-69.1671,0.8276],[-69.137,0.8685],[-69.183,0.8851],[-69.1754,0.9363],[-69.2567,1.0255],[-69.3421,1.064],[-69.4164,1.0237],[-69.4557,1.0563],[-69.6082,1.0736],[-69.7003,1.0556],[-69.7208,1.0971],[-69.818,1.055],[-69.8541,1.0697],[-69.8552,1.7149],[-69.6608,1.7241],[-69.5557,1.7752],[-69.3946,1.7257],[-68.1286,1.732],[-68.1893,1.7485],[-68.199,1.7894],[-68.2446,1.7815],[-68.2374,1.8317],[-68.2896,1.8413],[-68.2188,2.0065],[-68.1341,1.9794],[-68.0878,1.9013],[-67.9415,1.8307],[-67.9132,1.8978],[-67.8599,1.9201],[-67.7692,2.0393],[-67.62,2.0236],[-67.5403,2.1558],[-67.4067,2.2462],[-67.3436,2.2054]]]]}},{"type":"Feature","id":"BA","properties":{"name":"BA","sigla":"BA","uf":"BA"},"geometry":{"type":"MultiPolygon","coordinates":[[[[-38.7015,-17.979],[-38.696,-17.9813],[-38.7015,-17.9813],[-38.7015,-17.979]]],[[[-38.7118,-17.9696],[-38.7079,-17.9724],[-38.7124,-17.9715],[-38.7118,-17.9696]]],[[[-39.2143,-17.9732],[-39.2082,-17.9729],[-39.1996,-17.9768],[-39.2143,-17.9732]]],[[[-39.2051,-17.9657],[-39.2065,-17.9646],[-39.2051,-17.9643],[-39.2051,-17.9657]]],[[[-38.7129,-17.9657],[-38.7076,-17.966],[-38.7082,-17.9679],[-38.7129,-17.9657]]],[[[-38.706,-17.9646],[-38.6924,-17.9632],[-38.691,-17.9665],[-38.706,-17.9646]]],[[[-38.694,-17.9604],[-38.6915,-17.9607],[-38.6935,-17.9615],[-38.694,-17.9604]]],[[[-39.3112,-17.8135],[-39.3124,-17.8124],[-39.3112,-17.8121],[-39.3112,-17.8135]]],[[[-39.2015,-17.7549],[-39.1824,-17.7493],[-39.2001,-17.7587],[-39.2015,-17.7549]]],[[[-39.2985,-17.7115],[-39.2835,-17.7168],[-39.2996,-17.7171],[-39.2985,-17.7115]]],[[[-39.1796,-17.0826],[-39.1785,-17.081],[-39.1785,-17.0832],[-39.1796,-17.0826]]],[[[-38.9999,-16.9999],[-39.0001,-17.0001],[-39.0001,-16.9999],[-38.9999,-16.9999]]],[[[-39.0143,-16.2637],[-39.0157,-16.2693],[-39.0168,-16.269],[-39.0143,-16.2637]]],[[[-39.0176,-16.2588],[-39.0154,-16.2593],[-39.0174,-16.2599],[-39.0176,-16.2588]]],[[[-39.0149,-16.2551],[-39.0101,-16.254],[-39.0135,-16.2601],[-39.0149,-16.2551]]],[[[-38.8635,-15.8418],[-38.8507,-15.8501],[-38.8668,-15.8485],[-38.8635,-15.8418]]],[[[-38.9254,-15.7149],[-38.924,-15.7176],[-38.9246,-15.7176],[-38.9254,-15.7149]]],[[[-39.0018,-15.2999],[-38.9938,-15.3024],[-38.9949,-15.3057],[-39.0018,-15.2999]]],[[[-39.0588,-14.7699],[-39.0571,-14.7693],[-39.0571,-14.7712],[-39.0588,-14.7699]]],[[[-39.004,-14.0257],[-38.9932,-14.0218],[-38.9974,-14.0299],[-39.004,-14.0257]]],[[[-38.9976,-14.011],[-38.9954,-14.0126],[-38.9982,-14.0146],[-38.9976,-14.011]]],[[[-38.9968,-14.009],[-38.9843,-14.0076],[-38.989,-14.0154],[-38.9968,-14.009]]],[[[-38.9696,-13.9776],[-38.9671,-13.9738],[-38.9665,-13.976],[-38.9696,-13.9776]]],[[[-39.0013,-13.9649],[-38.9987,-13.9663],[-39.0004,-13.9665],[-39.0013,-13.9649]]],[[[-39.0787,-13.9376],[-39.071,-13.9385],[-39.0737,-13.9435],[-39.0787,-13.9376]]],[[[-38.9907,-13.9379],[-38.9918,-13.9343],[-38.9871,-13.9374],[-38.9907,-13.9379]]],[[[-39.0471,-13.9332],[-39.0438,-13.9343],[-39.0468,-13.936],[-39.0471,-13.9332]]],[[[-39.0732,-13.9307],[-39.0754,-13.9315],[-39.0732,-13.929],[-39.0732,-13.9307]]],[[[-39.0751,-13.9349],[-39.0654,-13.9351],[-39.0682,-13.9379],[-39.0751,-13.9349]]],[[[-38.9993,-13.8988],[-39.0076,-13.9404],[-39.0157,-13.9415],[-39.0271,-13.9163],[-38.9993,-13.8988]]],[[[-39.0804,-13.8962],[-39.0735,-13.8985],[-39.0785,-13.9032],[-39.0804,-13.8962]]],[[[-39.076,-13.8918],[-39.0715,-13.8935],[-39.0737,-13.8949],[-39.076,-13.8918]]],[[[-39.1101,-13.8915],[-39.1076,-13.8907],[-39.1076,-13.8924],[-39.1101,-13.8915]]],[[[-39.0721,-13.9096],[-39.0546,-13.8899],[-39.0404,-13.9051],[-39.0721,-13.9096]]],[[[-38.9426,-13.836],[-38.9382,-13.836],[-38.9382,-13.8388],[-38.9426,-13.836]]],[[[-39.0951,-13.7657],[-39.0904,-13.7687],[-39.0962,-13.7676],[-39.0951,-13.7657]]],[[[-39.1082,-13.7646],[-39.1054,-13.7651],[-39.106,-13.766],[-39.1082,-13.7646]]],[[[-39.1037,-13.7626],[-39.0999,-13.7582],[-39.0968,-13.7674],[-39.1049,-13.7676],[-39.1037,-13.7626]]],[[[-39.0954,-13.764],[-39.0749,-13.7621],[-39.0737,-13.7693],[-39.0954,-13.764]]],[[[-39.1446,-13.7443],[-39.1396,-13.7471],[-39.1454,-13.7496],[-39.1446,-13.7443]]],[[[-39.0749,-13.7318],[-39.0718,-13.734],[-39.0737,-13.7343],[-39.0749,-13.7318]]],[[[-39.129,-13.7226],[-39.1268,-13.7257],[-39.1287,-13.7257],[-39.129,-13.7226]]],[[[-39.1257,-13.7212],[-39.1176,-13.7232],[-39.1199,-13.7257],[-39.1257,-13.7212]]],[[[-39.1343,-13.7196],[-39.1315,-13.7185],[-39.1318,-13.7199],[-39.1343,-13.7196]]],[[[-39.131,-13.7174],[-39.1271,-13.7174],[-39.1301,-13.7193],[-39.131,-13.7174]]],[[[-38.9657,-13.6754],[-38.9629,-13.6774],[-38.9643,-13.6779],[-38.9657,-13.6754]]],[[[-39.0962,-13.5657],[-39.0946,-13.5635],[-39.0949,-13.5671],[-39.0962,-13.5657]]],[[[-39.059,-13.4793],[-39.0563,-13.4812],[-39.0596,-13.4818],[-39.059,-13.4793]]],[[[-39.0615,-13.4754],[-39.0604,-13.4796],[-39.0618,-13.4796],[-39.0615,-13.4754]]],[[[-39.0526,-13.431],[-39.0424,-13.4396],[-39.0454,-13.4429],[-39.0526,-13.431]]],[[[-38.9976,-13.3785],[-38.991,-13.3818],[-38.9982,-13.3804],[-38.9976,-13.3785]]],[[[-38.9926,-13.3785],[-38.9882,-13.3788],[-38.9863,-13.3835],[-38.9926,-13.3785]]],[[[-38.8121,-13.0418],[-38.791,-13.0421],[-38.8126,-13.0557],[-38.8121,-13.0418]]],[[[-38.7782,-13.0165],[-38.7532,-13.0279],[-38.7865,-13.0376],[-38.7782,-13.0165]]],[[[-38.7513,-12.999],[-38.7424,-13.0038],[-38.7493,-13.004],[-38.7513,-12.999]]],[[[-38.7665,-12.9962],[-38.7626,-12.9987],[-38.7674,-12.9979],[-38.7665,-12.9962]]],[[[-38.744,-12.9893],[-38.751,-12.9949],[-38.7462,-12.9876],[-38.744,-12.9893]]],[[[-38.7468,-12.9804],[-38.7451,-12.9774],[-38.7454,-12.9807],[-38.7468,-12.9804]]],[[[-38.7418,-12.9018],[-38.7368,-12.9004],[-38.7407,-12.9043],[-38.7418,-12.9018]]],[[[-38.7313,-12.8932],[-38.7279,-12.8951],[-38.7321,-12.8963],[-38.7313,-12.8932]]],[[[-38.7351,-12.8871],[-38.7285,-12.8887],[-38.7363,-12.8929],[-38.7351,-12.8871]]],[[[-38.6846,-12.879],[-38.6157,-12.9301],[-38.6146,-12.9857],[-38.7904,-13.1321],[-38.7946,-13.0526],[-38.7265,-13.0199],[-38.6685,-12.9604],[-38.6846,-12.879]]],[[[-38.2779,-12.8774],[-38.2776,-12.879],[-38.2785,-12.879],[-38.2779,-12.8774]]],[[[-38.7101,-12.8571],[-38.7071,-12.8576],[-38.7071,-12.8582],[-38.7101,-12.8571]]],[[[-38.8549,-12.849],[-38.8518,-12.8496],[-38.8521,-12.8504],[-38.8549,-12.849]]],[[[-38.8362,-12.8299],[-38.8338,-12.8315],[-38.8365,-12.8315],[-38.8362,-12.8299]]],[[[-38.8393,-12.8365],[-38.8201,-12.8451],[-38.8218,-12.8479],[-38.8393,-12.8365]]],[[[-38.9207,-12.8301],[-38.9168,-12.8315],[-38.9212,-12.836],[-38.9207,-12.8301]]],[[[-38.9149,-12.8249],[-38.9174,-12.829],[-38.9149,-12.8226],[-38.9149,-12.8249]]],[[[-38.9246,-12.811],[-38.921,-12.8121],[-38.9246,-12.8154],[-38.9246,-12.811]]],[[[-38.9129,-12.8104],[-38.9113,-12.8115],[-38.9129,-12.8146],[-38.9129,-12.8104]]],[[[-38.9232,-12.8182],[-38.9143,-12.8165],[-38.924,-12.8246],[-38.9232,-12.8182]]],[[[-38.8754,-12.7718],[-38.8718,-12.7746],[-38.8749,-12.7757],[-38.8754,-12.7718]]],[[[-38.6543,-12.7643],[-38.6512,-12.7665],[-38.6546,-12.7665],[-38.6543,-12.7643]]],[[[-38.6357,-12.7699],[-38.6226,-12.7876],[-38.6415,-12.8149],[-38.6576,-12.7768],[-38.6357,-12.7699]]],[[[-38.6457,-12.7599],[-38.6362,-12.7626],[-38.6365,-12.7649],[-38.6457,-12.7599]]],[[[-38.6207,-12.7543],[-38.6176,-12.7551],[-38.6204,-12.7557],[-38.6207,-12.7543]]],[[[-38.6254,-12.7546],[-38.6218,-12.7518],[-38.6221,-12.754],[-38.6254,-12.7546]]],[[[-38.6385,-12.7485],[-38.6354,-12.7476],[-38.6357,-12.7485],[-38.6385,-12.7485]]],[[[-38.516,-12.7421],[-38.5129,-12.7437],[-38.5162,-12.7446],[-38.516,-12.7421]]],[[[-38.5532,-12.7579],[-38.5157,-12.7521],[-38.5235,-12.7999],[-38.5532,-12.7579]]],[[[-38.6474,-12.7449],[-38.6401,-12.7393],[-38.641,-12.7501],[-38.6474,-12.7449]]],[[[-38.6362,-12.7285],[-38.6307,-12.7326],[-38.6343,-12.7388],[-38.6362,-12.7285]]],[[[-38.6237,-12.7513],[-38.6085,-12.7285],[-38.606,-12.7354],[-38.5965,-12.741],[-38.6237,-12.7513]]],[[[-38.6324,-12.7265],[-38.6354,-12.711],[-38.6271,-12.7126],[-38.6324,-12.7265]]],[[[-38.6299,-12.7012],[-38.6229,-12.7076],[-38.6362,-12.7054],[-38.6365,-12.7015],[-38.6299,-12.7012]]],[[[-38.7096,-12.6874],[-38.7068,-12.6882],[-38.7074,-12.6893],[-38.7096,-12.6874]]],[[[-38.726,-12.6732],[-38.7243,-12.6754],[-38.7254,-12.676],[-38.726,-12.6732]]],[[[-38.7315,-12.6768],[-38.726,-12.6782],[-38.7271,-12.6796],[-38.7315,-12.6768]]],[[[-38.7279,-12.6699],[-38.7254,-12.6693],[-38.726,-12.6718],[-38.7279,-12.6699]]],[[[-38.7099,-12.6671],[-38.7065,-12.6665],[-38.7068,-12.6687],[-38.7099,-12.6671]]],[[[-38.7088,-12.681],[-38.711,-12.6707],[-38.704,-12.6715],[-38.7088,-12.681]]],[[[-38.7299,-12.6629],[-38.729,-12.6612],[-38.7257,-12.6624],[-38.7299,-12.6629]]],[[[-38.7054,-12.6257],[-38.7026,-12.6235],[-38.7024,-12.6276],[-38.7054,-12.6257]]],[[[-38.7024,-12.5974],[-38.701,-12.6124],[-38.7071,-12.6174],[-38.7062,-12.6263],[-38.6821,-12.6449],[-38.6907,-12.6679],[-38.7154,-12.6443],[-38.7024,-12.5974]]],[[[-37.4218,-11.5079],[-37.4174,-11.5068],[-37.4224,-11.5096],[-37.4218,-11.5079]]],[[[-37.4129,-11.5001],[-37.4015,-11.4976],[-37.4149,-11.5035],[-37.4129,-11.5001]]],[[[-38.0015,-12.5779],[-38.2746,-12.8743],[-38.2774,-12.874],[-38.2824,-12.8793],[-38.3162,-12.9265],[-38.3532,-12.9565],[-38.4699,-13.0149],[-38.5332,-13.0115],[-38.5021,-12.9471],[-38.5196,-12.9276],[-38.4907,-12.9268],[-38.4782,-12.906],[-38.4996,-12.789],[-38.4562,-12.8163],[-38.4487,-12.7676],[-38.4313,-12.7829],[-38.4249,-12.7699],[-38.4524,-12.7515],[-38.4879,-12.7901],[-38.496,-12.7299],[-38.6215,-12.7263],[-38.6185,-12.6918],[-38.6404,-12.6926],[-38.6326,-12.6713],[-38.6485,-12.6943],[-38.6501,-12.6296],[-38.7054,-12.6207],[-38.6987,-12.6115],[-38.7007,-12.5968],[-38.6938,-12.591],[-38.6951,-12.5799],[-38.7557,-12.7093],[-38.749,-12.7604],[-38.8121,-12.8418],[-38.8285,-12.8265],[-38.8596,-12.8207],[-38.8546,-12.796],[-38.8851,-12.6901],[-38.8821,-12.6854],[-38.8649,-12.6868],[-38.8554,-12.6804],[-38.8551,-12.6543],[-38.8779,-12.6579],[-38.8568,-12.6774],[-38.8874,-12.6718],[-38.916,-12.7376],[-38.8918,-12.7668],[-38.9199,-12.7868],[-38.9162,-12.8051],[-38.926,-12.809],[-38.9304,-12.8457],[-38.9179,-12.8462],[-38.9243,-12.8504],[-38.9307,-12.8613],[-38.9168,-12.8468],[-38.9212,-12.8407],[-38.9132,-12.8301],[-38.9082,-12.8124],[-38.9107,-12.7932],[-38.8835,-12.7765],[-38.8585,-12.8493],[-38.8374,-12.8554],[-38.8512,-12.8688],[-38.8551,-12.8863],[-38.8549,-12.8924],[-38.8526,-12.8963],[-38.7938,-12.8401],[-38.7751,-12.8879],[-38.7582,-12.8651],[-38.7201,-12.8768],[-38.7551,-12.9001],[-38.7724,-12.9887],[-38.786,-12.9918],[-38.7918,-13.0246],[-38.8076,-13.0307],[-38.8143,-13.0421],[-38.8146,-13.056],[-38.8454,-13.049],[-38.8038,-13.0674],[-38.8271,-13.1207],[-38.804,-13.1424],[-38.9535,-13.2487],[-38.9551,-13.3785],[-38.9999,-13.361],[-39.0438,-13.379],[-39.0346,-13.3629],[-39.0365,-13.3596],[-39.0426,-13.3574],[-39.0385,-13.3507],[-39.0385,-13.349],[-39.0421,-13.3451],[-39.0382,-13.3449],[-39.0368,-13.3429],[-39.041,-13.3365],[-39.0421,-13.3376],[-39.0438,-13.3579],[-39.036,-13.3629],[-39.0479,-13.3663],[-39.0721,-13.4412],[-39.0715,-13.4854],[-39.0896,-13.5129],[-39.0982,-13.5651],[-39.0854,-13.5887],[-39.0924,-13.5351],[-39.0396,-13.4804],[-39.0321,-13.3921],[-38.9532,-13.4032],[-38.9146,-13.3735],[-38.8904,-13.4551],[-38.929,-13.5768],[-38.9488,-13.5665],[-38.9551,-13.5682],[-38.9363,-13.579],[-38.9143,-13.5779],[-38.8907,-13.6535],[-38.9712,-13.6721],[-38.9901,-13.8435],[-39.044,-13.811],[-39.0657,-13.7621],[-39.0524,-13.7404],[-39.0696,-13.7354],[-39.0574,-13.7071],[-39.0626,-13.7013],[-39.0757,-13.731],[-39.0662,-13.7535],[-39.1218,-13.701],[-39.1385,-13.7126],[-39.151,-13.7582],[-39.1179,-13.7288],[-39.1149,-13.7704],[-39.0612,-13.7871],[-39.0529,-13.8474],[-39.0043,-13.854],[-39.0299,-13.9015],[-39.061,-13.8782],[-39.1243,-13.8871],[-39.0749,-13.9154],[-39.1032,-13.9482],[-39.0768,-13.941],[-39.0838,-14.009],[-39.0529,-13.9385],[-39.0501,-13.964],[-39.0407,-13.971],[-39.0451,-13.9807],[-39.0401,-13.9921],[-39.0401,-13.9688],[-39.049,-13.9571],[-38.9985,-13.971],[-39.0257,-14.0246],[-38.9785,-14.054],[-38.9557,-13.9654],[-38.989,-13.911],[-38.9474,-13.8793],[-38.9282,-13.9076],[-38.991,-14.2012],[-38.9801,-14.2949],[-39.066,-14.6365],[-39.0532,-14.7746],[-39.0676,-14.7349],[-39.0682,-14.7393],[-39.0646,-14.7582],[-39.059,-14.7718],[-39.054,-14.7788],[-39.0251,-14.769],[-39.0032,-15.3007],[-38.9254,-15.7037],[-38.9382,-15.6815],[-38.9443,-15.6843],[-38.921,-15.7371],[-38.9121,-15.7157],[-38.8582,-15.8312],[-38.8735,-15.8507],[-38.8557,-15.8574],[-38.9529,-16.0993],[-38.9482,-16.1568],[-39.031,-16.259],[-39.009,-16.3746],[-39.064,-16.4551],[-39.0882,-16.4443],[-39.059,-16.4582],[-39.1474,-16.801],[-39.1129,-16.8962],[-39.1518,-16.9418],[-39.214,-17.1693],[-39.1937,-17.5801],[-39.1371,-17.691],[-39.229,-17.7512],[-39.2668,-17.7349],[-39.2679,-17.729],[-39.2615,-17.7232],[-39.256,-17.706],[-39.2788,-17.719],[-39.2738,-17.6887],[-39.3013,-17.7101],[-39.3054,-17.679],[-39.2893,-17.6688],[-39.2857,-17.6588],[-39.289,-17.6582],[-39.291,-17.669],[-39.3054,-17.6768],[-39.3076,-17.6829],[-39.3029,-17.7276],[-39.316,-17.7199],[-39.3279,-17.7168],[-39.346,-17.7132],[-39.3504,-17.7171],[-39.3613,-17.7379],[-39.3457,-17.7149],[-39.306,-17.7296],[-39.2799,-17.7263],[-39.3132,-17.7371],[-39.3282,-17.7732],[-39.3107,-17.7376],[-39.2746,-17.7488],[-39.2868,-17.7488],[-39.291,-17.7651],[-39.2879,-17.7682],[-39.2793,-17.7682],[-39.2863,-17.7818],[-39.2976,-17.7787],[-39.3082,-17.7812],[-39.3132,-17.8174],[-39.2782,-17.7726],[-39.2785,-17.766],[-39.2888,-17.7657],[-39.2729,-17.7554],[-39.274,-17.7462],[-39.2812,-17.739],[-39.2796,-17.7315],[-39.2057,-17.7721],[-39.3229,-17.8932],[-39.3582,-17.8868],[-39.3482,-17.8512],[-39.3251,-17.8571],[-39.3146,-17.8518],[-39.3387,-17.8215],[-39.3212,-17.8132],[-39.3182,-17.7779],[-39.3537,-17.8218],[-39.3187,-17.8529],[-39.3496,-17.8457],[-39.3604,-17.876],[-39.3879,-17.8599],[-39.3965,-17.864],[-39.4087,-17.8607],[-39.4176,-17.8643],[-39.3729,-17.8874],[-39.3876,-17.8868],[-39.4063,-17.8943],[-39.4074,-17.8974],[-39.4054,-17.9021],[-39.401,-17.9068],[-39.4085,-17.911],[-39.4001,-17.9074],[-39.4057,-17.8951],[-39.3724,-17.8899],[-39.3724,-17.8787],[-39.3604,-17.9021],[-39.4971,-18.0049],[-39.6279,-18.2174],[-39.6699,-18.3499],[-40.2224,-17.9804],[-40.2634,-17.922],[-40.175,-17.8527],[-40.2239,-17.7341],[-40.2803,-17.7228],[-40.3486,-17.6145],[-40.3546,-17.6443],[-40.4144,-17.6101],[-40.4106,-17.5682],[-40.4604,-17.5685],[-40.5206,-17.4465],[-40.6234,-17.406],[-40.5997,-17.3903],[-40.6089,-17.3269],[-40.5477,-17.2837],[-40.5711,-17.2522],[-40.57,-17.0619],[-40.4911,-16.8845],[-40.4075,-16.8987],[-40.3664,-16.8742],[-40.327,-16.9093],[-40.2816,-16.9012],[-40.2468,-16.8457],[-40.2577,-16.8065],[-40.3454,-16.7873],[-40.2754,-16.574],[-40.1598,-16.5803],[-40.1711,-16.5241],[-40.0991,-16.4231],[-40.0683,-16.4584],[-39.9907,-16.3134],[-39.9686,-16.3271],[-39.9166,-16.2838],[-39.9358,-16.245],[-39.8833,-16.1947],[-39.8969,-16.1416],[-39.8568,-16.1138],[-39.9356,-16.0237],[-39.9155,-16.001],[-40.0044,-16.0018],[-40.0661,-15.9602],[-40.085,-15.8971],[-40.1707,-15.9075],[-40.166,-15.8684],[-40.2311,-15.8038],[-40.3768,-15.8235],[-40.4606,-15.7537],[-40.562,-15.8033],[-40.6993,-15.6686],[-40.7676,-15.7141],[-40.8175,-15.6476],[-40.8815,-15.6945],[-40.9622,-15.6489],[-41.0042,-15.7121],[-41.0775,-15.7193],[-41.1442,-15.7718],[-41.2152,-15.7372],[-41.3311,-15.7447],[-41.3564,-15.5003],[-41.8007,-15.1011],[-41.8709,-15.1165],[-41.9325,-15.1745],[-42.0916,-15.1866],[-42.1733,-15.086],[-42.2647,-15.1252],[-42.4429,-15.0606],[-42.4367,-15.0227],[-42.7233,-14.8856],[-42.927,-14.7441],[-42.9388,-14.708],[-43.0837,-14.698],[-43.1763,-14.6505],[-43.4348,-14.723],[-43.4713,-14.7882],[-43.5313,-14.8153],[-43.5806,-14.7508],[-43.7198,-14.7295],[-43.7262,-14.6982],[-43.8835,-14.6532],[-43.8738,-14.5206],[-43.7831,-14.3392],[-43.9421,-14.3051],[-43.9863,-14.2676],[-44.0345,-14.2889],[-44.16,-14.2576],[-44.1976,-14.2887],[-44.1729,-14.2666],[-44.2153,-14.2334],[-44.2475,-14.2601],[-44.3164,-14.2404],[-44.5655,-14.3401],[-44.7012,-14.4498],[-44.8332,-14.4998],[-44.8434,-14.5808],[-45.0395,-14.6803],[-45.0834,-14.749],[-45.2055,-14.7447],[-45.4551,-14.9537],[-45.5661,-14.9449],[-45.7218,-15.1121],[-45.8253,-15.1164],[-45.8729,-15.1579],[-45.9537,-15.1395],[-46.077,-15.2647],[-46.1192,-15.1922],[-46.0498,-15.1664],[-45.966,-14.9656],[-46.0528,-14.8314],[-46.008,-14.7932],[-46.0025,-14.7106],[-46.0286,-14.682],[-45.9897,-14.6592],[-45.977,-14.5388],[-46.0167,-14.4193],[-45.9353,-14.4153],[-45.9072,-14.3534],[-45.996,-14.2572],[-46.061,-14.2325],[-46.0634,-14.1936],[-46.0962,-14.2055],[-46.1181,-14.1604],[-46.2657,-14.098],[-46.21,-14.0129],[-46.2681,-13.9438],[-46.2344,-13.849],[-46.2824,-13.7965],[-46.2235,-13.7695],[-46.2668,-13.7403],[-46.2363,-13.7082],[-46.2607,-13.6872],[-46.1619,-13.5909],[-46.2355,-13.5629],[-46.2064,-13.4656],[-46.2432,-13.4309],[-46.0484,-13.3092],[-46.0421,-13.2727],[-46.2655,-13.348],[-46.3159,-13.3032],[-46.2985,-13.2537],[-46.3311,-13.2495],[-46.292,-13.1479],[-46.3226,-13.0983],[-46.2733,-13.015],[-46.1258,-12.9615],[-46.1138,-12.919],[-46.3047,-12.9499],[-46.2623,-12.8317],[-46.2649,-12.717],[-46.2932,-12.6928],[-46.2568,-12.6561],[-46.2901,-12.6318],[-46.2799,-12.5849],[-46.2568,-12.5474],[-46.1606,-12.5286],[-46.154,-12.4834],[-46.2548,-12.4943],[-46.2563,-12.4244],[-46.301,-12.4158],[-46.2856,-12.3791],[-46.3523,-12.3374],[-46.3234,-12.3035],[-46.3743,-12.2898],[-46.3598,-12.224],[-46.3909,-12.1939],[-46.3663,-12.1113],[-46.3978,-12.0403],[-46.3257,-11.9585],[-46.1712,-11.901],[-46.3179,-11.8985],[-46.3745,-11.8686],[-46.3227,-11.7707],[-46.3734,-11.7511],[-46.296,-11.6959],[-46.3133,-11.6299],[-46.1539,-11.657],[-46.0831,-11.6361],[-46.3134,-11.5395],[-46.4793,-11.5164],[-46.617,-11.2895],[-46.6096,-11.2559],[-46.4723,-11.1912],[-46.3989,-10.9944],[-46.2834,-10.9068],[-46.2816,-10.8297],[-46.2295,-10.7945],[-46.2514,-10.7571],[-46.1925,-10.7197],[-46.2109,-10.6497],[-46.0661,-10.6033],[-46.025,-10.5428],[-45.8277,-10.436],[-45.8247,-10.366],[-45.7384,-10.3425],[-45.6975,-10.2636],[-45.6992,-10.1669],[-45.7228,-10.1553],[-45.6031,-10.108],[-45.3964,-10.4469],[-45.4472,-10.5074],[-45.4341,-10.6254],[-45.248,-10.822],[-45.0732,-10.8404],[-44.9312,-10.9288],[-44.8458,-10.8998],[-44.7512,-10.7821],[-44.6676,-10.7601],[-44.6677,-10.686],[-44.5777,-10.6268],[-44.5024,-10.6499],[-44.3356,-10.549],[-44.264,-10.6247],[-44.1344,-10.6362],[-44.0725,-10.5803],[-44.0293,-10.4164],[-43.9172,-10.4244],[-43.779,-10.1805],[-43.766,-10.0801],[-43.6929,-10.0774],[-43.6622,-10.0043],[-43.709,-9.9132],[-43.6532,-9.8391],[-43.7849,-9.7624],[-43.8496,-9.5481],[-43.7697,-9.4421],[-43.6868,-9.4181],[-43.4854,-9.2653],[-43.4278,-9.2726],[-43.2787,-9.4246],[-43.2186,-9.4006],[-43.1917,-9.4204],[-43.1199,-9.3725],[-43.057,-9.4178],[-42.9718,-9.4081],[-42.9462,-9.5184],[-42.8696,-9.564],[-42.8371,-9.5504],[-42.8205,-9.6192],[-42.7651,-9.6168],[-42.72,-9.5312],[-42.6216,-9.5412],[-42.5864,-9.4968],[-42.522,-9.503],[-42.4429,-9.4574],[-42.3191,-9.3203],[-42.2261,-9.2838],[-42.2082,-9.1943],[-42.2064,-9.2928],[-42.0225,-9.25],[-41.9179,-9.2785],[-41.8379,-9.2423],[-41.8,-9.148],[-41.7351,-9.0947],[-41.7236,-9.0136],[-41.6057,-8.9574],[-41.5445,-8.9606],[-41.4878,-8.8439],[-41.4242,-8.8025],[-41.3989,-8.705],[-41.2815,-8.7361],[-41.2269,-8.7047],[-41.1136,-8.704],[-41.1245,-8.7527],[-41.0362,-8.7859],[-41.0212,-8.8436],[-40.9213,-8.8355],[-40.8041,-9.0983],[-40.6674,-9.1591],[-40.6866,-9.2769],[-40.7554,-9.3137],[-40.7426,-9.4007],[-40.7767,-9.4544],[-40.6231,-9.4829],[-40.5293,-9.4141],[-40.4678,-9.4206],[-40.4208,-9.3526],[-40.3713,-9.3787],[-40.335,-9.3539],[-40.2507,-9.0605],[-40.1287,-9.1096],[-40.0656,-9.0632],[-39.958,-9.0486],[-39.8739,-8.9313],[-39.8946,-8.8317],[-39.6918,-8.7972],[-39.6911,-8.6623],[-39.6075,-8.656],[-39.3762,-8.534],[-39.2826,-8.5681],[-39.2252,-8.711],[-39.169,-8.6922],[-39.037,-8.7356],[-38.9526,-8.8041],[-38.7987,-8.7928],[-38.7065,-8.8623],[-38.6695,-8.9757],[-38.6238,-8.9798],[-38.6038,-8.8806],[-38.5514,-8.8227],[-38.4699,-8.8655],[-38.5193,-8.9458],[-38.4833,-9.0015],[-38.4084,-9.0385],[-38.3206,-8.9911],[-38.2963,-9.0229],[-38.3186,-9.141],[-38.2374,-9.3297],[-38.2029,-9.2969],[-38.2363,-9.331],[-38.1944,-9.3856],[-38.2044,-9.417],[-38.0789,-9.4409],[-37.9988,-9.4977],[-38.0404,-9.6025],[-37.9878,-9.6474],[-38.0425,-9.7161],[-38.0281,-9.7761],[-37.9666,-9.8161],[-37.9976,-9.9167],[-37.96,-9.9703],[-37.8317,-10.0009],[-37.7361,-10.3334],[-37.8389,-10.3792],[-37.859,-10.4265],[-37.813,-10.5085],[-37.8405,-10.5496],[-37.8138,-10.6911],[-37.9998,-10.7644],[-38.0582,-10.7086],[-38.2119,-10.7092],[-38.2456,-10.8227],[-38.2295,-10.9159],[-38.173,-10.94],[-38.176,-10.9853],[-38.107,-11.0139],[-38.0629,-11.1638],[-37.9743,-11.1953],[-38.0033,-11.2895],[-37.9778,-11.3936],[-37.8658,-11.4285],[-37.8137,-11.5143],[-37.6702,-11.564],[-37.6959,-11.6087],[-37.6712,-11.6724],[-37.6237,-11.6618],[-37.5617,-11.7045],[-37.5349,-11.7007],[-37.6113,-11.6504],[-37.5663,-11.554],[-37.4735,-11.5235],[-37.484,-11.5482],[-37.4738,-11.5799],[-37.4618,-11.5263],[-37.4426,-11.5299],[-37.349,-11.4568],[-37.7696,-12.2368],[-38.0015,-12.5779]]]]}},{"type":"Feature","id":"CE","properties":{"name":"CE","sigla":"CE","uf":"CE"},"geometry":{"type":"MultiPolygon","coordinates":[[[[-38.4754,-3.7049],[-38.4726,-3.7021],[-38.4729,-3.7049],[-38.4754,-3.7049]]],[[[-40.8379,-2.8818],[-40.8368,-2.8863],[-40.8413,-2.8851],[-40.8379,-2.8818]]],[[[-40.004,-2.839],[-40.0024,-2.8399],[-40.0035,-2.8404],[-40.004,-2.839]]],[[[-40.0054,-2.8407],[-40.0037,-2.8407],[-40.004,-2.8415],[-40.0054,-2.8407]]],[[[-40.499,-2.7846],[-40.4113,-2.8132],[-40.1963,-2.8096],[-40.139,-2.8457],[-40.1235,-2.8221],[-39.9751,-2.8507],[-40.0021,-2.8407],[-39.9929,-2.8393],[-39.9637,-2.8507],[-39.9338,-2.8707],[-39.8754,-2.8968],[-39.919,-2.8712],[-39.904,-2.874],[-39.3876,-3.1865],[-39.3526,-3.1749],[-39.2532,-3.2218],[-39.0632,-3.4068],[-39.0821,-3.4062],[-39.0863,-3.4079],[-39.0887,-3.4118],[-38.9801,-3.4054],[-38.9121,-3.5018],[-38.8396,-3.5465],[-38.7935,-3.5288],[-38.7571,-3.6126],[-38.6493,-3.6849],[-38.4976,-3.7251],[-38.4635,-3.7068],[-38.3593,-3.8882],[-38.2732,-3.9437],[-38.0449,-4.2193],[-37.8329,-4.4104],[-37.7699,-4.3996],[-37.7218,-4.506],[-37.591,-4.6265],[-37.4985,-4.6268],[-37.3246,-4.7007],[-37.2521,-4.8321],[-37.6402,-4.9264],[-37.6771,-5.0525],[-37.724,-5.0699],[-37.7649,-5.1396],[-37.783,-5.2948],[-37.8474,-5.34],[-37.9019,-5.4975],[-38.0826,-5.6723],[-38.0889,-5.7281],[-38.047,-5.7304],[-38.1646,-5.9461],[-38.3047,-6.087],[-38.3467,-6.0673],[-38.3652,-6.0885],[-38.3831,-6.053],[-38.4472,-6.0853],[-38.5785,-6.2802],[-38.5633,-6.3558],[-38.602,-6.3896],[-38.5301,-6.3934],[-38.5178,-6.4087],[-38.6122,-6.5132],[-38.6766,-6.7035],[-38.6499,-6.7522],[-38.6695,-6.7594],[-38.6141,-6.7832],[-38.6753,-6.8618],[-38.7651,-6.9109],[-38.7422,-6.9743],[-38.7649,-6.9939],[-38.6698,-7.0477],[-38.6878,-7.1902],[-38.6234,-7.1928],[-38.595,-7.2465],[-38.5519,-7.2435],[-38.5345,-7.2938],[-38.5852,-7.4348],[-38.6448,-7.46],[-38.6553,-7.5656],[-38.711,-7.5866],[-38.7427,-7.6603],[-38.8196,-7.6648],[-38.8219,-7.7148],[-38.9395,-7.7588],[-38.965,-7.8448],[-39.0178,-7.8139],[-39.0912,-7.8582],[-39.1356,-7.7234],[-39.208,-7.6896],[-39.2525,-7.7049],[-39.2719,-7.6605],[-39.3068,-7.6651],[-39.2779,-7.607],[-39.3172,-7.5415],[-39.6625,-7.3106],[-39.9151,-7.3381],[-39.9614,-7.389],[-40.2464,-7.4337],[-40.3193,-7.3744],[-40.5484,-7.3927],[-40.4897,-7.1187],[-40.4062,-7.0053],[-40.4293,-6.9946],[-40.4285,-6.8643],[-40.3705,-6.8031],[-40.4321,-6.813],[-40.4762,-6.7345],[-40.7101,-6.6761],[-40.7921,-6.5129],[-40.7811,-6.3243],[-40.8522,-6.2242],[-40.8733,-6.0563],[-40.9071,-6.0418],[-40.8742,-5.9743],[-40.9387,-5.6734],[-40.901,-5.6158],[-40.9424,-5.4205],[-40.9115,-5.4074],[-40.9361,-5.366],[-40.9252,-5.1821],[-41.1318,-5.0481],[-41.1214,-5.024],[-41.0518,-5.0241],[-41.1212,-5.0236],[-41.2215,-4.9369],[-41.2491,-4.8691],[-41.208,-4.7768],[-41.2503,-4.7566],[-41.1742,-4.6675],[-41.2425,-4.5715],[-41.1907,-4.5155],[-41.1201,-4.3306],[-41.1359,-4.2335],[-41.0826,-4.1896],[-41.1431,-4.1243],[-41.1142,-4.0407],[-41.2546,-4.0358],[-41.2202,-3.9415],[-41.2768,-3.8256],[-41.3008,-3.8263],[-41.2394,-3.7126],[-41.3417,-3.6808],[-41.3313,-3.6247],[-41.3712,-3.5678],[-41.2992,-3.491],[-41.328,-3.4887],[-41.3479,-3.4146],[-41.4235,-3.368],[-41.3191,-3.1454],[-41.2566,-3.088],[-41.2571,-3.0047],[-41.319,-2.9574],[-41.3209,-2.9182],[-41.2621,-2.8854],[-41.1037,-2.8993],[-40.8763,-2.861],[-40.8357,-2.8899],[-40.7535,-2.8501],[-40.6665,-2.8685],[-40.6963,-2.8487],[-40.5851,-2.849],[-40.499,-2.7846]]]]}},{"type":"Feature","id":"DF","properties":{"name":"DF","sigla":"DF","uf":"DF"},"geometry":{"type":"Polygon","coordinates":[[[-48.2005,-15.5002],[-47.4173,-15.5003],[-47.4177,-15.5468],[-47.3158,-15.5944],[-47.3141,-15.7472],[-47.3792,-15.8808],[-47.3758,-15.9866],[-47.3088,-16.0505],[-48.2791,-16.0516],[-48.2524,-15.9368],[-48.2767,-15.9305],[-48.287,-15.8431],[-48.206,-15.7415],[-48.2408,-15.6845],[-48.2003,-15.6219],[-48.2005,-15.5002]]]}},{"type":"Feature","id":"ES","properties":{"name":"ES","sigla":"ES","uf":"ES"},"geometry":{"type":"MultiPolygon","coordinates":[[[[-40.8854,-21.1629],[-40.8821,-21.1629],[-40.8824,-21.1646],[-40.8854,-21.1629]]],[[[-40.7562,-20.9268],[-40.7518,-20.9274],[-40.7562,-20.929],[-40.7562,-20.9268]]],[[[-40.7287,-20.8557],[-40.726,-20.8554],[-40.7285,-20.8568],[-40.7287,-20.8557]]],[[[-40.7279,-20.8493],[-40.7254,-20.8507],[-40.7279,-20.851],[-40.7279,-20.8493]]],[[[-40.7235,-20.8426],[-40.7187,-20.8457],[-40.7243,-20.8468],[-40.7235,-20.8426]]],[[[-40.3838,-20.6149],[-40.3796,-20.6135],[-40.381,-20.6157],[-40.3838,-20.6149]]],[[[-40.3765,-20.611],[-40.3726,-20.6093],[-40.3729,-20.6129],[-40.3765,-20.611]]],[[[-40.3921,-20.5971],[-40.3901,-20.5985],[-40.3929,-20.5987],[-40.3921,-20.5971]]],[[[-28.8506,-20.4969],[-28.8469,-20.4972],[-28.8475,-20.4981],[-28.8506,-20.4969]]],[[[-29.3375,-20.4858],[-29.2969,-20.5164],[-29.3007,-20.528],[-29.3317,-20.5253],[-29.3375,-20.4858]]],[[[-28.8544,-20.4736],[-28.8472,-20.4747],[-28.8511,-20.4797],[-28.8544,-20.4736]]],[[[-28.854,-20.4692],[-28.8566,-20.4695],[-28.8553,-20.4675],[-28.854,-20.4692]]],[[[-40.2965,-20.3801],[-40.2951,-20.3818],[-40.2976,-20.3818],[-40.2965,-20.3801]]],[[[-40.3099,-20.324],[-40.3076,-20.3254],[-40.3096,-20.326],[-40.3099,-20.324]]],[[[-40.2718,-20.3207],[-40.2699,-20.3224],[-40.2721,-20.3224],[-40.2718,-20.3207]]],[[[-40.2768,-20.3071],[-40.2738,-20.3087],[-40.2768,-20.309],[-40.2768,-20.3071]]],[[[-40.3585,-20.3032],[-40.3579,-20.3071],[-40.3593,-20.3076],[-40.3585,-20.3032]]],[[[-40.2849,-20.301],[-40.2768,-20.3021],[-40.2854,-20.3051],[-40.2849,-20.301]]],[[[-39.6651,-18.3407],[-39.6653,-18.3407],[-39.6651,-18.3404],[-39.6651,-18.3407]]],[[[-39.6649,-18.3401],[-39.665,-18.3401],[-39.6649,-18.3398],[-39.6649,-18.3401]]],[[[-39.6646,-18.3396],[-39.6648,-18.3396],[-39.6645,-18.3392],[-39.6646,-18.3396]]],[[[-39.6643,-18.339],[-39.6645,-18.339],[-39.6643,-18.3386],[-39.6643,-18.339]]],[[[-40.5178,-17.8942],[-40.2224,-17.9804],[-39.6668,-18.3323],[-39.7324,-18.5246],[-39.7465,-18.7071],[-39.7507,-18.9535],[-39.6893,-19.2901],[-39.7035,-19.3921],[-39.811,-19.6499],[-39.9896,-19.7435],[-40.1157,-19.9324],[-40.1674,-19.9543],[-40.1751,-19.9426],[-40.1743,-19.9293],[-40.179,-19.9246],[-40.2001,-19.9188],[-40.2168,-19.9232],[-40.2238,-19.9112],[-40.2332,-19.9099],[-40.2171,-19.9243],[-40.1754,-19.9299],[-40.2212,-19.9382],[-40.1318,-19.966],[-40.1921,-20.0551],[-40.171,-20.1074],[-40.2296,-20.2951],[-40.2657,-20.2663],[-40.2907,-20.2874],[-40.2901,-20.3079],[-40.2765,-20.3121],[-40.3521,-20.3237],[-40.3504,-20.2926],[-40.3243,-20.2515],[-40.314,-20.2499],[-40.3104,-20.2424],[-40.3793,-20.2782],[-40.3537,-20.2821],[-40.3663,-20.3126],[-40.3557,-20.3265],[-40.3096,-20.3301],[-40.266,-20.3243],[-40.314,-20.3915],[-40.3587,-20.5193],[-40.4324,-20.6413],[-40.4632,-20.6238],[-40.4685,-20.6632],[-40.4815,-20.6526],[-40.5285,-20.6665],[-40.5368,-20.6857],[-40.5229,-20.691],[-40.5274,-20.6671],[-40.4915,-20.6693],[-40.5862,-20.8068],[-40.6307,-20.8412],[-40.646,-20.7857],[-40.7557,-20.8599],[-40.8065,-20.9499],[-40.8118,-21.0343],[-40.9499,-21.229],[-40.9593,-21.2972],[-41.0924,-21.2187],[-41.1908,-21.2485],[-41.5657,-21.1827],[-41.5877,-21.1488],[-41.7355,-21.1025],[-41.7124,-20.8716],[-41.7418,-20.8728],[-41.7556,-20.8075],[-41.8789,-20.7608],[-41.8087,-20.6442],[-41.8561,-20.6145],[-41.8049,-20.5447],[-41.7982,-20.435],[-41.8587,-20.373],[-41.8471,-20.3295],[-41.781,-20.2925],[-41.7567,-20.2069],[-41.3821,-20.1888],[-41.3079,-19.9483],[-41.1848,-19.889],[-41.1684,-19.6722],[-41.0368,-19.5688],[-41.0457,-19.488],[-40.9722,-19.5053],[-40.9493,-19.4732],[-40.9679,-19.4272],[-40.9076,-19.3088],[-40.9444,-19.2795],[-40.9175,-19.2563],[-40.9441,-19.1444],[-41.0655,-19.0513],[-41.0663,-19.0067],[-41.018,-18.9735],[-41.1036,-18.9341],[-41.1663,-18.8582],[-41.2147,-18.8776],[-41.2454,-18.822],[-41.2325,-18.7973],[-41.1341,-18.796],[-41.0974,-18.8423],[-40.9371,-18.8307],[-40.9167,-18.8155],[-40.9436,-18.6876],[-41.0531,-18.6287],[-41.0227,-18.4577],[-41.182,-18.4391],[-41.0525,-18.3437],[-40.985,-18.4114],[-40.9336,-18.3965],[-40.925,-18.4391],[-40.849,-18.4344],[-40.8425,-18.4977],[-40.7304,-18.4651],[-40.6508,-18.5164],[-40.5172,-18.4868],[-40.6077,-18.4165],[-40.5751,-18.3441],[-40.6017,-18.3436],[-40.6189,-18.2876],[-40.5509,-18.2278],[-40.5581,-18.1146],[-40.6128,-18.1075],[-40.6618,-18.0131],[-40.6134,-17.9397],[-40.5178,-17.8942]]]]}},{"type":"Feature","id":"GO","properties":{"name":"GO","sigla":"GO","uf":"GO"},"geometry":{"type":"Polygon","coordinates":[[[-50.1426,-12.3959],[-50.2297,-12.5324],[-50.1931,-12.5643],[-50.2382,-12.5796],[-50.2668,-12.6825],[-50.3001,-12.6809],[-50.2926,-12.8399],[-49.9133,-12.966],[-49.3694,-13.2746],[-49.34,-13.2431],[-49.3374,-13.0663],[-49.2374,-12.884],[-49.119,-12.7904],[-49.1062,-12.8361],[-49.0675,-12.8473],[-49.078,-12.9037],[-49.0245,-12.9066],[-48.9756,-12.9572],[-48.874,-12.8074],[-48.8467,-12.8098],[-48.8423,-12.8444],[-48.7365,-12.921],[-48.7307,-12.9898],[-48.6745,-12.9953],[-48.6015,-13.0629],[-48.5864,-13.3176],[-48.5536,-13.302],[-48.5546,-13.205],[-48.5087,-13.1288],[-48.4725,-13.1428],[-48.4752,-13.2357],[-48.4417,-13.2924],[-48.2318,-13.1682],[-48.1466,-13.152],[-48.1654,-13.3058],[-48.083,-13.2888],[-48.0624,-13.2354],[-47.9663,-13.3153],[-47.9358,-13.2907],[-47.8239,-13.3119],[-47.6789,-13.4677],[-47.6227,-13.3677],[-47.6501,-13.3513],[-47.6404,-13.2632],[-47.6688,-13.2094],[-47.6347,-13.1045],[-47.5613,-13.1247],[-47.563,-13.1842],[-47.4788,-13.1851],[-47.4871,-13.2203],[-47.4357,-13.2271],[-47.454,-13.2481],[-47.4269,-13.2894],[-47.3777,-13.2306],[-47.2821,-13.2649],[-47.2291,-13.1949],[-47.153,-13.21],[-47.1325,-13.1785],[-46.9788,-13.1316],[-46.7506,-12.9692],[-46.4546,-12.9712],[-46.4176,-12.8235],[-46.3661,-12.8649],[-46.3638,-12.9912],[-46.1146,-12.9184],[-46.1258,-12.9615],[-46.2733,-13.015],[-46.3226,-13.0983],[-46.292,-13.1479],[-46.3311,-13.2495],[-46.2985,-13.2537],[-46.3159,-13.3032],[-46.2793,-13.3479],[-46.0421,-13.2727],[-46.0484,-13.3092],[-46.2432,-13.4309],[-46.2064,-13.4656],[-46.2355,-13.5629],[-46.1619,-13.5909],[-46.2607,-13.6872],[-46.2363,-13.7082],[-46.2668,-13.7403],[-46.2235,-13.7695],[-46.2824,-13.7965],[-46.2344,-13.849],[-46.2681,-13.9438],[-46.21,-14.0129],[-46.2657,-14.098],[-46.1181,-14.1604],[-46.0962,-14.2055],[-46.0634,-14.1936],[-46.061,-14.2325],[-45.996,-14.2572],[-45.9069,-14.3581],[-45.9353,-14.4153],[-46.0167,-14.4193],[-45.977,-14.5388],[-45.9897,-14.6592],[-46.0286,-14.682],[-46.0025,-14.7106],[-46.008,-14.7932],[-46.0528,-14.8314],[-46.0374,-14.8741],[-46.0881,-14.9364],[-46.1614,-14.9062],[-46.1764,-14.9491],[-46.2868,-14.9282],[-46.3193,-14.9004],[-46.3004,-14.8581],[-46.3221,-14.8146],[-46.5034,-14.7044],[-46.5658,-14.7864],[-46.5215,-14.8512],[-46.5465,-14.9254],[-46.503,-15.0526],[-46.6254,-15.0895],[-46.8568,-15.0103],[-46.9226,-15.0546],[-46.8891,-15.1116],[-46.9409,-15.2296],[-46.9276,-15.2551],[-46.8922,-15.2353],[-46.8893,-15.2822],[-46.8364,-15.3245],[-46.8694,-15.3615],[-46.8494,-15.3732],[-46.9304,-15.4431],[-46.949,-15.5546],[-46.8547,-15.6204],[-46.8112,-15.8849],[-47.087,-15.9609],[-47.1419,-15.9266],[-47.2195,-16.0142],[-47.2765,-16.0062],[-47.3191,-16.0367],[-47.3758,-15.9866],[-47.3792,-15.8808],[-47.3141,-15.7472],[-47.3158,-15.5944],[-47.4177,-15.5468],[-47.4173,-15.5003],[-48.2005,-15.5002],[-48.2003,-15.6219],[-48.2408,-15.6845],[-48.206,-15.7415],[-48.287,-15.8431],[-48.2767,-15.9305],[-48.2524,-15.9368],[-48.2791,-16.0516],[-47.3058,-16.056],[-47.352,-16.132],[-47.3224,-16.2313],[-47.4271,-16.3942],[-47.4589,-16.504],[-47.4128,-16.5759],[-47.3185,-16.6036],[-47.2501,-16.6668],[-47.1935,-16.8252],[-47.1967,-16.9095],[-47.1602,-16.9221],[-47.1317,-17.0104],[-47.2735,-17.1036],[-47.2827,-17.1441],[-47.3519,-17.1665],[-47.3626,-17.2227],[-47.4344,-17.2762],[-47.4407,-17.3477],[-47.5118,-17.3317],[-47.5411,-17.4543],[-47.4924,-17.5264],[-47.3309,-17.5248],[-47.2668,-17.6091],[-47.2704,-17.6745],[-47.3136,-17.699],[-47.373,-17.8299],[-47.2832,-18.0582],[-47.3577,-18.085],[-47.5337,-18.2307],[-47.5387,-18.195],[-47.5675,-18.2039],[-47.6387,-18.2877],[-47.6261,-18.3343],[-47.6575,-18.3278],[-47.7023,-18.3791],[-47.7405,-18.3638],[-47.7478,-18.4116],[-47.8091,-18.4009],[-47.8319,-18.4498],[-47.9549,-18.5003],[-47.9809,-18.4429],[-48.0064,-18.4543],[-48.0558,-18.4132],[-48.1146,-18.4266],[-48.1613,-18.3722],[-48.2624,-18.3319],[-48.3136,-18.3848],[-48.4057,-18.3563],[-48.4796,-18.3797],[-48.5614,-18.3239],[-48.7557,-18.3444],[-48.8163,-18.3797],[-48.832,-18.3461],[-48.9367,-18.3062],[-49.0537,-18.4026],[-49.0264,-18.4309],[-49.042,-18.5113],[-49.0048,-18.5372],[-49.1286,-18.5309],[-49.1664,-18.571],[-49.2109,-18.5262],[-49.2716,-18.5277],[-49.3947,-18.6463],[-49.4818,-18.561],[-49.4924,-18.4968],[-49.5358,-18.4936],[-49.5549,-18.545],[-49.6517,-18.5624],[-49.6401,-18.6002],[-49.7702,-18.6128],[-49.7836,-18.6413],[-50.0165,-18.5998],[-50.08,-18.6722],[-50.2946,-18.6919],[-50.4414,-18.8907],[-50.5091,-18.9374],[-50.4987,-19.034],[-50.5375,-19.0994],[-50.585,-19.1374],[-50.6752,-19.1371],[-50.6806,-19.1732],[-50.7334,-19.1858],[-50.7477,-19.2358],[-50.8171,-19.2898],[-50.8739,-19.41],[-50.8249,-19.475],[-50.8421,-19.4991],[-51.0307,-19.4014],[-51.0179,-19.3839],[-51.0879,-19.3083],[-51.2029,-19.2612],[-51.2522,-19.2741],[-51.4204,-19.1665],[-51.6579,-19.1379],[-51.8548,-19.0514],[-51.9403,-18.9679],[-52.0155,-18.9828],[-52.0813,-18.9509],[-52.1814,-18.8479],[-52.3341,-18.8282],[-52.4491,-18.691],[-52.553,-18.657],[-52.5928,-18.6899],[-52.7495,-18.6908],[-52.9166,-18.6392],[-52.9623,-18.5408],[-52.8737,-18.4281],[-52.7984,-18.4149],[-52.7594,-18.3492],[-52.8162,-18.3121],[-52.9493,-18.2966],[-53.0297,-18.3513],[-53.1011,-18.3108],[-53.1432,-18.0818],[-53.0756,-18.0508],[-53.07,-17.9865],[-53.1314,-17.9168],[-53.1686,-17.7663],[-53.2383,-17.7141],[-53.2463,-17.5267],[-53.1975,-17.3813],[-53.2186,-17.2993],[-53.1191,-17.1132],[-53.056,-17.0704],[-53.0551,-16.9634],[-53.0113,-16.858],[-52.9505,-16.8604],[-52.9326,-16.8029],[-52.7859,-16.7412],[-52.7468,-16.6307],[-52.7156,-16.6393],[-52.7507,-16.5827],[-52.7055,-16.5973],[-52.6261,-16.5334],[-52.6375,-16.5029],[-52.6043,-16.4647],[-52.6883,-16.3963],[-52.6736,-16.2941],[-52.5472,-16.2613],[-52.5692,-16.2307],[-52.5255,-16.1406],[-52.3311,-16.0725],[-52.2526,-15.8927],[-52.008,-15.8855],[-51.9493,-15.8113],[-51.8795,-15.8254],[-51.7629,-15.6456],[-51.7762,-15.5377],[-51.7277,-15.5506],[-51.7354,-15.5109],[-51.6999,-15.4874],[-51.652,-15.1799],[-51.5359,-15.0697],[-51.3377,-14.9734],[-51.3019,-14.9865],[-51.2904,-15.0343],[-51.2425,-15.0354],[-51.084,-14.9164],[-51.0898,-14.8412],[-51.0441,-14.7931],[-51.0539,-14.7467],[-50.9628,-14.5271],[-50.999,-14.4192],[-50.9752,-14.2909],[-50.9133,-14.1698],[-50.9174,-14.1148],[-50.869,-14.1256],[-50.8336,-14.0899],[-50.8655,-13.9802],[-50.8414,-13.8629],[-50.8717,-13.7331],[-50.8039,-13.691],[-50.7634,-13.53],[-50.6654,-13.4423],[-50.6656,-13.3761],[-50.6072,-13.3109],[-50.585,-13.2198],[-50.6107,-13.0631],[-50.5691,-13.0391],[-50.593,-13.0029],[-50.5259,-12.9764],[-50.478,-12.71],[-50.4353,-12.6943],[-50.4408,-12.6533],[-50.4133,-12.6501],[-50.3659,-12.5461],[-50.1426,-12.3959]]]}},{"type":"Feature","id":"MA","properties":{"name":"MA","sigla":"MA","uf":"MA"},"geometry":{"type":"MultiPolygon","coordinates":[[[[-42.1237,-2.8093],[-42.1165,-2.8107],[-42.1185,-2.8129],[-42.1237,-2.8093]]],[[[-42.0488,-2.7843],[-42.0454,-2.7838],[-42.0457,-2.7854],[-42.0488,-2.7843]]],[[[-42.0262,-2.7749],[-42.0404,-2.8049],[-42.0601,-2.8007],[-42.0771,-2.801],[-42.0696,-2.7793],[-42.0443,-2.7871],[-42.0262,-2.7749]]],[[[-42.1965,-2.7915],[-42.1799,-2.7874],[-42.1799,-2.7957],[-42.1965,-2.7915]]],[[[-42.0238,-2.7729],[-42.0168,-2.776],[-42.0215,-2.7785],[-42.0238,-2.7729]]],[[[-42.0346,-2.7682],[-42.0318,-2.7726],[-42.0368,-2.7779],[-42.0346,-2.7682]]],[[[-42.2418,-2.769],[-42.231,-2.769],[-42.2285,-2.7849],[-42.2418,-2.769]]],[[[-42.0087,-2.7765],[-41.9999,-2.7715],[-41.9999,-2.7832],[-42.0087,-2.7765]]],[[[-42.1079,-2.7588],[-42.0871,-2.7907],[-42.1093,-2.7954],[-42.1143,-2.8088],[-42.1254,-2.7974],[-42.1785,-2.7965],[-42.1551,-2.771],[-42.1349,-2.781],[-42.1079,-2.7588]]],[[[-42.151,-2.7676],[-42.129,-2.7651],[-42.1301,-2.7763],[-42.151,-2.7676]]],[[[-44.0965,-2.751],[-44.0943,-2.7496],[-44.0946,-2.751],[-44.0965,-2.751]]],[[[-44.094,-2.7476],[-44.0918,-2.7462],[-44.0924,-2.7487],[-44.094,-2.7476]]],[[[-41.8157,-2.739],[-41.814,-2.7371],[-41.8146,-2.7393],[-41.8157,-2.739]]],[[[-44.0737,-2.7374],[-44.0713,-2.7376],[-44.0737,-2.746],[-44.0737,-2.7374]]],[[[-42.431,-2.7315],[-42.4249,-2.734],[-42.4249,-2.7351],[-42.431,-2.7315]]],[[[-41.8129,-2.7374],[-41.8076,-2.7318],[-41.8065,-2.7357],[-41.8129,-2.7374]]],[[[-42.0429,-2.719],[-42.041,-2.7129],[-42.0415,-2.7193],[-42.0429,-2.719]]],[[[-42.2365,-2.6857],[-42.206,-2.7126],[-42.1488,-2.7263],[-42.1207,-2.7549],[-42.1751,-2.7765],[-42.1774,-2.7496],[-42.2532,-2.7371],[-42.2365,-2.6857]]],[[[-42.2149,-2.684],[-42.0607,-2.6899],[-42.0262,-2.7601],[-42.0824,-2.7765],[-42.0999,-2.7462],[-42.0765,-2.754],[-42.0765,-2.7412],[-42.2149,-2.684]]],[[[-42.7018,-2.6332],[-42.7018,-2.6385],[-42.7035,-2.6387],[-42.7018,-2.6332]]],[[[-42.7046,-2.584],[-42.7032,-2.591],[-42.7068,-2.589],[-42.7157,-2.5879],[-42.7046,-2.584]]],[[[-43.8815,-2.5818],[-43.8737,-2.5824],[-43.8799,-2.5863],[-43.8815,-2.5818]]],[[[-43.8957,-2.5885],[-43.8818,-2.586],[-43.8868,-2.5968],[-43.8957,-2.5885]]],[[[-42.7365,-2.5746],[-42.7343,-2.5757],[-42.736,-2.5765],[-42.7365,-2.5746]]],[[[-43.8871,-2.5715],[-43.8865,-2.5768],[-43.8885,-2.5776],[-43.8871,-2.5715]]],[[[-42.7232,-2.5826],[-42.7124,-2.571],[-42.7112,-2.5749],[-42.7232,-2.5826]]],[[[-42.7296,-2.5646],[-42.7179,-2.5621],[-42.7224,-2.569],[-42.7296,-2.5646]]],[[[-42.7629,-2.5557],[-42.7637,-2.5618],[-42.7679,-2.5596],[-42.7629,-2.5557]]],[[[-43.7012,-2.5296],[-43.6963,-2.5335],[-43.7018,-2.5337],[-43.706,-2.539],[-43.7012,-2.5296]]],[[[-43.7888,-2.5321],[-43.7849,-2.5324],[-43.7893,-2.5396],[-43.7888,-2.5321]]],[[[-43.8915,-2.5268],[-43.8857,-2.559],[-43.8665,-2.5615],[-43.8826,-2.5821],[-43.8915,-2.5268]]],[[[-43.6193,-2.5274],[-43.6171,-2.5288],[-43.6199,-2.5315],[-43.6193,-2.5274]]],[[[-43.6901,-2.5371],[-43.6971,-2.5235],[-43.6901,-2.5204],[-43.6862,-2.5251],[-43.6901,-2.5371]]],[[[-43.6999,-2.5199],[-43.6951,-2.5221],[-43.7001,-2.521],[-43.6999,-2.5199]]],[[[-43.6174,-2.5176],[-43.6146,-2.5182],[-43.6151,-2.5201],[-43.6174,-2.5176]]],[[[-43.7674,-2.5093],[-43.7718,-2.5118],[-43.7674,-2.5085],[-43.7674,-2.5093]]],[[[-43.6804,-2.5046],[-43.679,-2.5076],[-43.6804,-2.509],[-43.6804,-2.5046]]],[[[-43.4501,-2.5068],[-43.4437,-2.5182],[-43.4499,-2.5318],[-43.4501,-2.5068]]],[[[-43.7535,-2.4993],[-43.7493,-2.5004],[-43.7507,-2.5038],[-43.7535,-2.4993]]],[[[-43.4854,-2.5229],[-43.4768,-2.4885],[-43.474,-2.5243],[-43.4854,-2.5229]]],[[[-43.474,-2.4737],[-43.464,-2.4824],[-43.4651,-2.4851],[-43.474,-2.4737]]],[[[-44.0726,-2.4615],[-44.0629,-2.4671],[-44.081,-2.4613],[-44.0726,-2.4615]]],[[[-43.5801,-2.4585],[-43.5732,-2.4801],[-43.6099,-2.5068],[-43.6043,-2.4904],[-43.5801,-2.4585]]],[[[-44.0715,-2.4468],[-44.0649,-2.4435],[-44.0687,-2.451],[-44.074,-2.451],[-44.0715,-2.4468]]],[[[-43.3985,-2.4404],[-43.3968,-2.439],[-43.3954,-2.4404],[-43.3985,-2.4404]]],[[[-43.8635,-2.4399],[-43.8529,-2.4374],[-43.8582,-2.4446],[-43.8635,-2.4399]]],[[[-44.1282,-2.4282],[-44.1304,-2.4279],[-44.1274,-2.4265],[-44.1282,-2.4282]]],[[[-43.4643,-2.4174],[-43.4282,-2.429],[-43.4254,-2.4365],[-43.4643,-2.4174]]],[[[-43.7407,-2.4329],[-43.7465,-2.416],[-43.7351,-2.4274],[-43.7407,-2.4329]]],[[[-43.8021,-2.3915],[-43.824,-2.4735],[-43.7854,-2.4735],[-43.7868,-2.4193],[-43.7432,-2.4399],[-43.7801,-2.4735],[-43.7912,-2.5468],[-43.8193,-2.5435],[-43.8335,-2.5501],[-43.8496,-2.4099],[-43.8021,-2.3915]]],[[[-43.5274,-2.3718],[-43.506,-2.4046],[-43.5363,-2.4068],[-43.5274,-2.3718]]],[[[-43.7888,-2.379],[-43.7543,-2.3843],[-43.789,-2.4162],[-43.7888,-2.379]]],[[[-43.6312,-2.3649],[-43.636,-2.3782],[-43.6382,-2.3793],[-43.6312,-2.3649]]],[[[-43.5549,-2.3574],[-43.561,-2.4229],[-43.601,-2.4124],[-43.6085,-2.3899],[-43.5776,-2.3885],[-43.5715,-2.3851],[-43.6113,-2.3765],[-43.5549,-2.3574]]],[[[-43.7313,-2.3057],[-43.7257,-2.3057],[-43.731,-2.3096],[-43.7313,-2.3057]]],[[[-43.6215,-2.2904],[-43.6163,-2.2924],[-43.6235,-2.2921],[-43.6215,-2.2904]]],[[[-43.6304,-2.2887],[-43.626,-2.2904],[-43.6321,-2.2907],[-43.6304,-2.2887]]],[[[-43.6437,-2.2846],[-43.6399,-2.2921],[-43.6557,-2.3007],[-43.6437,-2.2846]]],[[[-43.6121,-2.2843],[-43.5965,-2.2804],[-43.5979,-2.2935],[-43.6121,-2.2843]]],[[[-43.6237,-2.2512],[-43.6015,-2.2699],[-43.6404,-2.2757],[-43.6771,-2.2996],[-43.6843,-2.344],[-43.6249,-2.3099],[-43.6446,-2.3799],[-43.6387,-2.4021],[-43.6613,-2.3815],[-43.711,-2.4276],[-43.7438,-2.4162],[-43.7163,-2.2879],[-43.6237,-2.2512]]],[[[-44.4693,-2.0713],[-44.466,-2.0735],[-44.4721,-2.0751],[-44.4693,-2.0713]]],[[[-44.5521,-1.8851],[-44.551,-1.8868],[-44.5524,-1.8868],[-44.5521,-1.8851]]],[[[-44.5582,-1.8807],[-44.5474,-1.8785],[-44.5496,-1.8796],[-44.5582,-1.8807]]],[[[-44.5551,-1.8729],[-44.5515,-1.8765],[-44.5563,-1.8771],[-44.5551,-1.8729]]],[[[-44.524,-1.8488],[-44.5215,-1.8485],[-44.5224,-1.8515],[-44.524,-1.8488]]],[[[-44.5624,-1.8262],[-44.5599,-1.8265],[-44.5599,-1.829],[-44.5624,-1.8262]]],[[[-44.5579,-1.8251],[-44.5565,-1.8257],[-44.5585,-1.8276],[-44.5579,-1.8251]]],[[[-44.5985,-1.7954],[-44.5957,-1.7968],[-44.5982,-1.7976],[-44.5985,-1.7954]]],[[[-44.586,-1.7921],[-44.5865,-1.7985],[-44.5924,-1.7971],[-44.586,-1.7921]]],[[[-44.5971,-1.791],[-44.5954,-1.7893],[-44.5962,-1.7913],[-44.5971,-1.791]]],[[[-44.5949,-1.7857],[-44.5926,-1.7871],[-44.5943,-1.7882],[-44.5949,-1.7857]]],[[[-44.5915,-1.7863],[-44.5896,-1.7824],[-44.5893,-1.7835],[-44.5915,-1.7863]]],[[[-44.754,-1.6813],[-44.7399,-1.6982],[-44.7576,-1.6896],[-44.754,-1.6813]]],[[[-44.7482,-1.6779],[-44.7457,-1.6796],[-44.7499,-1.6801],[-44.7482,-1.6779]]],[[[-44.7421,-1.6643],[-44.7282,-1.6746],[-44.744,-1.6676],[-44.7421,-1.6643]]],[[[-45.2529,-1.6293],[-45.2357,-1.6712],[-45.2765,-1.6876],[-45.2713,-1.714],[-45.2762,-1.7235],[-45.3054,-1.6532],[-45.2762,-1.654],[-45.2529,-1.6293]]],[[[-45.2893,-1.599],[-45.264,-1.6257],[-45.309,-1.6462],[-45.2968,-1.7188],[-45.3321,-1.7363],[-45.316,-1.614],[-45.2893,-1.599]]],[[[-44.7599,-1.5835],[-44.7537,-1.5821],[-44.7549,-1.5846],[-44.7599,-1.5835]]],[[[-44.7846,-1.5751],[-44.7807,-1.5768],[-44.7846,-1.5765],[-44.7846,-1.5751]]],[[[-44.7415,-1.5718],[-44.7404,-1.5724],[-44.7429,-1.5732],[-44.7415,-1.5718]]],[[[-44.7401,-1.5674],[-44.7543,-1.5785],[-44.7585,-1.579],[-44.7401,-1.5674]]],[[[-44.7368,-1.566],[-44.7371,-1.5707],[-44.7399,-1.5707],[-44.7368,-1.566]]],[[[-44.7874,-1.5637],[-44.7876,-1.566],[-44.7887,-1.566],[-44.7874,-1.5637]]],[[[-44.7812,-1.5618],[-44.7818,-1.5601],[-44.7804,-1.5601],[-44.7812,-1.5618]]],[[[-44.7085,-1.5482],[-44.7029,-1.5679],[-44.7271,-1.599],[-44.7285,-1.6176],[-44.7388,-1.6193],[-44.7346,-1.6113],[-44.7351,-1.6038],[-44.7579,-1.5904],[-44.7085,-1.5482]]],[[[-44.8713,-1.4924],[-44.8646,-1.4901],[-44.866,-1.4932],[-44.8713,-1.4924]]],[[[-44.8349,-1.5346],[-44.7754,-1.4901],[-44.7943,-1.5126],[-44.7974,-1.5238],[-44.8193,-1.5299],[-44.7957,-1.5482],[-44.8282,-1.556],[-44.8349,-1.5346]]],[[[-44.9579,-1.4729],[-44.9479,-1.4829],[-44.961,-1.4849],[-44.9651,-1.4893],[-44.9646,-1.4971],[-44.9554,-1.5054],[-44.9643,-1.5126],[-44.9746,-1.4885],[-44.9579,-1.4729]]],[[[-45.1435,-1.4704],[-45.1404,-1.4818],[-45.1424,-1.4818],[-45.1435,-1.4704]]],[[[-45.1315,-1.4707],[-45.1138,-1.4693],[-45.1121,-1.471],[-45.1315,-1.4707]]],[[[-44.7646,-1.459],[-44.7401,-1.5157],[-44.7907,-1.5265],[-44.7721,-1.4846],[-44.7926,-1.4685],[-44.7646,-1.459]]],[[[-44.7388,-1.5118],[-44.751,-1.466],[-44.7418,-1.4804],[-44.7388,-1.5118]]],[[[-45.1624,-1.4524],[-45.1604,-1.4574],[-45.161,-1.4574],[-45.1624,-1.4524]]],[[[-45.0971,-1.451],[-45.0951,-1.4499],[-45.0924,-1.4499],[-45.0926,-1.4507],[-45.0971,-1.451]]],[[[-45.0849,-1.4393],[-45.0674,-1.4468],[-45.0735,-1.4613],[-45.0849,-1.4393]]],[[[-45.0835,-1.4254],[-45.0818,-1.4263],[-45.084,-1.4282],[-45.0835,-1.4254]]],[[[-45.0971,-1.4354],[-45.0854,-1.4276],[-45.0904,-1.4446],[-45.0971,-1.4354]]],[[[-45.1113,-1.4249],[-45.1021,-1.4638],[-45.1318,-1.4685],[-45.1332,-1.4582],[-45.1113,-1.4249]]],[[[-44.8601,-1.4101],[-44.8296,-1.4251],[-44.8432,-1.4879],[-44.854,-1.4593],[-44.8604,-1.4874],[-44.8771,-1.4788],[-44.8968,-1.4771],[-44.8718,-1.4879],[-44.9107,-1.5135],[-44.886,-1.5149],[-44.9185,-1.5399],[-44.909,-1.6046],[-44.949,-1.586],[-44.9529,-1.5862],[-44.9588,-1.5932],[-44.966,-1.5932],[-44.9707,-1.5993],[-44.986,-1.5799],[-44.9396,-1.554],[-44.9496,-1.5543],[-44.946,-1.5385],[-44.9604,-1.5135],[-44.9538,-1.5051],[-44.9621,-1.4882],[-44.9162,-1.4874],[-44.9329,-1.4743],[-44.8601,-1.4101]]],[[[-45.4199,-1.4085],[-45.4043,-1.4093],[-45.4137,-1.421],[-45.4199,-1.4085]]],[[[-45.3788,-1.3935],[-45.3696,-1.3924],[-45.3729,-1.3965],[-45.3788,-1.3935]]],[[[-45.1482,-1.3818],[-45.1451,-1.3829],[-45.1496,-1.3874],[-45.1482,-1.3818]]],[[[-44.9485,-1.3771],[-44.9457,-1.3787],[-44.9476,-1.3796],[-44.9485,-1.3771]]],[[[-45.1029,-1.4204],[-45.0701,-1.379],[-45.1001,-1.4338],[-45.1029,-1.4204]]],[[[-45.659,-1.3707],[-45.6565,-1.3729],[-45.6599,-1.3726],[-45.659,-1.3707]]],[[[-45.1251,-1.386],[-45.0949,-1.3818],[-45.1076,-1.4135],[-45.1251,-1.386]]],[[[-45.0485,-1.3654],[-45.0385,-1.3857],[-45.0443,-1.401],[-45.0476,-1.3954],[-45.0485,-1.3654]]],[[[-45.6585,-1.364],[-45.6488,-1.3682],[-45.6624,-1.3671],[-45.6585,-1.364]]],[[[-45.3518,-1.3457],[-45.3429,-1.354],[-45.3529,-1.354],[-45.3596,-1.3601],[-45.3518,-1.3457]]],[[[-45.5654,-1.3482],[-45.5624,-1.3465],[-45.5621,-1.3499],[-45.5654,-1.3482]]],[[[-45.5004,-1.3529],[-45.4951,-1.3499],[-45.4993,-1.3585],[-45.5004,-1.3529]]],[[[-45.5257,-1.3393],[-45.5246,-1.341],[-45.5262,-1.341],[-45.5257,-1.3393]]],[[[-45.4915,-1.3438],[-45.4871,-1.3418],[-45.4915,-1.3482],[-45.4915,-1.3438]]],[[[-45.551,-1.3404],[-45.5501,-1.3362],[-45.5443,-1.3368],[-45.551,-1.3404]]],[[[-45.6318,-1.339],[-45.6285,-1.339],[-45.6332,-1.344],[-45.6318,-1.339]]],[[[-45.4949,-1.336],[-45.4985,-1.339],[-45.4943,-1.3321],[-45.4949,-1.336]]],[[[-44.8974,-1.3374],[-44.8946,-1.3332],[-44.8949,-1.3374],[-44.8974,-1.3374]]],[[[-45.5651,-1.3301],[-45.5626,-1.3301],[-45.5649,-1.331],[-45.5651,-1.3301]]],[[[-44.8818,-1.3232],[-44.8796,-1.3254],[-44.8829,-1.3246],[-44.8818,-1.3232]]],[[[-44.8921,-1.3332],[-44.879,-1.3324],[-44.8924,-1.3501],[-44.8921,-1.3332]]],[[[-45.6312,-1.3315],[-45.6424,-1.3237],[-45.639,-1.3182],[-45.6312,-1.3315]]],[[[-44.884,-1.3193],[-44.8676,-1.3243],[-44.879,-1.3299],[-44.8735,-1.3232],[-44.884,-1.3193]]],[[[-45.5401,-1.3026],[-45.5379,-1.3285],[-45.5612,-1.3296],[-45.5596,-1.3137],[-45.5401,-1.3026]]],[[[-45.7038,-1.3063],[-45.6868,-1.3035],[-45.6843,-1.3188],[-45.7038,-1.3063]]],[[[-45.5615,-1.2943],[-45.546,-1.2999],[-45.5593,-1.3087],[-45.5615,-1.2943]]],[[[-45.6607,-1.2757],[-45.6538,-1.274],[-45.6554,-1.2765],[-45.6607,-1.2757]]],[[[-45.5679,-1.2854],[-45.546,-1.2904],[-45.569,-1.2893],[-45.5679,-1.2854]]],[[[-44.9463,-1.2763],[-44.8749,-1.296],[-44.8929,-1.3304],[-44.9282,-1.319],[-44.9174,-1.3057],[-44.9463,-1.2763]]],[[[-44.9774,-1.2649],[-44.9274,-1.2965],[-44.9307,-1.3201],[-44.9071,-1.3304],[-44.941,-1.3443],[-44.9126,-1.3349],[-44.9046,-1.3393],[-45.0054,-1.401],[-45.0229,-1.3679],[-45.0001,-1.3457],[-45.0332,-1.3329],[-44.991,-1.3232],[-44.9999,-1.3485],[-44.9913,-1.376],[-44.9868,-1.381],[-44.9832,-1.3807],[-44.9879,-1.3232],[-44.9574,-1.3362],[-45.0018,-1.2951],[-44.9774,-1.2649]]],[[[-44.9421,-1.2649],[-44.9054,-1.2724],[-44.8787,-1.2832],[-44.871,-1.2901],[-44.8676,-1.3032],[-44.8879,-1.2812],[-44.9421,-1.2649]]],[[[-45.5757,-1.2679],[-45.5646,-1.2604],[-45.574,-1.2743],[-45.5757,-1.2679]]],[[[-45.869,-1.2604],[-45.8626,-1.2626],[-45.8693,-1.2615],[-45.869,-1.2604]]],[[[-45.649,-1.2482],[-45.6463,-1.2476],[-45.649,-1.2493],[-45.649,-1.2482]]],[[[-45.6593,-1.2485],[-45.6476,-1.244],[-45.6562,-1.2551],[-45.6593,-1.2485]]],[[[-45.651,-1.2301],[-45.6488,-1.2335],[-45.6512,-1.2346],[-45.651,-1.2301]]],[[[-45.8029,-1.2282],[-45.7985,-1.226],[-45.799,-1.2293],[-45.8029,-1.2282]]],[[[-45.8821,-1.219],[-45.8699,-1.219],[-45.8854,-1.2232],[-45.8821,-1.219]]],[[[-45.8729,-1.2101],[-45.869,-1.2104],[-45.8732,-1.2112],[-45.8729,-1.2101]]],[[[-45.9571,-1.2215],[-45.9451,-1.2099],[-45.9554,-1.2349],[-45.9571,-1.2215]]],[[[-45.6832,-1.2007],[-45.6782,-1.1985],[-45.6782,-1.2015],[-45.6832,-1.2007]]],[[[-45.676,-1.1957],[-45.6735,-1.1979],[-45.6743,-1.1985],[-45.676,-1.1957]]],[[[-45.5785,-1.1963],[-45.5337,-1.2224],[-45.5954,-1.2421],[-45.5785,-1.1963]]],[[[-45.6965,-1.2007],[-45.6668,-1.2432],[-45.6921,-1.2657],[-45.7107,-1.2279],[-45.6999,-1.2021],[-45.6935,-1.2196],[-45.6846,-1.2204],[-45.6826,-1.2332],[-45.6835,-1.2207],[-45.6965,-1.2007]]],[[[-45.8671,-1.1918],[-45.8649,-1.1976],[-45.8701,-1.2021],[-45.8671,-1.1918]]],[[[-45.774,-1.1918],[-45.7679,-1.1924],[-45.7696,-1.1957],[-45.774,-1.1918]]],[[[-45.6826,-1.1926],[-45.6804,-1.1918],[-45.6807,-1.1943],[-45.6826,-1.1926]]],[[[-45.809,-1.2001],[-45.7818,-1.2037],[-45.7963,-1.2307],[-45.809,-1.2001]]],[[[-45.6901,-1.1871],[-45.6857,-1.1874],[-45.6868,-1.1896],[-45.6901,-1.1871]]],[[[-45.8693,-1.1849],[-45.8668,-1.1885],[-45.8696,-1.1882],[-45.8693,-1.1849]]],[[[-45.9532,-1.186],[-45.9565,-1.1896],[-45.9535,-1.1824],[-45.9532,-1.186]]],[[[-45.8649,-1.1829],[-45.8613,-1.1851],[-45.8651,-1.1899],[-45.8649,-1.1829]]],[[[-45.756,-1.1771],[-45.7538,-1.1765],[-45.756,-1.1785],[-45.756,-1.1771]]],[[[-45.7601,-1.1768],[-45.7515,-1.1712],[-45.7596,-1.1812],[-45.7601,-1.1768]]],[[[-45.8982,-1.159],[-45.9015,-1.159],[-45.8965,-1.1554],[-45.8982,-1.159]]],[[[-45.8946,-1.1515],[-45.8926,-1.1512],[-45.8949,-1.1526],[-45.8946,-1.1515]]],[[[-45.8901,-1.1379],[-45.8882,-1.1396],[-45.8901,-1.1388],[-45.8901,-1.1379]]],[[[-45.8846,-1.1374],[-45.8818,-1.1399],[-45.891,-1.1462],[-45.8846,-1.1374]]],[[[-45.8279,-1.1293],[-45.8037,-1.1418],[-45.821,-1.1549],[-45.8279,-1.1293]]],[[[-45.9354,-1.0982],[-45.9351,-1.1013],[-45.939,-1.1013],[-45.9354,-1.0982]]],[[[-45.9574,-1.1924],[-45.9499,-1.1971],[-45.9596,-1.2207],[-45.9593,-1.2321],[-45.9649,-1.2365],[-45.9749,-1.2329],[-45.9799,-1.2351],[-45.9804,-1.2587],[-45.9338,-1.2215],[-45.9446,-1.191],[-45.8557,-1.0518],[-45.8488,-1.101],[-45.8957,-1.1349],[-45.9238,-1.2001],[-45.8746,-1.149],[-45.8715,-1.2001],[-45.9076,-1.2307],[-45.9138,-1.2535],[-45.8554,-1.2135],[-45.8804,-1.259],[-45.8615,-1.2651],[-45.8018,-1.1612],[-45.8138,-1.2043],[-45.804,-1.226],[-45.8296,-1.2621],[-45.8271,-1.2712],[-45.794,-1.2474],[-45.714,-1.1193],[-45.6912,-1.1524],[-45.7551,-1.2421],[-45.7271,-1.2354],[-45.7099,-1.3135],[-45.6912,-1.324],[-45.6832,-1.3207],[-45.6813,-1.3143],[-45.6915,-1.2729],[-45.6615,-1.2546],[-45.6632,-1.2743],[-45.6587,-1.2779],[-45.6521,-1.2763],[-45.6501,-1.2815],[-45.6679,-1.294],[-45.6688,-1.2996],[-45.6665,-1.304],[-45.6485,-1.2824],[-45.6576,-1.2663],[-45.6446,-1.2493],[-45.6454,-1.1868],[-45.6237,-1.1251],[-45.649,-1.306],[-45.6382,-1.3501],[-45.7007,-1.3713],[-45.6574,-1.376],[-45.6399,-1.3726],[-45.6235,-1.3418],[-45.6237,-1.2826],[-45.5935,-1.2654],[-45.6043,-1.3435],[-45.5899,-1.3493],[-45.5971,-1.3129],[-45.5899,-1.299],[-45.5701,-1.2799],[-45.5624,-1.279],[-45.5721,-1.2857],[-45.5635,-1.3246],[-45.5812,-1.3346],[-45.5596,-1.3538],[-45.5704,-1.3618],[-45.5768,-1.3757],[-45.5574,-1.3538],[-45.5626,-1.3349],[-45.5554,-1.3326],[-45.5535,-1.3399],[-45.5479,-1.3413],[-45.5354,-1.3332],[-45.5199,-1.2988],[-45.5471,-1.3721],[-45.5035,-1.3796],[-45.4287,-1.3057],[-45.4543,-1.2954],[-45.4135,-1.2968],[-45.416,-1.346],[-45.4543,-1.3526],[-45.5029,-1.4304],[-45.4888,-1.4829],[-45.4235,-1.4179],[-45.4179,-1.4276],[-45.3618,-1.4307],[-45.3979,-1.4154],[-45.3693,-1.394],[-45.3679,-1.3904],[-45.3749,-1.3821],[-45.3476,-1.3915],[-45.3768,-1.366],[-45.3335,-1.3676],[-45.3585,-1.3162],[-45.3099,-1.3324],[-45.2999,-1.4365],[-45.3882,-1.4799],[-45.3354,-1.4768],[-45.3307,-1.5154],[-45.3135,-1.4871],[-45.3179,-1.5557],[-45.3421,-1.6218],[-45.3557,-1.6135],[-45.3715,-1.6187],[-45.3438,-1.6257],[-45.3568,-1.6682],[-45.3918,-1.679],[-45.391,-1.6904],[-45.3996,-1.6932],[-45.4043,-1.7065],[-45.3601,-1.6765],[-45.3379,-1.7682],[-45.2754,-1.7346],[-45.2676,-1.7171],[-45.2726,-1.6971],[-45.2271,-1.676],[-45.2487,-1.5751],[-45.1979,-1.4868],[-45.1874,-1.5351],[-45.1838,-1.5424],[-45.1779,-1.5438],[-45.1754,-1.5418],[-45.1543,-1.4701],[-45.1349,-1.4935],[-45.1421,-1.5199],[-45.1285,-1.5126],[-45.1324,-1.5337],[-45.1304,-1.5435],[-45.1268,-1.5471],[-45.1201,-1.5438],[-45.1307,-1.4824],[-45.1057,-1.474],[-45.1121,-1.4962],[-45.0999,-1.5126],[-45.0965,-1.4546],[-45.0688,-1.5054],[-45.0649,-1.4815],[-45.0051,-1.4868],[-44.9901,-1.5129],[-45.0254,-1.5179],[-45.0349,-1.5371],[-44.9785,-1.5246],[-44.9612,-1.5518],[-45.0254,-1.5771],[-45.0304,-1.596],[-44.8532,-1.6176],[-44.8362,-1.5729],[-44.796,-1.5851],[-44.776,-1.5757],[-44.7704,-1.561],[-44.7621,-1.5607],[-44.751,-1.5349],[-44.7363,-1.5376],[-44.7304,-1.5504],[-44.7624,-1.5801],[-44.7582,-1.5868],[-44.766,-1.5849],[-44.7668,-1.5657],[-44.7757,-1.6068],[-44.7632,-1.6229],[-44.7629,-1.5871],[-44.7404,-1.6193],[-44.7287,-1.6196],[-44.6768,-1.5682],[-44.6396,-1.6174],[-44.6599,-1.6604],[-44.6865,-1.621],[-44.6801,-1.6449],[-44.7543,-1.641],[-44.7588,-1.6738],[-44.7876,-1.6701],[-44.7968,-1.6785],[-44.8001,-1.7038],[-44.7121,-1.7137],[-44.7032,-1.739],[-44.8374,-1.821],[-44.7029,-1.7682],[-44.6493,-1.7621],[-44.6476,-1.7693],[-44.6521,-1.7785],[-44.6518,-1.7865],[-44.6457,-1.7679],[-44.6543,-1.7201],[-44.6082,-1.7349],[-44.5988,-1.7429],[-44.6299,-1.7712],[-44.6365,-1.7832],[-44.6362,-1.7965],[-44.6251,-1.7929],[-44.6246,-1.8201],[-44.6146,-1.8282],[-44.609,-1.8285],[-44.621,-1.7896],[-44.5996,-1.7649],[-44.5749,-1.7765],[-44.5868,-1.7796],[-44.6032,-1.7893],[-44.6035,-1.8193],[-44.5649,-1.7982],[-44.5632,-1.8496],[-44.5363,-1.8215],[-44.5774,-1.8885],[-44.5265,-1.909],[-44.5346,-1.8801],[-44.5124,-1.8887],[-44.4904,-1.9565],[-44.514,-1.9438],[-44.5115,-1.9493],[-44.5185,-1.9526],[-44.519,-1.9582],[-44.4846,-1.9815],[-44.5026,-2.0285],[-44.4815,-2.0424],[-44.5513,-2.0865],[-44.6343,-2.2293],[-44.6849,-2.2574],[-44.6974,-2.2507],[-44.6965,-2.2351],[-44.7012,-2.2307],[-44.7054,-2.2313],[-44.689,-2.291],[-44.6415,-2.3026],[-44.5882,-2.2282],[-44.5535,-2.2243],[-44.529,-2.1596],[-44.4632,-2.1462],[-44.3987,-2.2143],[-44.3987,-2.2837],[-44.3635,-2.3138],[-44.3846,-2.4032],[-44.3024,-2.4876],[-44.0285,-2.409],[-44.0271,-2.4507],[-44.0743,-2.4362],[-44.124,-2.476],[-44.0676,-2.4687],[-44.0601,-2.5043],[-44.0724,-2.516],[-44.0676,-2.519],[-44.0568,-2.5038],[-44.054,-2.4704],[-44.024,-2.509],[-44.0365,-2.5568],[-44.131,-2.6015],[-44.1051,-2.629],[-44.1379,-2.6824],[-44.2657,-2.7374],[-44.2351,-2.7754],[-44.1349,-2.7801],[-44.1104,-2.7462],[-44.0812,-2.7851],[-44.0274,-2.6571],[-43.9624,-2.621],[-43.949,-2.6385],[-43.9418,-2.6399],[-43.9546,-2.6026],[-43.9193,-2.554],[-43.8946,-2.5663],[-43.899,-2.5879],[-43.8793,-2.6126],[-43.874,-2.6504],[-43.8651,-2.6568],[-43.8821,-2.5946],[-43.8432,-2.5821],[-43.8393,-2.559],[-43.8599,-2.5754],[-43.8726,-2.5149],[-43.8235,-2.5762],[-43.8335,-2.5524],[-43.7935,-2.5521],[-43.7579,-2.5038],[-43.7465,-2.5465],[-43.746,-2.496],[-43.716,-2.4754],[-43.7051,-2.5599],[-43.6501,-2.4821],[-43.6188,-2.5215],[-43.6276,-2.544],[-43.6149,-2.5568],[-43.6276,-2.556],[-43.6299,-2.5576],[-43.6296,-2.5615],[-43.6151,-2.5604],[-43.6043,-2.5046],[-43.5976,-2.5246],[-43.5879,-2.5035],[-43.571,-2.5257],[-43.5635,-2.5251],[-43.5549,-2.5135],[-43.5801,-2.5079],[-43.5551,-2.4721],[-43.5488,-2.4938],[-43.5315,-2.4193],[-43.4926,-2.5521],[-43.4582,-2.5104],[-43.4512,-2.5587],[-43.4421,-2.566],[-43.4612,-2.5854],[-43.4632,-2.5938],[-43.4568,-2.5974],[-43.4404,-2.5701],[-43.4471,-2.5462],[-43.401,-2.5535],[-43.3943,-2.5493],[-43.3929,-2.5432],[-43.4482,-2.5413],[-43.4232,-2.5321],[-43.4546,-2.4632],[-43.4379,-2.4651],[-43.429,-2.4818],[-43.4246,-2.4813],[-43.424,-2.4793],[-43.464,-2.4221],[-43.4101,-2.4546],[-43.4104,-2.4412],[-43.3901,-2.451],[-43.3865,-2.4426],[-43.3693,-2.4449],[-43.3582,-2.4354],[-43.3532,-2.4432],[-43.3499,-2.4432],[-43.3479,-2.441],[-43.3588,-2.4343],[-43.3921,-2.4412],[-43.3954,-2.4385],[-43.4226,-2.429],[-43.3965,-2.4251],[-43.3799,-2.4093],[-43.3754,-2.4121],[-43.3787,-2.4243],[-43.3766,-2.4279],[-43.3735,-2.4301],[-43.3779,-2.4243],[-43.3735,-2.4165],[-43.3749,-2.4112],[-43.3779,-2.4085],[-43.4282,-2.4276],[-43.4662,-2.391],[-43.4651,-2.3874],[-43.4657,-2.3821],[-43.4576,-2.3843],[-43.4499,-2.3796],[-43.4476,-2.3768],[-43.4818,-2.3726],[-43.4246,-2.3371],[-43.3876,-2.3399],[-43.4113,-2.3485],[-43.409,-2.3643],[-43.3665,-2.356],[-43.3615,-2.3693],[-43.3807,-2.359],[-43.3876,-2.3835],[-43.361,-2.3712],[-43.3607,-2.3524],[-43.3207,-2.3735],[-43.3568,-2.351],[-43.3326,-2.3457],[-43.3187,-2.364],[-43.2985,-2.3599],[-43.3029,-2.3662],[-43.296,-2.3715],[-43.2985,-2.3582],[-43.3201,-2.3607],[-43.3249,-2.3418],[-43.3818,-2.3432],[-43.3257,-2.3368],[-42.7938,-2.5621],[-42.7379,-2.5668],[-42.7388,-2.5762],[-42.7274,-2.5857],[-42.7043,-2.5924],[-42.6985,-2.5907],[-42.7043,-2.6404],[-42.7015,-2.6396],[-42.6874,-2.6204],[-42.684,-2.6215],[-42.6946,-2.5971],[-42.6987,-2.5768],[-42.6957,-2.5754],[-42.5854,-2.6718],[-42.5057,-2.6818],[-42.5032,-2.7188],[-42.434,-2.7376],[-42.4407,-2.7476],[-42.4532,-2.739],[-42.4671,-2.7379],[-42.4729,-2.7399],[-42.4726,-2.7412],[-42.436,-2.7496],[-42.4318,-2.7351],[-42.3913,-2.7524],[-42.4424,-2.7176],[-42.3682,-2.714],[-42.3415,-2.7482],[-42.2657,-2.7568],[-42.2296,-2.8193],[-42.2457,-2.8376],[-42.2518,-2.8551],[-42.2601,-2.8449],[-42.2685,-2.8443],[-42.2818,-2.8615],[-42.2496,-2.8557],[-42.2274,-2.826],[-42.2235,-2.7996],[-42.1901,-2.8201],[-42.1168,-2.8146],[-42.1074,-2.7982],[-42.0796,-2.8276],[-41.9985,-2.7985],[-41.9974,-2.7607],[-42.0174,-2.7465],[-42.0129,-2.716],[-41.8235,-2.7282],[-41.8654,-2.8749],[-41.7967,-2.9634],[-41.9227,-3.1079],[-41.939,-3.1874],[-41.9644,-3.179],[-42.0103,-3.2463],[-42.1351,-3.2809],[-42.0964,-3.3041],[-42.2043,-3.4358],[-42.3308,-3.4339],[-42.4586,-3.4857],[-42.4983,-3.4478],[-42.6757,-3.6756],[-42.6687,-3.7909],[-42.7262,-3.91],[-42.8236,-3.9922],[-42.903,-4.1244],[-42.8881,-4.1556],[-42.9359,-4.1618],[-42.9891,-4.2341],[-42.9633,-4.3764],[-42.8877,-4.4118],[-42.8504,-4.4814],[-42.8746,-4.5821],[-42.9545,-4.6895],[-42.9206,-4.7364],[-42.9502,-4.7884],[-42.8547,-4.937],[-42.7979,-5.1832],[-42.8274,-5.2338],[-42.8263,-5.347],[-42.9671,-5.4506],[-43.0346,-5.5923],[-43.099,-5.6332],[-43.0776,-5.8652],[-43.0994,-5.9036],[-43.0497,-5.9938],[-43.0749,-6.0547],[-42.9853,-6.1257],[-42.9685,-6.1783],[-42.8686,-6.2328],[-42.8601,-6.3306],[-42.8293,-6.3374],[-42.8777,-6.4179],[-42.8718,-6.512],[-42.9197,-6.6703],[-43.0011,-6.7545],[-43.0821,-6.7481],[-43.146,-6.7831],[-43.2446,-6.7664],[-43.42,-6.8438],[-43.4819,-6.8351],[-43.5608,-6.7499],[-43.7112,-6.6995],[-43.7967,-6.7031],[-43.9293,-6.7707],[-43.9612,-6.7419],[-44.0333,-6.7604],[-44.0697,-6.8214],[-44.1143,-6.8051],[-44.1032,-6.8532],[-44.1198,-6.8328],[-44.2619,-6.9987],[-44.3062,-7.1172],[-44.38,-7.119],[-44.564,-7.2275],[-44.6879,-7.3945],[-44.8167,-7.3612],[-44.9244,-7.4703],[-45.3397,-7.5803],[-45.4591,-7.6739],[-45.5403,-7.8647],[-45.5236,-7.9122],[-45.5762,-8.0291],[-45.5814,-8.1561],[-45.6615,-8.25],[-45.7613,-8.5619],[-45.7937,-8.5844],[-45.7656,-8.6096],[-45.8155,-8.6332],[-45.8399,-8.7153],[-45.935,-8.7791],[-45.9942,-8.9269],[-45.897,-9.1865],[-45.8936,-9.3422],[-45.8241,-9.375],[-45.7838,-9.4801],[-45.8414,-9.5623],[-45.8214,-9.7731],[-45.8662,-9.8707],[-45.8422,-9.9416],[-45.8785,-10.1103],[-45.9456,-10.1965],[-45.9463,-10.2586],[-46.0035,-10.2609],[-46.0282,-10.1769],[-46.1646,-10.2129],[-46.2109,-10.1697],[-46.3678,-10.1688],[-46.4565,-10.0496],[-46.4936,-9.8274],[-46.5121,-9.799],[-46.577,-9.8052],[-46.5761,-9.758],[-46.6474,-9.7304],[-46.5915,-9.587],[-46.5378,-9.5578],[-46.5756,-9.5176],[-46.5609,-9.484],[-46.6443,-9.4515],[-46.6327,-9.4116],[-46.6659,-9.3919],[-46.7633,-9.409],[-46.7683,-9.3655],[-46.847,-9.2924],[-46.8227,-9.1991],[-46.8944,-9.123],[-46.9294,-9.131],[-46.9226,-9.0667],[-47.0687,-9.0639],[-47.0434,-9.0266],[-47.0685,-9.012],[-46.9702,-8.9145],[-46.9925,-8.8794],[-46.9134,-8.8478],[-46.9312,-8.7268],[-46.8869,-8.6865],[-46.9163,-8.5958],[-46.8471,-8.5342],[-46.8508,-8.4774],[-46.7965,-8.4466],[-46.8068,-8.399],[-46.6352,-8.3193],[-46.5446,-8.3193],[-46.5075,-8.2708],[-46.4875,-8.1999],[-46.5146,-8.1671],[-46.4666,-8.0662],[-46.4921,-7.9817],[-46.6046,-7.8962],[-46.6605,-7.9006],[-46.8727,-7.9556],[-46.9974,-8.0672],[-47.0435,-8.0536],[-47.1745,-7.8563],[-47.2443,-7.8153],[-47.2462,-7.7585],[-47.3127,-7.7301],[-47.3025,-7.6891],[-47.3377,-7.667],[-47.3142,-7.6606],[-47.3582,-7.6171],[-47.3522,-7.6469],[-47.3819,-7.6541],[-47.382,-7.6],[-47.4386,-7.5566],[-47.4276,-7.5258],[-47.4752,-7.5334],[-47.5047,-7.4367],[-47.5908,-7.4396],[-47.4858,-7.3671],[-47.4997,-7.2939],[-47.5891,-7.2641],[-47.6467,-7.3043],[-47.7497,-7.1914],[-47.708,-7.1376],[-47.6444,-7.1436],[-47.5299,-6.9765],[-47.4986,-6.6712],[-47.4167,-6.485],[-47.432,-6.4266],[-47.3788,-6.2709],[-47.4314,-6.1203],[-47.431,-5.8692],[-47.4933,-5.7305],[-47.4737,-5.662],[-47.5001,-5.5256],[-47.5553,-5.4658],[-47.6186,-5.4597],[-47.7422,-5.3813],[-47.8437,-5.3762],[-47.8855,-5.2607],[-48.0031,-5.2347],[-48.0792,-5.275],[-48.1785,-5.2608],[-48.3639,-5.1684],[-48.539,-5.2049],[-48.6061,-5.3365],[-48.6794,-5.3058],[-48.7109,-5.3517],[-48.7551,-5.3492],[-47.7899,-4.5855],[-47.6799,-4.6086],[-47.6111,-4.5564],[-47.4734,-4.3145],[-47.3724,-4.2448],[-47.3188,-4.0469],[-47.1936,-3.978],[-47.0881,-3.8555],[-47.0365,-3.6714],[-47.0381,-3.5618],[-46.9488,-3.4773],[-46.9424,-3.3753],[-46.8133,-3.3096],[-46.8074,-3.2419],[-46.7561,-3.2161],[-46.7737,-3.1758],[-46.7237,-3.1512],[-46.7478,-3.1209],[-46.7105,-3.1284],[-46.6798,-3.0936],[-46.6479,-2.9718],[-46.6796,-2.8818],[-46.6408,-2.8813],[-46.6139,-2.829],[-46.5758,-2.8414],[-46.6023,-2.7892],[-46.6366,-2.7937],[-46.6639,-2.6942],[-46.6219,-2.6445],[-46.5937,-2.6654],[-46.5747,-2.6288],[-46.505,-2.6149],[-46.492,-2.5357],[-46.4163,-2.5294],[-46.44,-2.4129],[-46.4096,-2.365],[-46.4648,-2.3714],[-46.4218,-2.2896],[-46.4323,-2.2398],[-46.3765,-2.2474],[-46.2806,-2.1529],[-46.2185,-1.9132],[-46.2426,-1.8814],[-46.21,-1.8338],[-46.2293,-1.8006],[-46.307,-1.8043],[-46.3239,-1.7656],[-46.305,-1.7278],[-46.2182,-1.727],[-46.1536,-1.6759],[-46.1319,-1.5788],[-46.1766,-1.4754],[-46.1042,-1.337],[-46.1628,-1.2783],[-46.1511,-1.2248],[-46.0844,-1.1896],[-46.0515,-1.1051],[-45.9801,-1.0482],[-45.9871,-1.1224],[-45.9621,-1.1074],[-45.9674,-1.1599],[-45.954,-1.161],[-45.9607,-1.1804],[-45.9574,-1.1924]]]]}},{"type":"Feature","id":"MT","properties":{"name":"MT","sigla":"MT","uf":"MT"},"geometry":{"type":"Polygon","coordinates":[[[-57.6868,-8.4141],[-57.5929,-8.7565],[-57.4275,-8.7833],[-57.4166,-8.858],[-57.2995,-8.914],[-57.2122,-8.9167],[-57.0945,-9.0171],[-57.0392,-9.0983],[-57.0597,-9.1791],[-57.0226,-9.2197],[-56.82,-9.2464],[-56.7542,-9.4064],[-56.6718,-9.3674],[-50.2248,-9.8412],[-50.3026,-10.0354],[-50.3921,-10.134],[-50.4182,-10.3563],[-50.4737,-10.4049],[-50.5374,-10.6052],[-50.6034,-10.6609],[-50.5705,-10.7525],[-50.622,-10.8394],[-50.6094,-11.0675],[-50.659,-11.1308],[-50.6584,-11.2478],[-50.7392,-11.4354],[-50.7401,-11.5386],[-50.6575,-11.5965],[-50.6667,-11.682],[-50.722,-11.7397],[-50.6862,-11.859],[-50.6392,-11.8846],[-50.6844,-12.0019],[-50.6868,-12.2022],[-50.6442,-12.2227],[-50.6182,-12.429],[-50.6864,-12.5692],[-50.6679,-12.596],[-50.7064,-12.6097],[-50.6996,-12.6478],[-50.6469,-12.6511],[-50.6227,-12.8197],[-50.5809,-12.8005],[-50.5978,-12.8268],[-50.5203,-12.8364],[-50.5022,-12.8843],[-50.5259,-12.9764],[-50.593,-13.0029],[-50.5691,-13.0391],[-50.6107,-13.0631],[-50.585,-13.2198],[-50.6072,-13.3109],[-50.6656,-13.3761],[-50.6654,-13.4423],[-50.7634,-13.53],[-50.8039,-13.691],[-50.8717,-13.7331],[-50.8414,-13.8629],[-50.8655,-13.9802],[-50.8336,-14.0899],[-50.869,-14.1256],[-50.9174,-14.1148],[-50.9133,-14.1698],[-50.9752,-14.2909],[-50.999,-14.4192],[-50.9628,-14.5271],[-51.0539,-14.7467],[-51.0441,-14.7931],[-51.0898,-14.8412],[-51.084,-14.9164],[-51.2425,-15.0354],[-51.2904,-15.0343],[-51.3019,-14.9865],[-51.3377,-14.9734],[-51.5359,-15.0697],[-51.652,-15.1799],[-51.6999,-15.4874],[-51.7354,-15.5109],[-51.7277,-15.5506],[-51.7762,-15.5377],[-51.7629,-15.6456],[-51.8795,-15.8254],[-51.9493,-15.8113],[-52.008,-15.8855],[-52.2526,-15.8927],[-52.3311,-16.0725],[-52.5255,-16.1406],[-52.5692,-16.2307],[-52.5472,-16.2613],[-52.6815,-16.3039],[-52.6883,-16.3963],[-52.6043,-16.4647],[-52.6357,-16.5516],[-52.6686,-16.5505],[-52.6754,-16.585],[-52.7041,-16.5713],[-52.7055,-16.5973],[-52.7451,-16.5801],[-52.7507,-16.5827],[-52.7156,-16.6393],[-52.7468,-16.6307],[-52.7859,-16.7412],[-52.9326,-16.8029],[-52.9505,-16.8604],[-53.0113,-16.858],[-53.0551,-16.9634],[-53.056,-17.0704],[-53.1191,-17.1132],[-53.2186,-17.2993],[-53.1956,-17.3616],[-53.2415,-17.4929],[-53.2468,-17.6907],[-53.1686,-17.7663],[-53.0719,-18.0395],[-53.4303,-17.984],[-53.4725,-18.0391],[-53.5895,-18.0126],[-53.6149,-17.9776],[-53.6921,-18.0137],[-53.7843,-17.9953],[-53.86,-17.9212],[-53.9489,-17.9234],[-53.9482,-17.8561],[-53.8558,-17.7027],[-53.7038,-17.6613],[-53.68,-17.2536],[-53.7086,-17.2282],[-53.82,-17.2946],[-53.8313,-17.355],[-53.9522,-17.4593],[-54.0376,-17.4864],[-54.0846,-17.619],[-54.1788,-17.6029],[-54.3355,-17.6617],[-54.3877,-17.6319],[-54.3829,-17.5715],[-54.4669,-17.5291],[-54.4812,-17.4877],[-54.5816,-17.468],[-54.7489,-17.5229],[-54.7587,-17.5657],[-54.8608,-17.6239],[-54.9434,-17.609],[-55.1272,-17.6527],[-55.2214,-17.6171],[-55.2926,-17.5426],[-55.3506,-17.5486],[-55.377,-17.515],[-55.524,-17.4812],[-55.5854,-17.4225],[-55.5855,-17.3736],[-55.64,-17.3397],[-55.7013,-17.3541],[-55.8865,-17.2639],[-55.9393,-17.2771],[-56.0107,-17.239],[-56.0054,-17.2042],[-56.0451,-17.1716],[-56.1131,-17.1672],[-56.4433,-17.3307],[-56.5017,-17.2863],[-56.5265,-17.3198],[-56.6474,-17.317],[-56.6476,-17.3395],[-56.7338,-17.3099],[-56.7859,-17.3875],[-56.8288,-17.3912],[-56.8253,-17.4589],[-56.8759,-17.533],[-56.9823,-17.5802],[-56.9594,-17.611],[-57.0448,-17.7303],[-57.1155,-17.7811],[-57.3775,-17.8262],[-57.4524,-17.9026],[-57.4775,-17.8591],[-57.6044,-17.8033],[-57.6402,-17.7174],[-57.6842,-17.7156],[-57.6688,-17.6719],[-57.728,-17.5298],[-57.7522,-17.5645],[-57.8956,-17.4589],[-58.0026,-17.5195],[-58.0601,-17.4507],[-58.1183,-17.4504],[-58.1518,-17.3911],[-58.1915,-17.3925],[-58.2021,-17.357],[-58.2557,-17.3542],[-58.3955,-17.1845],[-58.389,-17.1177],[-58.4185,-17.1206],[-58.4358,-17.0788],[-58.423,-16.9893],[-58.4744,-16.935],[-58.4705,-16.703],[-58.436,-16.5924],[-58.3337,-16.49],[-58.3562,-16.428],[-58.3215,-16.3783],[-58.3203,-16.269],[-58.3896,-16.2672],[-58.4304,-16.3213],[-60.172,-16.2621],[-60.2352,-15.4735],[-60.5615,-15.108],[-60.2442,-15.0968],[-60.2721,-14.6203],[-60.3211,-14.6089],[-60.3369,-14.5013],[-60.3979,-14.4202],[-60.3883,-14.3686],[-60.4424,-14.3075],[-60.4429,-14.2346],[-60.4816,-14.1813],[-60.4681,-14.0924],[-60.3785,-13.9925],[-60.4241,-13.9657],[-60.3976,-13.9613],[-60.4415,-13.933],[-60.4448,-13.8799],[-60.468,-13.8863],[-60.4677,-13.801],[-60.5347,-13.8029],[-60.6234,-13.7195],[-60.6563,-13.7384],[-60.69,-13.6994],[-60.7695,-13.6842],[-60.9247,-13.557],[-60.8651,-13.5417],[-60.7678,-13.3931],[-60.7183,-13.3906],[-60.7051,-13.3247],[-60.3616,-13.3086],[-60.2684,-13.145],[-60.2829,-13.0806],[-60.1892,-12.9712],[-60.1171,-12.9596],[-60.0865,-12.8987],[-60.0687,-12.616],[-59.9352,-12.4871],[-59.8558,-12.4786],[-59.7743,-12.341],[-59.8923,-12.2455],[-59.9012,-12.1155],[-59.9793,-12.0296],[-59.9851,-11.9144],[-60.0766,-11.8853],[-60.1087,-11.8396],[-60.1148,-11.5915],[-59.9258,-11.4155],[-59.9197,-11.3315],[-59.982,-11.2335],[-59.9868,-11.1145],[-60.2047,-11.1121],[-60.2709,-11.0987],[-60.3012,-11.0572],[-60.3484,-11.0741],[-60.3479,-11.1091],[-60.4465,-11.0422],[-60.46,-10.9899],[-61.5502,-10.9861],[-61.5194,-10.9497],[-61.5105,-10.7943],[-61.4738,-10.7975],[-61.4723,-10.715],[-61.4988,-10.6999],[-61.4617,-10.4199],[-61.5533,-10.307],[-61.5776,-10.2266],[-61.5517,-10.1978],[-61.6006,-10.1538],[-61.5084,-9.8741],[-61.5473,-9.7876],[-61.5314,-9.7399],[-61.5746,-9.7178],[-61.5052,-9.6914],[-61.4777,-9.6286],[-61.5134,-9.5285],[-61.5495,-9.5152],[-61.5257,-9.5018],[-61.5786,-9.4716],[-61.5526,-9.3874],[-61.6259,-9.363],[-61.6324,-9.2643],[-61.5248,-9.2429],[-61.5549,-9.0903],[-61.4684,-8.9174],[-61.5208,-8.8216],[-61.5829,-8.7987],[-58.4158,-8.7929],[-58.326,-8.72],[-58.4374,-8.7034],[-58.3913,-8.6033],[-58.417,-8.492],[-58.3148,-8.3231],[-58.3225,-8.17],[-58.287,-8.1285],[-58.3829,-7.8391],[-58.2948,-7.7723],[-58.2779,-7.7037],[-58.202,-7.6209],[-58.2129,-7.4585],[-58.1384,-7.349],[-58.0667,-7.3913],[-57.9725,-7.5346],[-57.9395,-7.6531],[-57.8981,-7.676],[-57.8288,-7.9729],[-57.7284,-8.0942],[-57.7151,-8.158],[-57.6432,-8.2137],[-57.6868,-8.4141]]]}},{"type":"Feature","id":"MS","properties":{"name":"MS","sigla":"MS","uf":"MS"},"geometry":{"type":"Polygon","coordinates":[[[-56.1854,-17.1892],[-56.0451,-17.1716],[-56.0054,-17.2042],[-56.0107,-17.239],[-55.9393,-17.2771],[-55.8865,-17.2639],[-55.7013,-17.3541],[-55.64,-17.3397],[-55.5855,-17.3736],[-55.5854,-17.4225],[-55.524,-17.4812],[-55.377,-17.515],[-55.3506,-17.5486],[-55.2926,-17.5426],[-55.2214,-17.6171],[-55.1272,-17.6527],[-54.9434,-17.609],[-54.8608,-17.6239],[-54.7587,-17.5657],[-54.7489,-17.5229],[-54.5816,-17.468],[-54.4812,-17.4877],[-54.4669,-17.5291],[-54.3829,-17.5715],[-54.3877,-17.6319],[-54.3355,-17.6617],[-54.1788,-17.6029],[-54.0846,-17.619],[-54.0376,-17.4864],[-53.9522,-17.4593],[-53.8313,-17.355],[-53.82,-17.2946],[-53.759,-17.2431],[-53.6944,-17.234],[-53.7038,-17.6613],[-53.8558,-17.7027],[-53.9482,-17.8561],[-53.9489,-17.9234],[-53.86,-17.9212],[-53.7843,-17.9953],[-53.6921,-18.0137],[-53.6149,-17.9776],[-53.5895,-18.0126],[-53.4725,-18.0391],[-53.4303,-17.984],[-53.0719,-18.0395],[-53.1432,-18.0818],[-53.1011,-18.3108],[-53.0699,-18.3429],[-53.0248,-18.3506],[-52.9449,-18.2966],[-52.8162,-18.3121],[-52.7594,-18.3492],[-52.7984,-18.4149],[-52.8737,-18.4281],[-52.9623,-18.5408],[-52.9146,-18.6406],[-52.7495,-18.6908],[-52.5928,-18.6899],[-52.553,-18.657],[-52.4491,-18.691],[-52.3446,-18.8215],[-52.1814,-18.8479],[-52.0155,-18.9828],[-51.9403,-18.9679],[-51.8548,-19.0514],[-51.6579,-19.1379],[-51.4204,-19.1665],[-51.2522,-19.2741],[-51.2029,-19.2612],[-51.0879,-19.3083],[-51.0179,-19.3839],[-51.0307,-19.4014],[-50.9357,-19.4677],[-50.9629,-19.5006],[-50.9279,-19.5878],[-50.9875,-19.5895],[-51.0459,-19.729],[-50.9994,-19.9064],[-51.0203,-19.9624],[-51.0004,-20.0854],[-51.0585,-20.2337],[-51.1412,-20.2985],[-51.3433,-20.3558],[-51.5002,-20.5682],[-51.5914,-20.6404],[-51.6348,-20.7548],[-51.6189,-20.9324],[-51.7251,-20.9801],[-51.7896,-21.1021],[-51.8758,-21.1361],[-51.8617,-21.3388],[-51.9678,-21.5018],[-52.0664,-21.5046],[-52.0932,-21.5381],[-52.0495,-21.6431],[-52.0764,-21.7148],[-52.1612,-21.7708],[-52.1905,-21.8461],[-52.3088,-21.9519],[-52.3772,-22.1067],[-52.4867,-22.2152],[-52.7458,-22.3433],[-52.8578,-22.4415],[-52.9985,-22.4932],[-53.0814,-22.5582],[-53.1951,-22.7252],[-53.3545,-22.7774],[-53.6074,-22.9513],[-53.6365,-23.125],[-53.7306,-23.3177],[-53.771,-23.3721],[-53.9828,-23.46],[-54.0998,-23.9465],[-54.2839,-24.0675],[-54.4109,-23.9243],[-54.6671,-23.8126],[-54.7004,-23.8583],[-54.8869,-23.8965],[-54.9318,-23.9615],[-55.0054,-23.9554],[-55.0601,-23.9884],[-55.1115,-23.9602],[-55.2255,-24.0098],[-55.3142,-23.9561],[-55.3408,-23.9904],[-55.4119,-23.9586],[-55.4409,-23.9095],[-55.4334,-23.7112],[-55.5346,-23.611],[-55.5394,-23.4551],[-55.5011,-23.3792],[-55.5485,-23.3142],[-55.521,-23.1943],[-55.5958,-23.1383],[-55.6389,-22.9947],[-55.6852,-22.9905],[-55.6499,-22.9325],[-55.6659,-22.8686],[-55.653,-22.7928],[-55.6173,-22.7681],[-55.6121,-22.6557],[-55.7349,-22.5294],[-55.7391,-22.3934],[-55.789,-22.3793],[-55.8533,-22.2786],[-56.2077,-22.2781],[-56.3408,-22.2032],[-56.4027,-22.0747],[-56.5183,-22.1003],[-56.6422,-22.2584],[-56.6978,-22.2135],[-56.727,-22.2577],[-56.7529,-22.2341],[-56.8072,-22.2471],[-56.836,-22.2977],[-56.8932,-22.2437],[-56.9998,-22.2227],[-57.0988,-22.245],[-57.2024,-22.2071],[-57.2423,-22.2414],[-57.5525,-22.1782],[-57.6158,-22.0934],[-57.7008,-22.0896],[-57.8028,-22.1452],[-57.8275,-22.1182],[-57.9271,-22.1174],[-58.0052,-22.0434],[-57.9185,-21.8786],[-57.9682,-21.8412],[-57.9153,-21.7994],[-57.9464,-21.7438],[-57.8932,-21.6845],[-57.9366,-21.632],[-57.9154,-21.5872],[-57.9669,-21.5253],[-57.8543,-21.336],[-57.9176,-21.2757],[-57.8532,-21.2231],[-57.8651,-21.0386],[-57.8172,-20.9737],[-57.8241,-20.9356],[-57.926,-20.8945],[-57.8546,-20.8325],[-57.8821,-20.7948],[-57.9602,-20.7814],[-57.8683,-20.7329],[-57.9223,-20.6637],[-57.9869,-20.6931],[-57.9719,-20.6494],[-58.0148,-20.6053],[-58.0182,-20.5104],[-57.9935,-20.4456],[-58.0815,-20.3697],[-58.0913,-20.2544],[-58.1532,-20.2611],[-58.1614,-20.2225],[-58.1244,-20.1854],[-58.1628,-20.1598],[-57.9586,-20.0248],[-57.9093,-20.034],[-57.8709,-19.9765],[-58.1334,-19.7578],[-57.7842,-19.0335],[-57.7084,-19.0302],[-57.7198,-18.8991],[-57.7666,-18.8993],[-57.5578,-18.2403],[-57.4539,-18.2312],[-57.5748,-18.1319],[-57.7206,-17.8279],[-57.6881,-17.8066],[-57.785,-17.6455],[-57.7956,-17.56],[-57.712,-17.5441],[-57.6688,-17.6719],[-57.6842,-17.7156],[-57.6402,-17.7174],[-57.6044,-17.8033],[-57.4775,-17.8591],[-57.4524,-17.9026],[-57.3775,-17.8262],[-57.1155,-17.7811],[-57.0448,-17.7303],[-56.9594,-17.611],[-56.9823,-17.5802],[-56.8759,-17.533],[-56.8253,-17.4589],[-56.8288,-17.3912],[-56.7859,-17.3875],[-56.7338,-17.3099],[-56.6476,-17.3395],[-56.6474,-17.317],[-56.5265,-17.3198],[-56.5017,-17.2863],[-56.4433,-17.3307],[-56.3559,-17.2674],[-56.3232,-17.2857],[-56.2513,-17.219],[-56.2087,-17.2273],[-56.1854,-17.1892]]]}},{"type":"Feature","id":"MG","properties":{"name":"MG","sigla":"MG","uf":"MG"},"geometry":{"type":"Polygon","coordinates":[[[-44.2098,-14.2367],[-44.1729,-14.2666],[-44.1976,-14.2887],[-44.16,-14.2576],[-44.0345,-14.2889],[-43.9863,-14.2676],[-43.9421,-14.3051],[-43.7831,-14.3392],[-43.8738,-14.5206],[-43.8857,-14.6354],[-43.8592,-14.6743],[-43.5806,-14.7508],[-43.5313,-14.8153],[-43.4713,-14.7882],[-43.4348,-14.723],[-43.1763,-14.6505],[-43.0837,-14.698],[-42.9388,-14.708],[-42.927,-14.7441],[-42.7233,-14.8856],[-42.4367,-15.0227],[-42.4429,-15.0606],[-42.2647,-15.1252],[-42.1733,-15.086],[-42.0916,-15.1866],[-41.9325,-15.1745],[-41.8709,-15.1165],[-41.8007,-15.1011],[-41.3564,-15.5003],[-41.3311,-15.7447],[-41.2152,-15.7372],[-41.1442,-15.7718],[-41.0775,-15.7193],[-41.0042,-15.7121],[-40.9622,-15.6489],[-40.8815,-15.6945],[-40.8175,-15.6476],[-40.7676,-15.7141],[-40.7072,-15.6664],[-40.562,-15.8033],[-40.4606,-15.7537],[-40.3768,-15.8235],[-40.2311,-15.8038],[-40.166,-15.8684],[-40.1707,-15.9075],[-40.085,-15.8971],[-40.0661,-15.9602],[-40.0044,-16.0018],[-39.9155,-16.001],[-39.9356,-16.0237],[-39.8568,-16.1138],[-39.8969,-16.1416],[-39.8833,-16.1947],[-39.9358,-16.245],[-39.9166,-16.2838],[-39.9686,-16.3271],[-39.9907,-16.3134],[-40.0683,-16.4584],[-40.0991,-16.4231],[-40.1711,-16.5241],[-40.1598,-16.5803],[-40.2754,-16.574],[-40.3454,-16.7873],[-40.2577,-16.8065],[-40.2468,-16.8457],[-40.2816,-16.9012],[-40.4799,-16.8768],[-40.57,-17.0619],[-40.5711,-17.2522],[-40.5477,-17.2837],[-40.6089,-17.3269],[-40.5997,-17.3903],[-40.6234,-17.406],[-40.5206,-17.4465],[-40.4604,-17.5685],[-40.4106,-17.5682],[-40.4144,-17.6101],[-40.3546,-17.6443],[-40.3486,-17.6145],[-40.2803,-17.7228],[-40.2239,-17.7341],[-40.175,-17.8527],[-40.2634,-17.922],[-40.2224,-17.9804],[-40.527,-17.8919],[-40.6134,-17.9397],[-40.6618,-18.0131],[-40.6128,-18.1075],[-40.5581,-18.1146],[-40.5509,-18.2278],[-40.6189,-18.2876],[-40.6017,-18.3436],[-40.5751,-18.3441],[-40.6077,-18.4165],[-40.5172,-18.4868],[-40.6508,-18.5164],[-40.7304,-18.4651],[-40.8425,-18.4977],[-40.849,-18.4344],[-40.925,-18.4391],[-40.9336,-18.3965],[-40.985,-18.4114],[-41.0525,-18.3437],[-41.1807,-18.4358],[-41.0227,-18.4577],[-41.0531,-18.6287],[-40.9436,-18.6876],[-40.9167,-18.8155],[-40.9371,-18.8307],[-41.0974,-18.8423],[-41.1341,-18.796],[-41.2325,-18.7973],[-41.2454,-18.822],[-41.2147,-18.8776],[-41.1663,-18.8582],[-41.1036,-18.9341],[-41.018,-18.9735],[-41.0717,-19.0238],[-40.9267,-19.1893],[-40.9199,-19.2714],[-40.9444,-19.2795],[-40.9076,-19.3088],[-40.9679,-19.4272],[-40.9448,-19.4601],[-40.9722,-19.5053],[-41.0457,-19.488],[-41.0368,-19.5688],[-41.1684,-19.6722],[-41.1848,-19.889],[-41.3079,-19.9483],[-41.3821,-20.1888],[-41.7567,-20.2069],[-41.781,-20.2925],[-41.8471,-20.3295],[-41.8587,-20.373],[-41.7982,-20.435],[-41.8049,-20.5447],[-41.8561,-20.6145],[-41.8087,-20.6442],[-41.8787,-20.7787],[-41.9281,-20.795],[-41.9766,-20.9355],[-42.0935,-20.9362],[-42.1516,-20.9744],[-42.0804,-21.0357],[-42.2084,-21.1782],[-42.1896,-21.2499],[-42.2289,-21.2844],[-42.2391,-21.4018],[-42.279,-21.4106],[-42.2926,-21.46],[-42.2529,-21.4937],[-42.3689,-21.6196],[-42.365,-21.6463],[-42.2752,-21.6769],[-42.2711,-21.7157],[-42.8825,-21.9601],[-43.0741,-22.0933],[-43.1365,-22.1097],[-43.131,-22.03],[-43.202,-22.0371],[-43.2465,-22.007],[-43.3471,-22.0038],[-43.4624,-22.0726],[-43.5136,-22.0593],[-43.5625,-22.0878],[-43.586,-22.052],[-43.6123,-22.0818],[-43.6918,-22.0709],[-43.734,-22.0966],[-43.7659,-22.0629],[-44.1,-22.1733],[-44.2354,-22.2662],[-44.2763,-22.2432],[-44.3875,-22.2725],[-44.4564,-22.2572],[-44.5332,-22.3304],[-44.6006,-22.3251],[-44.6603,-22.3796],[-44.7239,-22.3599],[-44.8333,-22.4309],[-45.0911,-22.4831],[-45.2746,-22.6162],[-45.3989,-22.6533],[-45.4773,-22.59],[-45.5399,-22.6526],[-45.5843,-22.6517],[-45.5553,-22.6264],[-45.5767,-22.6023],[-45.665,-22.6506],[-45.6608,-22.579],[-45.7169,-22.5786],[-45.7374,-22.6086],[-45.6939,-22.6517],[-45.8198,-22.7225],[-45.7282,-22.7237],[-45.7133,-22.757],[-45.7135,-22.8148],[-45.7549,-22.7929],[-45.7886,-22.8573],[-45.8233,-22.8299],[-45.8889,-22.8758],[-45.9098,-22.8173],[-46.0084,-22.8892],[-46.139,-22.9227],[-46.1446,-22.8583],[-46.3452,-22.9047],[-46.3841,-22.87],[-46.3352,-22.7602],[-46.4779,-22.6994],[-46.4697,-22.6734],[-46.393,-22.663],[-46.4337,-22.5739],[-46.4071,-22.5405],[-46.5052,-22.517],[-46.5548,-22.4466],[-46.6665,-22.4144],[-46.6621,-22.3658],[-46.7232,-22.3066],[-46.6736,-22.1761],[-46.6005,-22.1347],[-46.7227,-22.076],[-46.6648,-22.0689],[-46.6745,-22.0223],[-46.6146,-22.0152],[-46.6672,-21.9325],[-46.6475,-21.8805],[-46.6909,-21.8369],[-46.626,-21.7662],[-46.6058,-21.6499],[-46.6409,-21.6023],[-46.7207,-21.6065],[-46.7102,-21.573],[-46.7448,-21.5866],[-46.763,-21.5472],[-46.7012,-21.5051],[-46.7069,-21.4443],[-46.6184,-21.4212],[-46.6471,-21.3642],[-46.7059,-21.4048],[-46.7646,-21.3601],[-46.9207,-21.4271],[-47.0112,-21.4223],[-46.998,-21.3508],[-47.0773,-21.2398],[-47.0627,-21.21],[-47.1187,-21.1858],[-47.1437,-20.9824],[-47.24,-20.8853],[-47.1862,-20.7311],[-47.1658,-20.7018],[-47.1149,-20.7058],[-47.0973,-20.6443],[-47.1543,-20.5197],[-47.2917,-20.4493],[-47.2982,-20.3484],[-47.2311,-20.2191],[-47.257,-20.1662],[-47.4391,-20.0497],[-47.4256,-20.0128],[-47.4663,-19.9642],[-47.581,-19.9959],[-47.6359,-20.0484],[-47.7042,-19.9799],[-47.8597,-19.993],[-47.8969,-20.1248],[-47.9759,-20.0354],[-48.0198,-20.1202],[-48.1133,-20.1434],[-48.2409,-20.0293],[-48.2534,-20.0779],[-48.2186,-20.1264],[-48.2463,-20.1409],[-48.4057,-20.1135],[-48.6449,-20.1665],[-48.8282,-20.1636],[-48.8854,-20.2691],[-48.8674,-20.4001],[-48.8993,-20.4412],[-48.9688,-20.3937],[-48.9617,-20.2633],[-48.9922,-20.1654],[-49.0674,-20.1547],[-49.134,-20.2845],[-49.227,-20.3035],[-49.3085,-20.102],[-49.2965,-20.0168],[-49.2483,-19.9996],[-49.249,-19.9725],[-49.4403,-19.9808],[-49.5514,-19.9058],[-49.8912,-19.9437],[-50.0296,-19.9212],[-50.0996,-19.876],[-50.3527,-19.8646],[-50.4718,-19.7797],[-50.5759,-19.816],[-50.6596,-19.9076],[-50.9081,-19.9943],[-51.0004,-20.0854],[-51.0203,-19.9624],[-50.9994,-19.9064],[-51.0459,-19.729],[-50.9875,-19.5895],[-50.9231,-19.5761],[-50.9624,-19.4849],[-50.8266,-19.4875],[-50.8753,-19.4228],[-50.8171,-19.2898],[-50.7477,-19.2358],[-50.7334,-19.1858],[-50.6806,-19.1732],[-50.6752,-19.1371],[-50.585,-19.1374],[-50.5375,-19.0994],[-50.4987,-19.034],[-50.5091,-18.9374],[-50.4414,-18.8907],[-50.3093,-18.6984],[-50.08,-18.6722],[-50.0165,-18.5998],[-49.7836,-18.6413],[-49.7702,-18.6128],[-49.6401,-18.6002],[-49.6517,-18.5624],[-49.5549,-18.545],[-49.5358,-18.4936],[-49.4924,-18.4968],[-49.4818,-18.561],[-49.3947,-18.6463],[-49.2716,-18.5277],[-49.2109,-18.5262],[-49.1664,-18.571],[-49.1286,-18.5309],[-49.0048,-18.5372],[-49.042,-18.5113],[-49.0264,-18.4309],[-49.0537,-18.4026],[-48.9367,-18.3062],[-48.832,-18.3461],[-48.8163,-18.3797],[-48.7557,-18.3444],[-48.5614,-18.3239],[-48.4796,-18.3797],[-48.4057,-18.3563],[-48.3136,-18.3848],[-48.2624,-18.3319],[-48.1613,-18.3722],[-48.1146,-18.4266],[-48.0558,-18.4132],[-48.0064,-18.4543],[-47.9809,-18.4429],[-47.9549,-18.5003],[-47.8319,-18.4498],[-47.8091,-18.4009],[-47.7478,-18.4116],[-47.7405,-18.3638],[-47.7023,-18.3791],[-47.6575,-18.3278],[-47.6261,-18.3343],[-47.6387,-18.2877],[-47.5675,-18.2039],[-47.5387,-18.195],[-47.5337,-18.2307],[-47.3577,-18.085],[-47.2832,-18.0582],[-47.373,-17.8299],[-47.3136,-17.699],[-47.2704,-17.6745],[-47.2668,-17.6091],[-47.3309,-17.5248],[-47.4958,-17.5253],[-47.5411,-17.4543],[-47.5388,-17.3888],[-47.5118,-17.3317],[-47.4407,-17.3477],[-47.4344,-17.2762],[-47.3626,-17.2227],[-47.3519,-17.1665],[-47.182,-17.064],[-47.1275,-16.9789],[-47.1967,-16.9095],[-47.1935,-16.8252],[-47.2501,-16.6668],[-47.3185,-16.6036],[-47.4128,-16.5759],[-47.4589,-16.504],[-47.4271,-16.3942],[-47.3224,-16.2313],[-47.352,-16.132],[-47.3004,-16.0171],[-47.2195,-16.0142],[-47.1419,-15.9266],[-47.087,-15.9609],[-46.8079,-15.8766],[-46.8547,-15.6204],[-46.949,-15.5546],[-46.9304,-15.4431],[-46.8494,-15.3732],[-46.8694,-15.3615],[-46.8364,-15.3245],[-46.8893,-15.2822],[-46.8922,-15.2353],[-46.9276,-15.2551],[-46.9409,-15.2296],[-46.8891,-15.1116],[-46.9187,-15.0499],[-46.8568,-15.0103],[-46.6254,-15.0895],[-46.503,-15.0526],[-46.5465,-14.9254],[-46.5215,-14.8512],[-46.5658,-14.7864],[-46.4749,-14.7052],[-46.3221,-14.8146],[-46.3004,-14.8581],[-46.3193,-14.9004],[-46.2868,-14.9282],[-46.1764,-14.9491],[-46.1614,-14.9062],[-46.0881,-14.9364],[-46.0374,-14.8741],[-46.0038,-14.9023],[-45.966,-14.9656],[-45.9755,-15.0389],[-46.0514,-15.1684],[-46.1192,-15.1922],[-46.077,-15.2647],[-46.0526,-15.2592],[-45.9537,-15.1395],[-45.8729,-15.1579],[-45.8253,-15.1164],[-45.7303,-15.1168],[-45.5661,-14.9449],[-45.4551,-14.9537],[-45.2055,-14.7447],[-45.0834,-14.749],[-45.0395,-14.6803],[-44.8434,-14.5808],[-44.8332,-14.4998],[-44.7012,-14.4498],[-44.5655,-14.3401],[-44.3164,-14.2404],[-44.2475,-14.2601],[-44.2098,-14.2367]]]}},{"type":"Feature","id":"PA","properties":{"name":"PA","sigla":"PA","uf":"PA"},"geometry":{"type":"MultiPolygon","coordinates":[[[[-46.434,-1.0165],[-46.434,-1.0188],[-46.4382,-1.0193],[-46.434,-1.0165]]],[[[-46.4407,-1.0071],[-46.4393,-1.021],[-46.4493,-1.0165],[-46.4407,-1.0071]]],[[[-46.3849,-1.0068],[-46.3749,-1.0038],[-46.3787,-1.0221],[-46.3849,-1.0068]]],[[[-46.5868,-0.9865],[-46.5779,-0.9901],[-46.5857,-0.9912],[-46.5868,-0.9865]]],[[[-46.4826,-0.9715],[-46.4793,-0.974],[-46.4849,-0.974],[-46.4826,-0.9715]]],[[[-46.4743,-0.9665],[-46.4712,-0.9693],[-46.476,-0.9693],[-46.4743,-0.9665]]],[[[-46.199,-0.9518],[-46.1963,-0.9526],[-46.1976,-0.9546],[-46.199,-0.9518]]],[[[-46.4682,-0.9532],[-46.4649,-0.9526],[-46.4687,-0.9557],[-46.4682,-0.9532]]],[[[-46.1999,-0.949],[-46.1924,-0.9501],[-46.1996,-0.9501],[-46.1999,-0.949]]],[[[-46.6213,-0.9437],[-46.6015,-0.946],[-46.6293,-0.9596],[-46.6213,-0.9437]]],[[[-46.2062,-0.9443],[-46.1996,-0.9479],[-46.2099,-0.9513],[-46.2062,-0.9443]]],[[[-46.4154,-0.9404],[-46.4049,-0.9643],[-46.436,-0.989],[-46.4154,-0.9404]]],[[[-46.3401,-0.9582],[-46.3068,-0.946],[-46.3146,-1.0071],[-46.3401,-0.9582]]],[[[-46.1538,-0.9382],[-46.1429,-0.9393],[-46.1474,-0.9474],[-46.1538,-0.9382]]],[[[-46.5251,-0.9379],[-46.5124,-0.9346],[-46.5165,-0.9507],[-46.5251,-0.9379]]],[[[-46.4268,-0.9224],[-46.4182,-0.9215],[-46.4135,-0.9207],[-46.4124,-0.9215],[-46.4268,-0.9224]]],[[[-46.4626,-0.9107],[-46.4557,-0.9085],[-46.4613,-0.916],[-46.4626,-0.9107]]],[[[-47.0607,-0.8129],[-47.0585,-0.8143],[-47.0599,-0.8154],[-47.0607,-0.8129]]],[[[-46.7507,-0.8099],[-46.7482,-0.8126],[-46.7518,-0.8132],[-46.7507,-0.8099]]],[[[-47.0776,-0.7968],[-47.076,-0.7979],[-47.0771,-0.7987],[-47.0776,-0.7968]]],[[[-47.0713,-0.786],[-47.069,-0.7885],[-47.0707,-0.7888],[-47.0713,-0.786]]],[[[-46.7313,-0.7824],[-46.7093,-0.7865],[-46.7132,-0.7957],[-46.7313,-0.7824]]],[[[-47.1532,-0.7871],[-47.1476,-0.7871],[-47.1515,-0.7921],[-47.1532,-0.7871]]],[[[-47.0838,-0.764],[-47.086,-0.7649],[-47.0835,-0.7607],[-47.0838,-0.764]]],[[[-47.2029,-0.7613],[-47.1985,-0.7638],[-47.2035,-0.7638],[-47.2029,-0.7613]]],[[[-47.1046,-0.7521],[-47.101,-0.7535],[-47.1046,-0.7529],[-47.1046,-0.7521]]],[[[-46.8704,-0.751],[-46.8665,-0.7515],[-46.8704,-0.7518],[-46.8704,-0.751]]],[[[-46.9265,-0.7388],[-46.9257,-0.7449],[-46.9324,-0.749],[-46.9265,-0.7388]]],[[[-47.1551,-0.7338],[-47.1526,-0.7335],[-47.1549,-0.7357],[-47.1551,-0.7338]]],[[[-47.106,-0.726],[-47.1032,-0.7249],[-47.1051,-0.7279],[-47.106,-0.726]]],[[[-46.9549,-0.7196],[-46.9512,-0.7204],[-46.9518,-0.7218],[-46.9549,-0.7196]]],[[[-47.4707,-0.709],[-47.4354,-0.7437],[-47.4665,-0.756],[-47.4707,-0.709]]],[[[-47.9971,-0.6826],[-47.9912,-0.6865],[-47.9918,-0.6943],[-47.9971,-0.6826]]],[[[-48.0157,-0.6657],[-48.0062,-0.6787],[-48.0129,-0.6854],[-48.0157,-0.6657]]],[[[-47.9818,-0.6596],[-47.974,-0.6651],[-47.9818,-0.674],[-47.9818,-0.6596]]],[[[-47.8468,-0.6654],[-47.8404,-0.666],[-47.8426,-0.6715],[-47.8468,-0.6654]]],[[[-47.8379,-0.6571],[-47.8349,-0.659],[-47.8371,-0.664],[-47.8379,-0.6571]]],[[[-47.8507,-0.6351],[-47.8551,-0.6396],[-47.8532,-0.6365],[-47.8507,-0.6351]]],[[[-47.299,-0.6363],[-47.296,-0.6351],[-47.2968,-0.6371],[-47.299,-0.6363]]],[[[-47.9443,-0.6338],[-47.941,-0.6332],[-47.941,-0.6357],[-47.9443,-0.6338]]],[[[-47.8304,-0.6379],[-47.8235,-0.636],[-47.8274,-0.6485],[-47.8304,-0.6379]]],[[[-47.6999,-0.6154],[-47.6968,-0.6149],[-47.6979,-0.6193],[-47.6999,-0.6154]]],[[[-47.6382,-0.606],[-47.6365,-0.6051],[-47.6368,-0.6063],[-47.6382,-0.606]]],[[[-47.4665,-0.6079],[-47.4621,-0.6054],[-47.4632,-0.6085],[-47.4665,-0.6079]]],[[[-47.8885,-0.5988],[-47.8929,-0.6038],[-47.899,-0.6026],[-47.8885,-0.5988]]],[[[-47.7026,-0.6007],[-47.6974,-0.5993],[-47.7012,-0.6035],[-47.7026,-0.6007]]],[[[-47.8785,-0.5965],[-47.8746,-0.5979],[-47.879,-0.5982],[-47.8785,-0.5965]]],[[[-47.8743,-0.599],[-47.846,-0.6254],[-47.8557,-0.6396],[-47.8557,-0.6538],[-47.8646,-0.6599],[-47.9232,-0.6026],[-47.8954,-0.6207],[-47.8868,-0.6238],[-47.8762,-0.6226],[-47.9054,-0.6029],[-47.8896,-0.6065],[-47.8846,-0.6015],[-47.8743,-0.599]]],[[[-47.8026,-0.5899],[-47.7996,-0.5862],[-47.7993,-0.5924],[-47.8026,-0.5899]]],[[[-47.7963,-0.5857],[-47.7882,-0.5893],[-47.796,-0.5971],[-47.7963,-0.5857]]],[[[-47.8615,-0.5901],[-47.8482,-0.5929],[-47.8529,-0.5971],[-47.8615,-0.5901]]],[[[-47.7829,-0.5835],[-47.7735,-0.5871],[-47.7801,-0.594],[-47.7829,-0.5835]]],[[[-47.5863,-0.5785],[-47.5385,-0.6074],[-47.5396,-0.6379],[-47.5604,-0.6329],[-47.5849,-0.6321],[-47.5863,-0.5785]]],[[[-47.9179,-0.5663],[-47.8565,-0.5818],[-47.9015,-0.6018],[-47.9179,-0.5663]]],[[[-47.819,-0.5624],[-47.7968,-0.5704],[-47.819,-0.596],[-47.819,-0.5624]]],[[[-47.7204,-0.5351],[-47.7315,-0.5526],[-47.6949,-0.5604],[-47.7199,-0.6429],[-47.7588,-0.624],[-47.7388,-0.6143],[-47.769,-0.5693],[-47.7388,-0.5738],[-47.7454,-0.5504],[-47.7204,-0.5351]]],[[[-48.404,-0.2513],[-48.3946,-0.2513],[-48.394,-0.2574],[-48.404,-0.2513]]],[[[-48.9626,-0.1926],[-48.9557,-0.1921],[-48.9565,-0.1979],[-48.9626,-0.1926]]],[[[-48.9529,-0.191],[-48.9504,-0.1885],[-48.9504,-0.1913],[-48.9529,-0.191]]],[[[-48.956,-0.1851],[-48.9526,-0.1868],[-48.9554,-0.1896],[-48.956,-0.1851]]],[[[-48.9846,-0.1821],[-48.9701,-0.1799],[-48.9668,-0.1896],[-48.9846,-0.1821]]],[[[-48.9476,-0.1751],[-48.9388,-0.1754],[-48.9465,-0.1832],[-48.9476,-0.1751]]],[[[-48.7682,-0.171],[-48.746,-0.171],[-48.7649,-0.186],[-48.7682,-0.171]]],[[[-48.901,-0.1504],[-48.8668,-0.1957],[-48.9462,-0.2093],[-48.9338,-0.1607],[-48.901,-0.1504]]],[[[-49.1518,-0.1526],[-49.1224,-0.1446],[-49.1224,-0.1585],[-49.1518,-0.1526]]],[[[-49.1749,-0.1351],[-49.164,-0.1354],[-49.1668,-0.1399],[-49.1749,-0.1351]]],[[[-49.9626,0.3582],[-49.929,0.3554],[-49.9093,0.3396],[-49.9582,0.3338],[-49.9626,0.3582]]],[[[-54.9399,2.6325],[-54.9688,2.557],[-54.8075,2.3416],[-54.8114,2.2663],[-54.7631,2.2023],[-54.8128,2.0628],[-54.7537,1.9671],[-54.7447,1.7758],[-54.5709,1.7844],[-54.5085,1.7482],[-54.3777,1.7637],[-54.3092,1.741],[-54.191,1.6249],[-54.1822,1.658],[-54.1436,1.6406],[-54.1019,1.5906],[-54.1175,1.5581],[-54.0864,1.4883],[-54.009,1.5196],[-53.9974,1.4757],[-53.9287,1.4691],[-53.9358,1.4361],[-53.8959,1.4551],[-53.8828,1.4007],[-53.8503,1.3918],[-53.8084,1.3916],[-53.8039,1.4235],[-53.7323,1.3863],[-53.7171,1.4317],[-53.7114,1.3839],[-53.6669,1.3731],[-53.6502,1.4082],[-53.6509,1.3362],[-53.5385,1.3408],[-53.5626,1.3066],[-53.5233,1.2613],[-53.536,1.2122],[-53.4265,1.2427],[-53.3998,1.1584],[-53.4595,1.1275],[-53.4114,0.9293],[-53.1062,0.684],[-53.1534,0.5764],[-53.1752,0.3817],[-52.9772,0.0238],[-52.9336,-0.1395],[-52.8515,-0.1502],[-52.6901,-0.3029],[-52.6791,-0.4237],[-52.7026,-0.4593],[-52.6399,-0.5849],[-52.5231,-0.5891],[-52.4971,-0.723],[-52.5386,-0.8548],[-52.4555,-0.8303],[-52.4031,-0.8772],[-52.4394,-0.9353],[-52.427,-1.0508],[-52.3581,-1.0626],[-52.3329,-1.1159],[-52.1202,-1.1462],[-52.1003,-1.2265],[-52.0546,-1.2342],[-52.0624,-1.1844],[-51.9911,-1.1718],[-51.9853,-1.1215],[-51.957,-1.1692],[-51.9259,-1.1323],[-51.8872,-1.1664],[-51.809,-1.1571],[-51.7043,-1.0678],[-51.6791,-0.7853],[-51.5955,-0.6505],[-51.4577,-0.5133],[-51.2163,-0.1186],[-51.0849,-0.0876],[-50.9341,0.0697],[-50.7847,0.1121],[-50.6681,0.185],[-50.5561,0.3067],[-50.4365,0.6001],[-50.3472,0.6668],[-50.1574,0.7051],[-50.0707,0.6982],[-50.0015,0.304],[-49.8988,0.2771],[-49.631,0.3835],[-49.5426,0.3621],[-49.3576,0.0035],[-49.3246,-0.1618],[-49.2463,-0.1668],[-49.1926,-0.1332],[-49.1599,-0.1546],[-49.169,-0.1546],[-49.184,-0.1618],[-49.1749,-0.1901],[-49.1685,-0.1568],[-49.0312,-0.1815],[-49.0151,-0.1604],[-48.9846,-0.214],[-48.9168,-0.231],[-48.921,-0.239],[-48.9182,-0.2462],[-48.926,-0.2507],[-48.9265,-0.2554],[-48.9171,-0.246],[-48.9188,-0.2357],[-48.8968,-0.2196],[-48.809,-0.214],[-48.7068,-0.2535],[-48.4371,-0.2312],[-48.0187,-0.699],[-47.9874,-0.696],[-47.9565,-0.6329],[-47.939,-0.6385],[-47.9196,-0.6249],[-47.8154,-0.6954],[-47.8271,-0.6521],[-47.8135,-0.6651],[-47.804,-0.6624],[-47.8293,-0.6126],[-47.8035,-0.5913],[-47.799,-0.5968],[-47.8071,-0.616],[-47.8029,-0.6271],[-47.7849,-0.5879],[-47.766,-0.6215],[-47.7957,-0.6649],[-47.7635,-0.6343],[-47.7715,-0.661],[-47.771,-0.6682],[-47.7651,-0.6707],[-47.7443,-0.6354],[-47.714,-0.6518],[-47.7149,-0.6771],[-47.7088,-0.6863],[-47.7029,-0.6915],[-47.7049,-0.6974],[-47.7046,-0.7018],[-47.7038,-0.7018],[-47.7021,-0.6915],[-47.7135,-0.6763],[-47.7046,-0.6624],[-47.7118,-0.6515],[-47.7212,-0.6454],[-47.6979,-0.6251],[-47.6896,-0.5915],[-47.6646,-0.5782],[-47.6446,-0.6207],[-47.6299,-0.6124],[-47.6504,-0.6976],[-47.6179,-0.7043],[-47.5843,-0.6376],[-47.5471,-0.6365],[-47.4868,-0.754],[-47.4287,-0.7615],[-47.4329,-0.7232],[-47.4724,-0.6918],[-47.4843,-0.6179],[-47.4796,-0.6049],[-47.4663,-0.6104],[-47.4626,-0.6096],[-47.4612,-0.606],[-47.4765,-0.5929],[-47.4154,-0.5943],[-47.4326,-0.6499],[-47.4235,-0.6612],[-47.4246,-0.6724],[-47.4196,-0.6787],[-47.4221,-0.6821],[-47.4218,-0.6854],[-47.4201,-0.6882],[-47.4162,-0.689],[-47.4224,-0.6415],[-47.3957,-0.6532],[-47.3826,-0.6065],[-47.3304,-0.6171],[-47.349,-0.6057],[-47.3207,-0.5915],[-47.2857,-0.6149],[-47.3112,-0.6368],[-47.2632,-0.646],[-47.2721,-0.6751],[-47.2457,-0.6538],[-47.2587,-0.6254],[-47.216,-0.6374],[-47.2149,-0.7132],[-47.1699,-0.6821],[-47.1757,-0.7551],[-47.2187,-0.761],[-47.1976,-0.7729],[-47.1651,-0.7704],[-47.1682,-0.8199],[-47.1387,-0.8001],[-47.1604,-0.7554],[-47.1312,-0.7562],[-47.126,-0.6832],[-47.0874,-0.681],[-47.0754,-0.7074],[-47.1082,-0.7135],[-47.1068,-0.7354],[-47.0932,-0.7176],[-47.0885,-0.731],[-47.1099,-0.7571],[-47.0904,-0.774],[-47.0771,-0.7635],[-47.0807,-0.8012],[-47.0751,-0.8021],[-47.066,-0.7837],[-47.0632,-0.7904],[-47.1026,-0.8438],[-47.101,-0.8535],[-47.0576,-0.8254],[-47.0496,-0.7987],[-47.0013,-0.8282],[-47.0368,-0.7799],[-46.9924,-0.7668],[-46.9676,-0.7065],[-46.9504,-0.7424],[-46.9826,-0.7896],[-46.949,-0.791],[-46.9351,-0.8524],[-46.9579,-0.864],[-46.9185,-0.8821],[-46.9137,-0.821],[-46.879,-0.8171],[-46.8851,-0.7735],[-46.844,-0.7388],[-46.821,-0.8012],[-46.8501,-0.8554],[-46.8076,-0.8329],[-46.8218,-0.8937],[-46.8168,-0.9076],[-46.8068,-0.9163],[-46.8154,-0.8904],[-46.7943,-0.8682],[-46.779,-0.8904],[-46.7871,-0.851],[-46.7596,-0.8496],[-46.766,-0.7962],[-46.7604,-0.8165],[-46.7388,-0.8176],[-46.7504,-0.9443],[-46.711,-0.8982],[-46.7171,-0.8432],[-46.6804,-0.8413],[-46.6765,-0.8718],[-46.669,-0.7946],[-46.6182,-0.8057],[-46.5993,-0.8526],[-46.6387,-0.8507],[-46.6157,-0.8582],[-46.6449,-0.8985],[-46.6229,-0.9204],[-46.6682,-0.9782],[-46.599,-0.9563],[-46.5938,-0.9918],[-46.5776,-0.9907],[-46.5529,-0.9157],[-46.5321,-0.9076],[-46.5288,-0.9679],[-46.511,-0.9493],[-46.5068,-0.8868],[-46.4674,-0.8979],[-46.4271,-0.8674],[-46.4251,-0.8971],[-46.4765,-0.9054],[-46.4649,-0.9465],[-46.4963,-0.9768],[-46.4668,-0.9832],[-46.4776,-1.0274],[-46.4238,-1.0401],[-46.4012,-0.9935],[-46.3779,-1.0285],[-46.3146,-1.0224],[-46.2393,-0.939],[-46.2699,-0.9437],[-46.2271,-0.9129],[-46.251,-0.9085],[-46.2024,-0.8904],[-46.1838,-0.9437],[-46.2079,-0.9443],[-46.2113,-0.9543],[-46.1893,-0.9557],[-46.2207,-0.9835],[-46.226,-0.9962],[-46.1682,-1.0021],[-46.1218,-1.0521],[-46.094,-1.0199],[-46.0801,-1.0176],[-46.0704,-1.0285],[-46.0829,-1.0662],[-46.0515,-1.1051],[-46.1628,-1.2783],[-46.1042,-1.337],[-46.1766,-1.4754],[-46.1319,-1.5788],[-46.1536,-1.6759],[-46.2182,-1.727],[-46.305,-1.7278],[-46.3239,-1.7656],[-46.307,-1.8043],[-46.2293,-1.8006],[-46.21,-1.8338],[-46.2426,-1.8814],[-46.2185,-1.9132],[-46.2806,-2.1529],[-46.3765,-2.2474],[-46.4323,-2.2398],[-46.4218,-2.2896],[-46.4648,-2.3714],[-46.4096,-2.365],[-46.44,-2.4129],[-46.4163,-2.5294],[-46.492,-2.5357],[-46.505,-2.6149],[-46.5747,-2.6288],[-46.5937,-2.6654],[-46.6219,-2.6445],[-46.6639,-2.6942],[-46.6366,-2.7937],[-46.6023,-2.7892],[-46.5758,-2.8414],[-46.6139,-2.829],[-46.6408,-2.8813],[-46.6796,-2.8818],[-46.6479,-2.9718],[-46.6798,-3.0936],[-46.7105,-3.1284],[-46.7478,-3.1209],[-46.7237,-3.1512],[-46.7737,-3.1758],[-46.7561,-3.2161],[-46.8074,-3.2419],[-46.8133,-3.3096],[-46.9424,-3.3753],[-46.9488,-3.4773],[-47.0381,-3.5618],[-47.0365,-3.6714],[-47.0881,-3.8555],[-47.1936,-3.978],[-47.3188,-4.0469],[-47.3724,-4.2448],[-47.4734,-4.3145],[-47.6111,-4.5564],[-47.6799,-4.6086],[-47.7899,-4.5855],[-48.7551,-5.3492],[-48.5913,-5.4218],[-48.3847,-5.3942],[-48.3007,-5.523],[-48.1381,-5.6027],[-48.1743,-5.7092],[-48.2725,-5.7255],[-48.2945,-5.7567],[-48.2888,-5.843],[-48.2316,-5.9462],[-48.3347,-6.0043],[-48.2921,-6.1041],[-48.4319,-6.1773],[-48.3826,-6.3796],[-48.5002,-6.3509],[-48.6131,-6.4537],[-48.6633,-6.5578],[-48.6648,-6.6628],[-48.8141,-6.7518],[-49.0188,-6.7842],[-49.2094,-6.9254],[-49.1852,-7.2352],[-49.3779,-7.4965],[-49.384,-7.5435],[-49.3232,-7.6818],[-49.1505,-7.8022],[-49.2158,-8.1942],[-49.2833,-8.3796],[-49.377,-8.4553],[-49.4098,-8.58],[-49.5924,-8.8395],[-49.6843,-8.8565],[-49.745,-8.9062],[-49.8425,-9.0273],[-49.9076,-9.1738],[-50.0377,-9.2894],[-50.1053,-9.4754],[-50.0895,-9.5457],[-50.139,-9.6275],[-50.151,-9.6956],[-50.1978,-9.7588],[-50.2176,-9.8346],[-50.2272,-9.8456],[-56.6718,-9.3674],[-56.761,-9.405],[-56.82,-9.2464],[-56.9955,-9.2339],[-57.0578,-9.1842],[-57.0392,-9.0983],[-57.1928,-8.9301],[-57.3807,-8.8811],[-57.4166,-8.858],[-57.4275,-8.7833],[-57.5929,-8.7565],[-57.6222,-8.5912],[-57.6486,-8.5764],[-57.6338,-8.5214],[-57.6868,-8.4141],[-57.6454,-8.2089],[-57.7151,-8.158],[-57.7284,-8.0942],[-57.8288,-7.9729],[-57.8981,-7.676],[-57.9395,-7.6531],[-57.9725,-7.5346],[-58.059,-7.4004],[-58.1699,-7.3132],[-58.2095,-7.1343],[-58.3865,-6.9653],[-58.4628,-6.8373],[-58.4651,-6.6701],[-58.3498,-6.5624],[-58.3256,-6.4993],[-58.2625,-6.4689],[-56.4021,-2.4566],[-56.4655,-2.4231],[-56.3843,-2.2705],[-56.2202,-2.1959],[-56.0975,-2.0372],[-56.2283,-2.0562],[-56.3167,-2.1401],[-56.3696,-2.1375],[-56.4138,-2.176],[-56.527,-2.1392],[-56.6129,-2.2102],[-56.679,-2.2126],[-56.7685,-2.1658],[-56.7233,-2.0673],[-56.7345,-2.022],[-56.859,-2.0159],[-56.9883,-1.9072],[-57.0371,-1.9116],[-57.0638,-1.8085],[-57.1631,-1.7686],[-57.1648,-1.7209],[-57.2307,-1.7259],[-57.2538,-1.6963],[-57.3054,-1.7303],[-57.3926,-1.7231],[-57.4034,-1.6756],[-57.4275,-1.6918],[-57.5287,-1.6527],[-57.6025,-1.5703],[-57.6786,-1.5944],[-57.7131,-1.5042],[-57.7836,-1.508],[-57.824,-1.4398],[-57.9603,-1.4016],[-58.0009,-1.3302],[-57.972,-1.1626],[-58.0175,-1.1062],[-58.0818,-1.1265],[-58.1626,-1.2297],[-58.2547,-1.1326],[-58.3232,-1.1433],[-58.43,-1.0271],[-58.4107,-0.9813],[-58.4508,-0.9261],[-58.436,-0.8835],[-58.7051,-0.679],[-58.7339,-0.6117],[-58.7101,-0.5386],[-58.7252,-0.4422],[-58.872,-0.343],[-58.8638,-0.0781],[-58.8983,-0.0179],[-58.8954,1.2288],[-58.7955,1.177],[-58.7348,1.2088],[-58.6961,1.2883],[-58.5515,1.2881],[-58.5142,1.2598],[-58.4671,1.3197],[-58.4978,1.458],[-58.3821,1.4706],[-58.3804,1.5381],[-58.3186,1.5936],[-58.2441,1.5547],[-58.1661,1.5595],[-58.1292,1.5031],[-58.0079,1.5023],[-57.9994,1.667],[-57.9187,1.6471],[-57.7698,1.7199],[-57.555,1.697],[-57.4331,1.8964],[-57.3024,1.9901],[-57.2474,1.9437],[-57.0852,2.0211],[-57.0116,1.918],[-56.9145,1.9179],[-56.8002,1.8639],[-56.7235,1.9196],[-56.629,1.9398],[-56.5622,1.9116],[-56.4537,1.9446],[-55.9725,1.8372],[-55.9059,1.8911],[-55.9119,2.0421],[-56.0473,2.1784],[-56.0476,2.2281],[-56.1331,2.2642],[-56.0902,2.352],[-56.0443,2.3449],[-55.9952,2.4048],[-55.9813,2.5228],[-55.9388,2.5316],[-55.787,2.4557],[-55.7389,2.4012],[-55.4808,2.4427],[-55.3702,2.4075],[-55.3579,2.4872],[-55.3195,2.5241],[-55.2392,2.4948],[-55.137,2.5753],[-55.1027,2.5224],[-54.9399,2.6325]]]]}},{"type":"Feature","id":"PB","properties":{"name":"PB","sigla":"PB","uf":"PB"},"geometry":{"type":"MultiPolygon","coordinates":[[[[-42.8787,-9.2984],[-42.8319,-9.2538],[-42.8253,-9.2823],[-42.7819,-9.2852],[-42.775,-9.3657],[-42.9461,-9.4042],[-42.9573,-9.434],[-43.0121,-9.408],[-43.0145,-9.2698],[-42.9822,-9.2524],[-43.0088,-9.144],[-42.9007,-9.2165],[-42.8787,-9.2984]]],[[[-34.8076,-7.2432],[-34.8054,-7.244],[-34.8063,-7.2457],[-34.8076,-7.2432]]],[[[-34.8915,-7.0907],[-34.8876,-7.0901],[-34.8915,-7.0918],[-34.8915,-7.0907]]],[[[-34.869,-7.0229],[-34.8662,-7.0226],[-34.869,-7.0271],[-34.869,-7.0229]]],[[[-37.231,-6.0288],[-37.1738,-6.048],[-37.1568,-6.1525],[-37.3772,-6.3444],[-37.3968,-6.5142],[-37.483,-6.5504],[-37.4846,-6.71],[-37.2836,-6.6939],[-37.255,-6.8111],[-37.1906,-6.8254],[-37.1386,-6.7862],[-37.0106,-6.8744],[-36.9552,-6.818],[-36.959,-6.7833],[-36.8349,-6.7311],[-36.7726,-6.7871],[-36.7693,-6.8388],[-36.7301,-6.8364],[-36.7664,-6.9344],[-36.7184,-6.9827],[-36.688,-6.927],[-36.6097,-6.9368],[-36.5697,-6.848],[-36.5068,-6.813],[-36.5043,-6.7562],[-36.5576,-6.7108],[-36.5244,-6.5997],[-36.4357,-6.6259],[-36.4433,-6.5607],[-36.5257,-6.5012],[-36.529,-6.4471],[-36.4997,-6.3582],[-36.4302,-6.3623],[-36.3944,-6.294],[-36.3475,-6.3092],[-36.3074,-6.2815],[-36.2797,-6.3089],[-36.2962,-6.3911],[-36.251,-6.4044],[-36.2496,-6.4374],[-36.0983,-6.4199],[-36.1961,-6.4054],[-36.0799,-6.4052],[-35.9775,-6.4889],[-35.7731,-6.4828],[-35.6582,-6.446],[-35.5646,-6.4918],[-35.4023,-6.4914],[-35.3306,-6.5443],[-35.2228,-6.5165],[-35.1701,-6.5584],[-35.0953,-6.4977],[-35.0575,-6.5278],[-34.9708,-6.4854],[-34.9387,-6.7735],[-34.8554,-6.9026],[-34.8718,-6.9999],[-34.8468,-6.9874],[-34.9046,-7.0649],[-34.8646,-7.0271],[-34.9085,-7.1187],[-34.8601,-7.0621],[-34.8307,-6.966],[-34.8426,-7.059],[-34.7929,-7.154],[-34.8085,-7.2412],[-34.8037,-7.4715],[-34.8249,-7.5485],[-34.9605,-7.5388],[-34.987,-7.463],[-35.077,-7.3972],[-35.2436,-7.3744],[-35.421,-7.4741],[-35.4792,-7.4451],[-35.5365,-7.5801],[-35.5152,-7.5851],[-35.5326,-7.6548],[-35.6103,-7.6545],[-35.6573,-7.6974],[-35.9979,-7.8133],[-36.0706,-7.7809],[-36.2008,-7.7899],[-36.2165,-7.7641],[-36.2584,-7.8309],[-36.4239,-7.8158],[-36.4447,-7.9153],[-36.5519,-7.8987],[-36.5766,-7.9597],[-36.6111,-7.9482],[-36.6277,-8.0558],[-36.6575,-8.0778],[-36.6285,-8.1111],[-36.991,-8.303],[-37.0882,-8.2555],[-37.1228,-8.1744],[-37.1635,-8.1658],[-37.1494,-8.0237],[-37.1926,-7.9606],[-37.3558,-7.9749],[-37.3089,-7.9342],[-37.3219,-7.9115],[-37.2445,-7.8743],[-37.222,-7.8423],[-37.2435,-7.819],[-37.1518,-7.7799],[-37.1388,-7.7455],[-37.197,-7.6403],[-37.1678,-7.5819],[-36.9841,-7.4821],[-37.0261,-7.3879],[-37.1652,-7.3366],[-37.2328,-7.2751],[-37.3315,-7.2897],[-37.3856,-7.3567],[-37.4964,-7.3663],[-37.5331,-7.473],[-37.5848,-7.4677],[-37.5717,-7.4891],[-37.6197,-7.5261],[-37.7064,-7.5506],[-37.7558,-7.6195],[-37.7387,-7.6602],[-37.7854,-7.6266],[-37.8584,-7.6536],[-37.971,-7.7774],[-38.0394,-7.7482],[-38.077,-7.8306],[-38.164,-7.7799],[-38.2867,-7.8302],[-38.312,-7.7163],[-38.3574,-7.6772],[-38.4096,-7.7305],[-38.5935,-7.7544],[-38.7182,-7.6094],[-38.6553,-7.5656],[-38.6448,-7.46],[-38.5852,-7.4348],[-38.5345,-7.2938],[-38.5519,-7.2435],[-38.595,-7.2465],[-38.6234,-7.1928],[-38.6878,-7.1902],[-38.6698,-7.0477],[-38.7649,-6.9939],[-38.7422,-6.9743],[-38.7651,-6.9109],[-38.6173,-6.794],[-38.6695,-6.7594],[-38.6499,-6.7522],[-38.6766,-6.7035],[-38.5697,-6.4549],[-38.481,-6.4367],[-38.4513,-6.3929],[-38.2886,-6.5056],[-38.2392,-6.4803],[-38.1478,-6.4915],[-38.1199,-6.522],[-38.155,-6.575],[-38.1273,-6.5973],[-38.0495,-6.5838],[-38.0362,-6.6147],[-37.9664,-6.614],[-37.9792,-6.5321],[-38.0259,-6.528],[-38.0136,-6.4274],[-37.9553,-6.3982],[-37.9279,-6.4215],[-37.8862,-6.397],[-37.8881,-6.3644],[-37.8414,-6.363],[-37.8103,-6.2917],[-37.7576,-6.2908],[-37.7763,-6.2458],[-37.7491,-6.1938],[-37.4589,-6.145],[-37.4456,-6.1122],[-37.231,-6.0288]]]]}},{"type":"Feature","id":"PR","properties":{"name":"PR","sigla":"PR","uf":"PR"},"geometry":{"type":"MultiPolygon","coordinates":[[[[-48.6371,-25.8687],[-48.6282,-25.8693],[-48.6379,-25.8704],[-48.6371,-25.8687]]],[[[-48.7093,-25.8671],[-48.7065,-25.8665],[-48.7018,-25.8676],[-48.7093,-25.8671]]],[[[-48.6637,-25.8638],[-48.6576,-25.8638],[-48.6579,-25.864],[-48.6637,-25.8638]]],[[[-48.6518,-25.8635],[-48.6496,-25.8643],[-48.6518,-25.864],[-48.6518,-25.8635]]],[[[-48.6679,-25.8613],[-48.664,-25.8615],[-48.6685,-25.8621],[-48.6679,-25.8613]]],[[[-48.6929,-25.8615],[-48.6876,-25.8582],[-48.686,-25.859],[-48.6929,-25.8615]]],[[[-48.5976,-25.8615],[-48.576,-25.8562],[-48.5776,-25.8593],[-48.5976,-25.8615]]],[[[-48.6274,-25.859],[-48.6221,-25.8554],[-48.6138,-25.8613],[-48.6274,-25.859]]],[[[-48.6188,-25.8535],[-48.6146,-25.8546],[-48.619,-25.8549],[-48.6188,-25.8535]]],[[[-48.6079,-25.8529],[-48.6049,-25.8529],[-48.6054,-25.8551],[-48.6079,-25.8529]]],[[[-48.614,-25.844],[-48.6118,-25.8454],[-48.6143,-25.8446],[-48.614,-25.844]]],[[[-48.5935,-25.8357],[-48.5812,-25.8293],[-48.5799,-25.8374],[-48.5935,-25.8357]]],[[[-48.6182,-25.8165],[-48.5951,-25.8363],[-48.5829,-25.8401],[-48.5849,-25.8526],[-48.6182,-25.8165]]],[[[-48.3671,-25.7354],[-48.3638,-25.7365],[-48.3662,-25.7374],[-48.3671,-25.7354]]],[[[-48.3196,-25.5835],[-48.3226,-25.5865],[-48.3237,-25.5837],[-48.3196,-25.5835]]],[[[-48.4154,-25.546],[-48.4149,-25.5474],[-48.4168,-25.5479],[-48.4154,-25.546]]],[[[-48.4382,-25.5474],[-48.4362,-25.5457],[-48.4351,-25.5471],[-48.4382,-25.5474]]],[[[-48.3046,-25.5418],[-48.2988,-25.5663],[-48.3199,-25.5743],[-48.3046,-25.5418]]],[[[-48.2854,-25.5174],[-48.2812,-25.5171],[-48.2812,-25.5201],[-48.2854,-25.5174]]],[[[-48.4896,-25.516],[-48.4857,-25.5149],[-48.4837,-25.5176],[-48.4896,-25.516]]],[[[-48.4624,-25.5151],[-48.4132,-25.5193],[-48.4054,-25.5404],[-48.4624,-25.5151]]],[[[-48.611,-25.509],[-48.6087,-25.5104],[-48.6101,-25.511],[-48.611,-25.509]]],[[[-48.4696,-25.5276],[-48.4718,-25.5035],[-48.4626,-25.519],[-48.4165,-25.5468],[-48.4696,-25.5276]]],[[[-48.3763,-25.5143],[-48.3182,-25.4974],[-48.3085,-25.5368],[-48.3763,-25.5143]]],[[[-48.7065,-25.4957],[-48.701,-25.4932],[-48.7001,-25.4974],[-48.7065,-25.4957]]],[[[-48.6501,-25.4982],[-48.6376,-25.4976],[-48.6385,-25.5021],[-48.6501,-25.4982]]],[[[-48.5835,-25.4829],[-48.5812,-25.4835],[-48.5812,-25.4846],[-48.5835,-25.4829]]],[[[-48.4346,-25.4846],[-48.4276,-25.4826],[-48.4301,-25.4893],[-48.4346,-25.4846]]],[[[-48.5843,-25.479],[-48.5815,-25.4804],[-48.5818,-25.4812],[-48.5843,-25.479]]],[[[-48.5724,-25.4715],[-48.5699,-25.4699],[-48.5699,-25.4713],[-48.5724,-25.4715]]],[[[-48.5749,-25.466],[-48.5732,-25.4679],[-48.5754,-25.4668],[-48.5749,-25.466]]],[[[-48.6635,-25.444],[-48.6529,-25.4449],[-48.6635,-25.4479],[-48.6635,-25.444]]],[[[-48.7015,-25.4249],[-48.699,-25.4243],[-48.6999,-25.4251],[-48.7015,-25.4249]]],[[[-48.7185,-25.414],[-48.7151,-25.4149],[-48.7193,-25.4149],[-48.7185,-25.414]]],[[[-48.6649,-25.4149],[-48.6635,-25.4321],[-48.6799,-25.4274],[-48.6788,-25.4182],[-48.6649,-25.4149]]],[[[-48.469,-25.409],[-48.4629,-25.4093],[-48.4665,-25.4124],[-48.469,-25.409]]],[[[-48.7304,-25.414],[-48.7165,-25.4079],[-48.7168,-25.4115],[-48.7304,-25.414]]],[[[-48.7287,-25.399],[-48.7262,-25.399],[-48.7254,-25.4018],[-48.7287,-25.399]]],[[[-48.3296,-25.384],[-48.3257,-25.3862],[-48.3307,-25.389],[-48.3296,-25.384]]],[[[-48.3204,-25.3671],[-48.3182,-25.3701],[-48.3213,-25.3679],[-48.3204,-25.3671]]],[[[-48.2324,-25.3657],[-48.2304,-25.3685],[-48.2315,-25.3687],[-48.2324,-25.3657]]],[[[-48.2293,-25.3635],[-48.2254,-25.366],[-48.229,-25.3774],[-48.2293,-25.3635]]],[[[-48.0382,-25.3565],[-48.0351,-25.3571],[-48.0376,-25.3582],[-48.0382,-25.3565]]],[[[-48.2351,-25.3532],[-48.231,-25.3549],[-48.2324,-25.3587],[-48.2351,-25.3532]]],[[[-48.2576,-25.3351],[-48.2421,-25.3501],[-48.2649,-25.4257],[-48.2515,-25.466],[-48.3021,-25.4879],[-48.3363,-25.4571],[-48.2976,-25.4471],[-48.3301,-25.4526],[-48.3437,-25.4126],[-48.2576,-25.3351]]],[[[-48.3954,-25.3374],[-48.3851,-25.3463],[-48.4012,-25.3499],[-48.3954,-25.3374]]],[[[-48.2788,-25.3307],[-48.2668,-25.3371],[-48.2799,-25.3368],[-48.2788,-25.3307]]],[[[-48.259,-25.3285],[-48.2551,-25.3293],[-48.2588,-25.3299],[-48.259,-25.3285]]],[[[-48.4271,-25.3538],[-48.3957,-25.3362],[-48.4162,-25.3854],[-48.4271,-25.3538]]],[[[-48.3946,-25.3237],[-48.3862,-25.3229],[-48.3857,-25.3263],[-48.3946,-25.3237]]],[[[-48.184,-25.2954],[-48.1776,-25.2962],[-48.1843,-25.2971],[-48.184,-25.2954]]],[[[-48.196,-25.2918],[-48.1874,-25.2938],[-48.1949,-25.2979],[-48.196,-25.2918]]],[[[-48.1857,-25.2904],[-48.1821,-25.2915],[-48.1857,-25.2918],[-48.1857,-25.2904]]],[[[-48.1715,-25.2904],[-48.1568,-25.2929],[-48.1768,-25.2962],[-48.1715,-25.2904]]],[[[-48.4263,-25.2843],[-48.4232,-25.2824],[-48.4199,-25.2846],[-48.4263,-25.2843]]],[[[-48.4271,-25.2774],[-48.4243,-25.2746],[-48.4215,-25.2782],[-48.4271,-25.2774]]],[[[-48.4162,-25.2687],[-48.4151,-25.2638],[-48.411,-25.2649],[-48.4099,-25.2676],[-48.4162,-25.2687]]],[[[-48.3474,-25.2632],[-48.3351,-25.2696],[-48.3488,-25.271],[-48.3474,-25.2632]]],[[[-48.3371,-25.2518],[-48.3413,-25.2526],[-48.3368,-25.2507],[-48.3371,-25.2518]]],[[[-48.3354,-25.2496],[-48.3324,-25.2515],[-48.3351,-25.2515],[-48.3354,-25.2496]]],[[[-48.4249,-25.2488],[-48.4218,-25.2471],[-48.4226,-25.2499],[-48.4249,-25.2488]]],[[[-48.6668,-25.8282],[-48.7212,-25.869],[-48.6599,-25.8821],[-48.5643,-25.8635],[-48.6008,-25.9803],[-48.6436,-25.9559],[-48.6806,-25.9811],[-48.9607,-25.981],[-49.0552,-26.0205],[-49.1752,-26.0018],[-49.3702,-26.156],[-49.4591,-26.1627],[-49.4965,-26.2213],[-49.555,-26.2373],[-49.6898,-26.1885],[-49.7106,-26.1544],[-49.7288,-26.1697],[-49.7249,-26.1437],[-49.8246,-26.093],[-49.8655,-26.0351],[-49.9422,-26.0089],[-49.9726,-26.0583],[-49.9645,-26.0253],[-49.9935,-26.0116],[-50.0063,-26.0453],[-50.0848,-26.0235],[-50.121,-26.0643],[-50.1718,-26.0252],[-50.1622,-26.0546],[-50.2078,-26.0838],[-50.128,-26.1642],[-50.1257,-26.2043],[-50.1888,-26.2165],[-50.188,-26.2731],[-50.2846,-26.3089],[-50.3368,-26.2367],[-50.3242,-26.208],[-50.3549,-26.2046],[-50.3497,-26.1538],[-50.3907,-26.1639],[-50.3573,-26.121],[-50.3715,-26.0802],[-50.4715,-26.0213],[-50.5486,-26.0398],[-50.5717,-26.0038],[-50.5921,-26.0426],[-50.553,-26.0554],[-50.6284,-26.0631],[-50.6509,-26.131],[-50.7318,-26.2034],[-50.7185,-26.2448],[-50.7932,-26.2277],[-50.839,-26.2713],[-50.869,-26.2423],[-50.8991,-26.289],[-50.935,-26.2339],[-50.9446,-26.2825],[-51.0004,-26.2305],[-51.08,-26.2282],[-51.1049,-26.2754],[-51.243,-26.3247],[-51.2987,-26.4199],[-51.2539,-26.4635],[-51.2742,-26.4971],[-51.2237,-26.5508],[-51.2286,-26.616],[-51.2834,-26.654],[-51.3912,-26.6639],[-51.4115,-26.7173],[-51.4942,-26.5896],[-51.665,-26.5661],[-51.8736,-26.6002],[-52.0112,-26.5665],[-52.1856,-26.4454],[-52.2828,-26.4625],[-52.401,-26.4232],[-52.4612,-26.4399],[-52.5228,-26.4006],[-52.6015,-26.414],[-52.7377,-26.3422],[-52.9903,-26.3478],[-53.0906,-26.3905],[-53.2523,-26.2991],[-53.2815,-26.2465],[-53.3755,-26.242],[-53.4612,-26.2952],[-53.5516,-26.2927],[-53.7224,-26.1291],[-53.7338,-26.0427],[-53.8366,-25.9658],[-53.819,-25.8996],[-53.8509,-25.8833],[-53.8238,-25.873],[-53.8496,-25.8396],[-53.823,-25.7906],[-53.8806,-25.7064],[-53.8432,-25.6865],[-53.8898,-25.6224],[-53.9397,-25.6114],[-53.9507,-25.6408],[-54.0154,-25.5662],[-54.079,-25.576],[-54.1004,-25.6225],[-54.1288,-25.5666],[-54.1147,-25.5021],[-54.2127,-25.5545],[-54.1833,-25.5883],[-54.2323,-25.568],[-54.2508,-25.5996],[-54.2873,-25.5598],[-54.3867,-25.6047],[-54.4331,-25.703],[-54.4898,-25.6268],[-54.5956,-25.5921],[-54.616,-25.4562],[-54.436,-25.1545],[-54.457,-25.0286],[-54.3351,-24.6464],[-54.3323,-24.4899],[-54.2592,-24.3605],[-54.3275,-24.2335],[-54.328,-24.1281],[-54.0998,-23.9465],[-53.9828,-23.46],[-53.771,-23.3721],[-53.7306,-23.3177],[-53.6365,-23.125],[-53.6074,-22.9513],[-53.3545,-22.7774],[-53.1951,-22.7252],[-53.1051,-22.6219],[-53.0878,-22.6584],[-52.9724,-22.5705],[-52.7012,-22.6275],[-52.5867,-22.5665],[-52.5032,-22.6341],[-52.4352,-22.6074],[-52.3047,-22.6365],[-52.2504,-22.6154],[-52.2234,-22.6743],[-52.1566,-22.6447],[-52.1487,-22.5492],[-52.1076,-22.5167],[-51.9405,-22.5673],[-51.8735,-22.6282],[-51.7532,-22.6177],[-51.7181,-22.669],[-51.6304,-22.6579],[-51.5595,-22.6972],[-51.4462,-22.6533],[-51.2637,-22.669],[-51.1548,-22.7529],[-50.8908,-22.7958],[-50.7929,-22.8943],[-50.8061,-22.9403],[-50.7415,-22.9614],[-50.6622,-22.8957],[-50.6077,-22.9237],[-50.5413,-22.9121],[-50.5062,-22.9453],[-50.4302,-22.9458],[-50.3803,-22.9049],[-50.3401,-22.9481],[-50.1833,-22.9538],[-50.0466,-22.9025],[-49.9962,-22.9295],[-49.9861,-22.8975],[-49.9738,-22.9593],[-49.9015,-22.9991],[-49.9115,-23.0511],[-49.727,-23.1084],[-49.6258,-23.2866],[-49.6375,-23.3497],[-49.5952,-23.3669],[-49.62,-23.3962],[-49.5676,-23.4268],[-49.6291,-23.5122],[-49.6001,-23.5356],[-49.6171,-23.6396],[-49.5498,-23.7037],[-49.5623,-23.8186],[-49.6107,-23.8517],[-49.5569,-23.9227],[-49.5116,-23.9259],[-49.5161,-23.9699],[-49.4302,-24.0874],[-49.3372,-24.1377],[-49.3558,-24.2129],[-49.2834,-24.308],[-49.2007,-24.3445],[-49.2538,-24.4077],[-49.2471,-24.4691],[-49.2954,-24.5014],[-49.2817,-24.5381],[-49.3159,-24.5555],[-49.3053,-24.6726],[-49.2089,-24.7008],[-49.1856,-24.6727],[-49.0667,-24.6845],[-49.0047,-24.6344],[-49.0093,-24.6592],[-48.9584,-24.6853],[-48.8287,-24.6556],[-48.7786,-24.6967],[-48.6769,-24.6716],[-48.6613,-24.7064],[-48.5818,-24.6716],[-48.4993,-24.739],[-48.5557,-24.8062],[-48.5459,-24.879],[-48.599,-25.0063],[-48.5563,-25.0843],[-48.5285,-25.1008],[-48.474,-25.0125],[-48.411,-24.9801],[-48.3241,-25.0367],[-48.3336,-25.0706],[-48.2516,-24.9787],[-48.1568,-25.1446],[-48.1871,-25.1989],[-48.1148,-25.2507],[-48.0235,-25.231],[-48.2301,-25.4696],[-48.2543,-25.4257],[-48.2204,-25.3782],[-48.2254,-25.3374],[-48.209,-25.3485],[-48.2082,-25.3182],[-48.181,-25.3276],[-48.1885,-25.3026],[-48.1376,-25.2901],[-48.1296,-25.269],[-48.2351,-25.2918],[-48.2582,-25.3265],[-48.2732,-25.2901],[-48.2871,-25.2924],[-48.2657,-25.3237],[-48.2993,-25.329],[-48.3171,-25.3651],[-48.3268,-25.2346],[-48.3796,-25.2807],[-48.341,-25.2988],[-48.3501,-25.3213],[-48.3921,-25.3099],[-48.4118,-25.2321],[-48.4271,-25.2268],[-48.4276,-25.3237],[-48.5021,-25.3296],[-48.4346,-25.3515],[-48.4324,-25.3826],[-48.4465,-25.3726],[-48.471,-25.391],[-48.4671,-25.4276],[-48.4499,-25.3768],[-48.4129,-25.4215],[-48.474,-25.4807],[-48.5271,-25.451],[-48.639,-25.4662],[-48.664,-25.3838],[-48.6932,-25.4179],[-48.7399,-25.364],[-48.7335,-25.4129],[-48.6785,-25.4551],[-48.6932,-25.4988],[-48.6951,-25.4932],[-48.7179,-25.4818],[-48.7379,-25.4782],[-48.7088,-25.4996],[-48.684,-25.5035],[-48.6526,-25.494],[-48.651,-25.5007],[-48.6446,-25.5043],[-48.6204,-25.509],[-48.649,-25.519],[-48.619,-25.5399],[-48.5021,-25.501],[-48.5174,-25.5343],[-48.4943,-25.5149],[-48.4837,-25.524],[-48.5029,-25.5318],[-48.5062,-25.5362],[-48.5062,-25.5407],[-48.4815,-25.5254],[-48.4815,-25.5326],[-48.4929,-25.5349],[-48.499,-25.549],[-48.4771,-25.5304],[-48.4674,-25.5518],[-48.4874,-25.5837],[-48.4624,-25.5446],[-48.4174,-25.5571],[-48.4218,-25.5621],[-48.4338,-25.5599],[-48.4379,-25.5635],[-48.4199,-25.5632],[-48.3724,-25.5451],[-48.3485,-25.5735],[-48.4318,-25.6407],[-48.5351,-25.8529],[-48.571,-25.8557],[-48.5804,-25.8293],[-48.6029,-25.8199],[-48.6004,-25.8051],[-48.6035,-25.8001],[-48.6282,-25.8213],[-48.601,-25.839],[-48.6068,-25.8515],[-48.6071,-25.8468],[-48.6113,-25.8429],[-48.6207,-25.8421],[-48.6424,-25.8515],[-48.656,-25.8354],[-48.6599,-25.8474],[-48.6668,-25.8282]]]]}},{"type":"Feature","id":"PE","properties":{"name":"PE","sigla":"PE","uf":"PE"},"geometry":{"type":"MultiPolygon","coordinates":[[[[-35.1399,-8.8426],[-35.1354,-8.8476],[-35.1371,-8.8476],[-35.1399,-8.8426]]],[[[-35.0249,-8.6132],[-35.0201,-8.6112],[-35.0204,-8.6149],[-35.0249,-8.6132]]],[[[-34.9696,-8.3935],[-34.9657,-8.3937],[-34.9657,-8.394],[-34.9696,-8.3935]]],[[[-34.9843,-8.386],[-34.9699,-8.3832],[-34.9721,-8.3904],[-34.9843,-8.386]]],[[[-34.9682,-8.3826],[-34.9565,-8.3768],[-34.961,-8.3849],[-34.9682,-8.3826]]],[[[-34.9457,-8.3624],[-34.956,-8.3879],[-34.9585,-8.3912],[-34.9457,-8.3624]]],[[[-34.8643,-7.8918],[-34.8576,-7.8946],[-34.8649,-7.8949],[-34.8643,-7.8918]]],[[[-34.8765,-7.8179],[-34.8732,-7.8187],[-34.8735,-7.8193],[-34.8765,-7.8179]]],[[[-34.8407,-7.8162],[-34.8374,-7.8171],[-34.841,-7.8168],[-34.8407,-7.8162]]],[[[-34.8613,-7.7038],[-34.8599,-7.706],[-34.8613,-7.7074],[-34.8613,-7.7038]]],[[[-34.859,-7.7004],[-34.8568,-7.7024],[-34.859,-7.7057],[-34.859,-7.7004]]],[[[-34.8563,-7.6951],[-34.8543,-7.6951],[-34.856,-7.6982],[-34.8563,-7.6951]]],[[[-34.846,-7.6886],[-34.8354,-7.8071],[-34.8821,-7.8079],[-34.884,-7.7713],[-34.8618,-7.7279],[-34.8624,-7.7135],[-34.846,-7.6886]]],[[[-37.1652,-7.3366],[-37.0261,-7.3879],[-36.9841,-7.4821],[-37.1678,-7.5819],[-37.197,-7.6403],[-37.1388,-7.7455],[-37.1518,-7.7799],[-37.2435,-7.819],[-37.222,-7.8423],[-37.2445,-7.8743],[-37.3219,-7.9115],[-37.3089,-7.9342],[-37.3558,-7.9749],[-37.1926,-7.9606],[-37.1494,-8.0237],[-37.1635,-8.1658],[-37.1228,-8.1744],[-37.0882,-8.2555],[-36.991,-8.303],[-36.6285,-8.1111],[-36.6575,-8.0778],[-36.6277,-8.0558],[-36.6111,-7.9482],[-36.5766,-7.9597],[-36.5519,-7.8987],[-36.4447,-7.9153],[-36.4239,-7.8158],[-36.2584,-7.8309],[-36.2165,-7.7641],[-36.2008,-7.7899],[-36.0706,-7.7809],[-35.9979,-7.8133],[-35.6573,-7.6974],[-35.6103,-7.6545],[-35.5326,-7.6548],[-35.5152,-7.5851],[-35.5365,-7.5801],[-35.4792,-7.4451],[-35.421,-7.4741],[-35.2436,-7.3744],[-35.077,-7.3972],[-34.987,-7.463],[-34.9605,-7.5388],[-34.8371,-7.5457],[-34.8588,-7.5765],[-34.834,-7.5637],[-34.8088,-7.6301],[-34.8354,-7.6846],[-34.8332,-7.6257],[-34.8565,-7.6238],[-34.8485,-7.634],[-34.8421,-7.6782],[-34.846,-7.6846],[-34.8787,-7.6068],[-34.8582,-7.6954],[-34.9046,-7.7249],[-34.8657,-7.7149],[-34.8929,-7.7935],[-34.8882,-7.809],[-34.8638,-7.8174],[-34.8763,-7.8157],[-34.8921,-7.8268],[-34.8946,-7.8224],[-34.8968,-7.8215],[-34.8982,-7.8226],[-34.8949,-7.8307],[-34.844,-7.8221],[-34.8771,-7.8932],[-34.8501,-7.9085],[-34.8368,-7.8432],[-34.8243,-7.9465],[-34.9199,-8.2163],[-34.9546,-8.2357],[-34.924,-8.2282],[-34.9521,-8.2915],[-34.9393,-8.3512],[-34.9882,-8.3524],[-34.9621,-8.3671],[-34.9951,-8.3854],[-34.9879,-8.3965],[-34.9549,-8.4007],[-34.951,-8.399],[-34.9504,-8.396],[-34.9471,-8.3915],[-34.9465,-8.3926],[-34.9479,-8.3976],[-34.9532,-8.4018],[-34.9621,-8.4004],[-34.9735,-8.4254],[-34.9663,-8.404],[-34.9888,-8.411],[-35.0068,-8.5624],[-35.0612,-8.6001],[-35.0851,-8.6885],[-35.111,-8.6799],[-35.0776,-8.6543],[-35.0868,-8.639],[-35.1249,-8.6693],[-35.079,-8.7104],[-35.1324,-8.8529],[-35.1349,-8.829],[-35.1421,-8.8268],[-35.1518,-8.9096],[-35.4506,-8.8414],[-35.4674,-8.815],[-35.7482,-8.9171],[-35.7874,-8.8511],[-35.896,-8.8543],[-36.1267,-8.956],[-36.1113,-9.0177],[-36.2667,-9.1024],[-36.2241,-9.1713],[-36.3096,-9.1724],[-36.3655,-9.2226],[-36.4369,-9.2121],[-36.6041,-9.341],[-36.6937,-9.2753],[-36.797,-9.293],[-36.8717,-9.2687],[-36.9377,-9.3528],[-36.9083,-9.3937],[-36.992,-9.3746],[-37.1061,-9.2398],[-37.1642,-9.2757],[-37.1588,-9.2391],[-37.1984,-9.2156],[-37.2342,-9.2402],[-37.3154,-9.0943],[-37.4693,-9.0277],[-37.4902,-8.9659],[-37.5837,-8.9703],[-37.6435,-9.0183],[-37.6615,-8.9873],[-37.6987,-8.9925],[-37.6846,-8.9671],[-37.7602,-8.8576],[-37.829,-8.8938],[-37.839,-8.9784],[-37.9793,-9.1484],[-38.0922,-9.1727],[-38.2374,-9.3297],[-38.3186,-9.141],[-38.2963,-9.0229],[-38.3206,-8.9911],[-38.4084,-9.0385],[-38.4833,-9.0015],[-38.5193,-8.9458],[-38.4732,-8.8896],[-38.4798,-8.8501],[-38.5712,-8.8316],[-38.6406,-8.9873],[-38.6864,-8.951],[-38.7065,-8.8623],[-38.7987,-8.7928],[-38.9526,-8.8041],[-39.037,-8.7356],[-39.169,-8.6922],[-39.2252,-8.711],[-39.285,-8.5653],[-39.3837,-8.5336],[-39.6075,-8.656],[-39.6911,-8.6623],[-39.6918,-8.7972],[-39.8946,-8.8317],[-39.8739,-8.9313],[-39.958,-9.0486],[-40.0656,-9.0632],[-40.1287,-9.1096],[-40.2507,-9.0605],[-40.335,-9.3539],[-40.3713,-9.3787],[-40.4208,-9.3526],[-40.4678,-9.4206],[-40.5293,-9.4141],[-40.6231,-9.4829],[-40.7767,-9.4544],[-40.7426,-9.4007],[-40.7554,-9.3137],[-40.6866,-9.2769],[-40.6674,-9.1591],[-40.8199,-9.0804],[-40.9213,-8.8355],[-41.0212,-8.8436],[-41.0362,-8.7859],[-41.1245,-8.7527],[-41.1136,-8.704],[-41.2269,-8.7047],[-41.2815,-8.7361],[-41.3583,-8.7076],[-41.2173,-8.6455],[-41.2119,-8.6024],[-41.0979,-8.5208],[-41.0789,-8.4725],[-41.0511,-8.4805],[-41.0001,-8.4007],[-40.9267,-8.4462],[-40.893,-8.3573],[-40.8374,-8.3811],[-40.8195,-8.3219],[-40.7798,-8.302],[-40.7827,-8.2551],[-40.7092,-8.2237],[-40.633,-8.1396],[-40.5897,-8.138],[-40.5398,-7.8553],[-40.5635,-7.8126],[-40.6735,-7.7617],[-40.6444,-7.6078],[-40.7147,-7.4877],[-40.7049,-7.4588],[-40.5484,-7.3927],[-40.3193,-7.3744],[-40.2464,-7.4337],[-39.9614,-7.389],[-39.9151,-7.3381],[-39.6625,-7.3106],[-39.3172,-7.5415],[-39.2779,-7.607],[-39.3068,-7.6651],[-39.2719,-7.6605],[-39.2525,-7.7049],[-39.208,-7.6896],[-39.1356,-7.7234],[-39.0912,-7.8582],[-39.0178,-7.8139],[-38.965,-7.8448],[-38.9395,-7.7588],[-38.8813,-7.7475],[-38.8697,-7.7116],[-38.8306,-7.7204],[-38.8196,-7.6648],[-38.7427,-7.6603],[-38.715,-7.6219],[-38.5935,-7.7544],[-38.4096,-7.7305],[-38.3574,-7.6772],[-38.312,-7.7163],[-38.2867,-7.8302],[-38.164,-7.7799],[-38.077,-7.8306],[-38.0394,-7.7482],[-37.971,-7.7774],[-37.8584,-7.6536],[-37.7854,-7.6266],[-37.7387,-7.6602],[-37.7558,-7.6195],[-37.7064,-7.5506],[-37.6197,-7.5261],[-37.5717,-7.4891],[-37.5848,-7.4677],[-37.5331,-7.473],[-37.4964,-7.3663],[-37.3856,-7.3567],[-37.3315,-7.2897],[-37.2759,-7.2751],[-37.2328,-7.2751],[-37.1652,-7.3366]]]]}},{"type":"Feature","id":"PI","properties":{"name":"PI","sigla":"PI","uf":"PI"},"geometry":{"type":"Polygon","coordinates":[[[-41.8168,-2.7437],[-41.6496,-2.8613],[-41.6707,-2.8712],[-41.6593,-2.8799],[-41.6504,-2.8718],[-41.6465,-2.8471],[-41.5824,-2.9071],[-41.3209,-2.9182],[-41.319,-2.9574],[-41.2571,-3.0047],[-41.2566,-3.088],[-41.3191,-3.1454],[-41.4235,-3.368],[-41.3479,-3.4146],[-41.328,-3.4887],[-41.2992,-3.491],[-41.3712,-3.5678],[-41.3313,-3.6247],[-41.3417,-3.6808],[-41.2394,-3.7126],[-41.3008,-3.8263],[-41.2768,-3.8256],[-41.2202,-3.9415],[-41.2546,-4.0358],[-41.1142,-4.0407],[-41.1431,-4.1243],[-41.0826,-4.1896],[-41.1359,-4.2335],[-41.1201,-4.3306],[-41.1907,-4.5155],[-41.2425,-4.5715],[-41.1742,-4.6675],[-41.2503,-4.7566],[-41.208,-4.7768],[-41.2491,-4.8691],[-41.2215,-4.9369],[-41.1212,-5.0236],[-41.0518,-5.0241],[-41.1214,-5.024],[-41.1318,-5.0481],[-40.9252,-5.1821],[-40.9361,-5.366],[-40.9115,-5.4074],[-40.9424,-5.4205],[-40.901,-5.6158],[-40.9387,-5.6734],[-40.8742,-5.9743],[-40.9071,-6.0418],[-40.8733,-6.0563],[-40.8522,-6.2242],[-40.7811,-6.3243],[-40.7921,-6.5129],[-40.7219,-6.6177],[-40.7319,-6.6541],[-40.4762,-6.7345],[-40.4321,-6.813],[-40.3705,-6.8031],[-40.4285,-6.8643],[-40.4293,-6.9946],[-40.4062,-7.0053],[-40.4897,-7.1187],[-40.5484,-7.3927],[-40.7132,-7.4733],[-40.6444,-7.6078],[-40.6735,-7.7617],[-40.5635,-7.8126],[-40.5398,-7.8553],[-40.5897,-8.138],[-40.633,-8.1396],[-40.7092,-8.2237],[-40.7827,-8.2551],[-40.8193,-8.3624],[-40.893,-8.3573],[-40.9267,-8.4462],[-41.0001,-8.4007],[-41.0511,-8.4805],[-41.0789,-8.4725],[-41.0979,-8.5208],[-41.2119,-8.6024],[-41.2173,-8.6455],[-41.3369,-8.7084],[-41.3989,-8.705],[-41.4242,-8.8025],[-41.4878,-8.8439],[-41.5445,-8.9606],[-41.6057,-8.9574],[-41.7236,-9.0136],[-41.7351,-9.0947],[-41.8,-9.148],[-41.8379,-9.2423],[-41.9179,-9.2785],[-42.0225,-9.25],[-42.2064,-9.2928],[-42.2082,-9.1943],[-42.2261,-9.2838],[-42.3191,-9.3203],[-42.4429,-9.4574],[-42.522,-9.503],[-42.5864,-9.4968],[-42.6216,-9.5412],[-42.72,-9.5312],[-42.7651,-9.6168],[-42.8205,-9.6192],[-42.8371,-9.5504],[-42.8696,-9.564],[-42.9462,-9.5184],[-42.9628,-9.4571],[-42.9461,-9.4042],[-42.775,-9.3657],[-42.7819,-9.2852],[-42.8253,-9.2823],[-42.8319,-9.2538],[-42.8787,-9.2984],[-42.9007,-9.2165],[-42.9938,-9.1372],[-43.0121,-9.408],[-43.057,-9.4178],[-43.1199,-9.3725],[-43.1917,-9.4204],[-43.2186,-9.4006],[-43.2787,-9.4246],[-43.4278,-9.2726],[-43.4854,-9.2653],[-43.6868,-9.4181],[-43.7697,-9.4421],[-43.8496,-9.5481],[-43.7849,-9.7624],[-43.6532,-9.8391],[-43.709,-9.9132],[-43.6622,-10.0043],[-43.6929,-10.0774],[-43.766,-10.0801],[-43.779,-10.1805],[-43.9172,-10.4244],[-44.0293,-10.4164],[-44.0725,-10.5803],[-44.1302,-10.633],[-44.264,-10.6247],[-44.3356,-10.549],[-44.5024,-10.6499],[-44.5777,-10.6268],[-44.6677,-10.686],[-44.6676,-10.7601],[-44.7512,-10.7821],[-44.8458,-10.8998],[-44.9312,-10.9288],[-45.0732,-10.8404],[-45.248,-10.822],[-45.4341,-10.6254],[-45.4472,-10.5074],[-45.3964,-10.4469],[-45.4303,-10.3595],[-45.5672,-10.2016],[-45.5932,-10.1103],[-45.7266,-10.1569],[-45.7338,-10.2286],[-45.7937,-10.2677],[-45.8778,-10.2393],[-45.9463,-10.2586],[-45.9552,-10.2185],[-45.8785,-10.1103],[-45.8422,-9.9416],[-45.8662,-9.8707],[-45.8214,-9.7731],[-45.8414,-9.5623],[-45.7838,-9.4801],[-45.8241,-9.375],[-45.9022,-9.3179],[-45.897,-9.1865],[-45.9942,-8.9269],[-45.9455,-8.8404],[-45.9607,-8.8189],[-45.8399,-8.7153],[-45.7974,-8.613],[-45.7656,-8.6096],[-45.7937,-8.5844],[-45.7384,-8.5012],[-45.7306,-8.4124],[-45.6615,-8.25],[-45.5814,-8.1561],[-45.5762,-8.0291],[-45.5236,-7.9122],[-45.5403,-7.8647],[-45.4689,-7.6891],[-45.394,-7.613],[-45.233,-7.5499],[-45.2181,-7.5679],[-45.1554,-7.5135],[-44.9244,-7.4703],[-44.8167,-7.3612],[-44.6879,-7.3945],[-44.564,-7.2275],[-44.38,-7.119],[-44.3062,-7.1172],[-44.2619,-6.9987],[-44.1198,-6.8328],[-44.1032,-6.8532],[-44.1143,-6.8051],[-44.0697,-6.8214],[-44.0333,-6.7604],[-43.9612,-6.7419],[-43.9293,-6.7707],[-43.7967,-6.7031],[-43.7112,-6.6995],[-43.5608,-6.7499],[-43.4819,-6.8351],[-43.42,-6.8438],[-43.2446,-6.7664],[-43.146,-6.7831],[-43.0821,-6.7481],[-43.0011,-6.7545],[-42.9197,-6.6703],[-42.8718,-6.512],[-42.8777,-6.4179],[-42.8293,-6.3374],[-42.8601,-6.3306],[-42.8686,-6.2328],[-42.9685,-6.1783],[-42.9853,-6.1257],[-43.0749,-6.0547],[-43.0497,-5.9938],[-43.0994,-5.9036],[-43.0776,-5.8652],[-43.099,-5.6332],[-43.0346,-5.5923],[-42.9671,-5.4506],[-42.8263,-5.347],[-42.8274,-5.2338],[-42.7979,-5.1832],[-42.8547,-4.937],[-42.9502,-4.7884],[-42.9206,-4.7364],[-42.9545,-4.6895],[-42.8746,-4.5821],[-42.8504,-4.4814],[-42.8877,-4.4118],[-42.9633,-4.3764],[-42.9891,-4.2341],[-42.9359,-4.1618],[-42.8881,-4.1556],[-42.903,-4.1244],[-42.8236,-3.9922],[-42.7262,-3.91],[-42.6687,-3.7909],[-42.6757,-3.6756],[-42.4983,-3.4478],[-42.4586,-3.4857],[-42.3308,-3.4339],[-42.2043,-3.4358],[-42.1001,-3.3114],[-42.1325,-3.2901],[-42.1158,-3.2623],[-42.0103,-3.2463],[-41.9644,-3.179],[-41.939,-3.1874],[-41.9227,-3.1079],[-41.7967,-2.9666],[-41.8654,-2.8749],[-41.8168,-2.7437]]]}},{"type":"Feature","id":"RJ","properties":{"name":"RJ","sigla":"RJ","uf":"RJ"},"geometry":{"type":"MultiPolygon","coordinates":[[[[-44.6729,-23.3551],[-44.6707,-23.3557],[-44.6726,-23.3571],[-44.6729,-23.3551]]],[[[-44.5701,-23.3485],[-44.5682,-23.3513],[-44.5707,-23.3529],[-44.5701,-23.3485]]],[[[-44.6318,-23.2735],[-44.6296,-23.2735],[-44.6301,-23.2746],[-44.6318,-23.2735]]],[[[-44.5693,-23.266],[-44.5721,-23.266],[-44.5687,-23.2646],[-44.5693,-23.266]]],[[[-44.6471,-23.2271],[-44.6338,-23.226],[-44.6501,-23.2318],[-44.6471,-23.2271]]],[[[-44.5582,-23.2224],[-44.556,-23.2237],[-44.5576,-23.224],[-44.5582,-23.2224]]],[[[-44.6932,-23.2157],[-44.6901,-23.2179],[-44.6924,-23.2185],[-44.6932,-23.2157]]],[[[-44.1624,-23.2229],[-44.1488,-23.2232],[-44.1618,-23.2271],[-44.1624,-23.2229]]],[[[-44.3596,-23.2124],[-44.3574,-23.2149],[-44.361,-23.2151],[-44.3596,-23.2124]]],[[[-44.5849,-23.2101],[-44.584,-23.2121],[-44.5854,-23.2112],[-44.5849,-23.2101]]],[[[-44.6054,-23.2151],[-44.594,-23.2168],[-44.6215,-23.2235],[-44.6054,-23.2151]]],[[[-44.5846,-23.1996],[-44.5788,-23.2024],[-44.5838,-23.2026],[-44.5846,-23.1996]]],[[[-44.5749,-23.1957],[-44.5721,-23.1965],[-44.574,-23.1968],[-44.5749,-23.1957]]],[[[-44.6085,-23.1951],[-44.6065,-23.1963],[-44.6082,-23.1968],[-44.6085,-23.1951]]],[[[-44.6235,-23.1899],[-44.621,-23.1907],[-44.6243,-23.1921],[-44.6235,-23.1899]]],[[[-44.5779,-23.186],[-44.5732,-23.1887],[-44.5765,-23.1899],[-44.5779,-23.186]]],[[[-44.1835,-23.1829],[-44.1793,-23.1846],[-44.184,-23.184],[-44.1835,-23.1829]]],[[[-44.6599,-23.1868],[-44.6563,-23.1832],[-44.6571,-23.1887],[-44.6599,-23.1868]]],[[[-44.6846,-23.1776],[-44.6818,-23.1787],[-44.6832,-23.1793],[-44.6846,-23.1776]]],[[[-44.6782,-23.1696],[-44.6768,-23.1724],[-44.6787,-23.1724],[-44.6782,-23.1696]]],[[[-44.6665,-23.161],[-44.6615,-23.1607],[-44.6657,-23.1635],[-44.6665,-23.161]]],[[[-44.6951,-23.1565],[-44.6815,-23.1576],[-44.6929,-23.1699],[-44.6951,-23.1565]]],[[[-44.1088,-23.1385],[-44.1085,-23.1426],[-44.1101,-23.1426],[-44.1088,-23.1385]]],[[[-44.6874,-23.129],[-44.684,-23.1299],[-44.6868,-23.1313],[-44.6874,-23.129]]],[[[-44.6793,-23.1254],[-44.6776,-23.126],[-44.6793,-23.1271],[-44.6793,-23.1254]]],[[[-44.6779,-23.1112],[-44.6732,-23.1129],[-44.6779,-23.1149],[-44.6779,-23.1112]]],[[[-44.681,-23.1093],[-44.6787,-23.109],[-44.679,-23.1104],[-44.681,-23.1093]]],[[[-44.6862,-23.1079],[-44.6888,-23.1085],[-44.686,-23.106],[-44.6862,-23.1079]]],[[[-44.1199,-23.0982],[-44.1185,-23.0996],[-44.1215,-23.101],[-44.1199,-23.0982]]],[[[-44.6738,-23.0982],[-44.6701,-23.0982],[-44.6735,-23.0993],[-44.6738,-23.0982]]],[[[-44.6846,-23.0868],[-44.6832,-23.0882],[-44.6851,-23.089],[-44.6846,-23.0868]]],[[[-44.5951,-23.0857],[-44.5932,-23.0876],[-44.5954,-23.0893],[-44.5951,-23.0857]]],[[[-44.3129,-23.0854],[-44.3121,-23.0874],[-44.3135,-23.0865],[-44.3129,-23.0854]]],[[[-44.2438,-23.0846],[-44.2404,-23.0843],[-44.2404,-23.0868],[-44.2438,-23.0846]]],[[[-44.3324,-23.0843],[-44.3293,-23.0871],[-44.3321,-23.0871],[-44.3324,-23.0843]]],[[[-43.5638,-23.081],[-43.5593,-23.0813],[-43.5624,-23.0832],[-43.5638,-23.081]]],[[[-44.2304,-23.0749],[-44.1651,-23.1415],[-44.126,-23.1201],[-44.141,-23.1571],[-44.0907,-23.174],[-44.1471,-23.1688],[-44.2521,-23.206],[-44.3049,-23.1785],[-44.3332,-23.2237],[-44.3482,-23.2265],[-44.3407,-23.1821],[-44.3776,-23.1718],[-44.2957,-23.1143],[-44.2829,-23.1363],[-44.2496,-23.1099],[-44.2304,-23.0749]]],[[[-43.2015,-23.0746],[-43.1979,-23.0735],[-43.1985,-23.0763],[-43.2015,-23.0746]]],[[[-44.2543,-23.0699],[-44.2518,-23.0721],[-44.2557,-23.071],[-44.2543,-23.0699]]],[[[-44.396,-23.0693],[-44.3935,-23.0718],[-44.3954,-23.0726],[-44.396,-23.0693]]],[[[-44.6418,-23.0679],[-44.6396,-23.0743],[-44.6451,-23.0749],[-44.6418,-23.0679]]],[[[-44.6335,-23.069],[-44.6288,-23.071],[-44.6315,-23.0724],[-44.6335,-23.069]]],[[[-43.1999,-23.0713],[-43.1912,-23.0701],[-43.1926,-23.0749],[-43.1999,-23.0713]]],[[[-44.6037,-23.0668],[-44.6024,-23.0693],[-44.6046,-23.0682],[-44.6037,-23.0668]]],[[[-44.5968,-23.0654],[-44.5949,-23.0674],[-44.5971,-23.0668],[-44.5968,-23.0654]]],[[[-44.4121,-23.0629],[-44.4096,-23.0637],[-44.4118,-23.064],[-44.4121,-23.0629]]],[[[-43.5135,-23.0618],[-43.5076,-23.0646],[-43.514,-23.0663],[-43.5135,-23.0618]]],[[[-44.6293,-23.0613],[-44.6263,-23.0618],[-44.6288,-23.0632],[-44.6293,-23.0613]]],[[[-43.1485,-23.0663],[-43.1426,-23.0637],[-43.1424,-23.0665],[-43.1485,-23.0663]]],[[[-44.4188,-23.0574],[-44.414,-23.0604],[-44.4196,-23.0604],[-44.4188,-23.0574]]],[[[-44.3182,-23.059],[-44.3096,-23.0607],[-44.3196,-23.0618],[-44.3182,-23.059]]],[[[-44.624,-23.0574],[-44.619,-23.0587],[-44.6237,-23.0604],[-44.624,-23.0574]]],[[[-44.6093,-23.0613],[-44.6004,-23.0568],[-44.6087,-23.0646],[-44.6093,-23.0613]]],[[[-44.5646,-23.0632],[-44.5518,-23.0574],[-44.5643,-23.0688],[-44.5646,-23.0632]]],[[[-44.4046,-23.0551],[-44.4015,-23.0576],[-44.404,-23.0582],[-44.4046,-23.0551]]],[[[-44.3176,-23.0538],[-44.3149,-23.056],[-44.3179,-23.0549],[-44.3176,-23.0538]]],[[[-44.3349,-23.0538],[-44.3321,-23.0554],[-44.3335,-23.056],[-44.3349,-23.0538]]],[[[-44.5626,-23.0515],[-44.5599,-23.0532],[-44.5632,-23.0529],[-44.5626,-23.0515]]],[[[-44.1393,-23.0424],[-44.1362,-23.0438],[-44.1393,-23.044],[-44.1393,-23.0424]]],[[[-44.5021,-23.0482],[-44.4938,-23.0532],[-44.5037,-23.0549],[-44.5021,-23.0482]]],[[[-44.3954,-23.0393],[-44.3921,-23.0418],[-44.3963,-23.0421],[-44.3954,-23.0393]]],[[[-43.1424,-23.0399],[-43.1404,-23.041],[-43.1415,-23.0418],[-43.1424,-23.0399]]],[[[-44.3429,-23.0376],[-44.3415,-23.0401],[-44.344,-23.0393],[-44.3429,-23.0376]]],[[[-44.1621,-23.0407],[-44.1582,-23.0393],[-44.1585,-23.0421],[-44.1621,-23.0407]]],[[[-44.1293,-23.0429],[-44.1254,-23.0371],[-44.1237,-23.041],[-44.1293,-23.0429]]],[[[-43.3079,-23.0371],[-43.3029,-23.0393],[-43.3085,-23.0387],[-43.3079,-23.0371]]],[[[-44.5196,-23.0362],[-44.516,-23.0371],[-44.521,-23.0387],[-44.5196,-23.0362]]],[[[-44.4004,-23.0346],[-44.3982,-23.0371],[-44.401,-23.0365],[-44.4004,-23.0346]]],[[[-44.4132,-23.0338],[-44.4115,-23.0354],[-44.4126,-23.0357],[-44.4132,-23.0338]]],[[[-44.3918,-23.0451],[-44.3465,-23.0396],[-44.346,-23.0693],[-44.3918,-23.0451]]],[[[-43.3013,-23.031],[-43.2985,-23.0349],[-43.3018,-23.0335],[-43.3013,-23.031]]],[[[-44.4818,-23.0299],[-44.4804,-23.031],[-44.4832,-23.0321],[-44.4818,-23.0299]]],[[[-43.6071,-23.0293],[-43.6049,-23.0338],[-43.6068,-23.0321],[-43.6118,-23.0312],[-43.6071,-23.0293]]],[[[-43.279,-23.0299],[-43.2751,-23.0307],[-43.2785,-23.0321],[-43.279,-23.0299]]],[[[-44.4032,-23.0265],[-44.401,-23.0318],[-44.4043,-23.0332],[-44.4032,-23.0265]]],[[[-44.3343,-23.0263],[-44.3293,-23.0276],[-44.3338,-23.0285],[-44.3343,-23.0263]]],[[[-44.2882,-23.0263],[-44.2857,-23.0271],[-44.2876,-23.0279],[-44.2882,-23.0263]]],[[[-43.2062,-23.0254],[-43.201,-23.0279],[-43.206,-23.0276],[-43.2062,-23.0254]]],[[[-43.2088,-23.0404],[-43.191,-23.0301],[-43.1979,-23.0371],[-43.2088,-23.0404]]],[[[-44.3104,-23.0254],[-44.3088,-23.0265],[-44.3101,-23.0276],[-44.3104,-23.0254]]],[[[-43.9546,-23.0257],[-43.951,-23.0246],[-43.9524,-23.0265],[-43.9546,-23.0257]]],[[[-44.1113,-23.0229],[-44.109,-23.0243],[-44.1104,-23.0251],[-44.1113,-23.0229]]],[[[-43.1843,-23.0226],[-43.1821,-23.0229],[-43.1824,-23.024],[-43.1843,-23.0226]]],[[[-42.9251,-23.0235],[-42.9282,-23.0218],[-42.9243,-23.0201],[-42.9251,-23.0235]]],[[[-43.9479,-23.0224],[-43.9451,-23.0249],[-43.9476,-23.0251],[-43.9479,-23.0224]]],[[[-42.9221,-23.0132],[-42.9201,-23.0182],[-42.9243,-23.0196],[-42.9221,-23.0132]]],[[[-42.9096,-23.006],[-42.9068,-23.0079],[-42.9085,-23.0085],[-42.9096,-23.006]]],[[[-43.9554,-23.0063],[-43.9493,-23.0063],[-43.9518,-23.0101],[-43.9554,-23.0063]]],[[[-43.9999,-22.9999],[-44.0001,-23.0001],[-44.0001,-22.9999],[-43.9999,-22.9999]]],[[[-42.9999,-22.9999],[-43.0001,-23.0001],[-43.0001,-22.9999],[-42.9999,-22.9999]]],[[[-44.0532,-23.0074],[-44.029,-22.9982],[-44.0324,-23.0151],[-44.0532,-23.0074]]],[[[-44.4043,-22.9921],[-44.4001,-22.9915],[-44.4004,-22.9929],[-44.4043,-22.9921]]],[[[-43.9124,-22.9924],[-43.9101,-22.9957],[-43.9138,-22.9957],[-43.9124,-22.9924]]],[[[-44.0449,-22.9888],[-44.0401,-22.9885],[-44.0421,-22.991],[-44.0449,-22.9888]]],[[[-43.0887,-22.9876],[-43.0832,-22.989],[-43.089,-22.989],[-43.0887,-22.9876]]],[[[-44.414,-22.9935],[-44.406,-22.994],[-44.4062,-22.9976],[-44.414,-22.9935]]],[[[-43.9374,-22.9982],[-43.9176,-22.9951],[-43.9354,-23.0157],[-43.9374,-22.9982]]],[[[-44.3615,-22.9854],[-44.3613,-22.9874],[-44.3632,-22.9879],[-44.3615,-22.9854]]],[[[-43.0676,-22.9829],[-43.064,-22.9851],[-43.0685,-22.9863],[-43.0676,-22.9829]]],[[[-44.3549,-22.9832],[-44.3521,-22.9851],[-44.3579,-22.9874],[-44.3549,-22.9832]]],[[[-43.9146,-22.9799],[-43.9079,-22.9826],[-43.9151,-22.9832],[-43.9146,-22.9799]]],[[[-44.3307,-22.979],[-44.329,-22.981],[-44.3304,-22.9813],[-44.3307,-22.979]]],[[[-42.0137,-22.9999],[-41.9743,-22.9926],[-42.0018,-23.0179],[-42.0137,-22.9999]]],[[[-44.4068,-22.9796],[-44.3963,-22.9801],[-44.4054,-22.9851],[-44.4068,-22.9796]]],[[[-44.3421,-22.9774],[-44.3396,-22.9788],[-44.3413,-22.9799],[-44.3421,-22.9774]]],[[[-44.3482,-22.9771],[-44.3454,-22.9771],[-44.3482,-22.9788],[-44.3482,-22.9771]]],[[[-44.391,-22.9724],[-44.3876,-22.9735],[-44.3904,-22.9737],[-44.391,-22.9724]]],[[[-44.4235,-22.969],[-44.4149,-22.971],[-44.4249,-22.974],[-44.4235,-22.969]]],[[[-44.3704,-22.9674],[-44.3679,-22.969],[-44.3726,-22.971],[-44.3704,-22.9674]]],[[[-44.3193,-22.9665],[-44.3185,-22.9682],[-44.3196,-22.9679],[-44.3193,-22.9665]]],[[[-41.9938,-22.9638],[-41.9846,-22.9635],[-41.9935,-22.9696],[-41.9938,-22.9638]]],[[[-44.4087,-22.9635],[-44.4062,-22.9626],[-44.4062,-22.9632],[-44.4087,-22.9635]]],[[[-43.1501,-22.9624],[-43.1485,-22.9649],[-43.1501,-22.9668],[-43.1501,-22.9624]]],[[[-44.3443,-22.9621],[-44.3415,-22.9618],[-44.3443,-22.9629],[-44.3443,-22.9621]]],[[[-44.3518,-22.9621],[-44.3468,-22.964],[-44.3518,-22.9651],[-44.3518,-22.9621]]],[[[-43.951,-22.9593],[-43.9468,-22.9615],[-43.9521,-22.9604],[-43.951,-22.9593]]],[[[-43.1054,-22.9562],[-43.1024,-22.9574],[-43.1057,-22.9574],[-43.1054,-22.9562]]],[[[-44.3537,-22.9549],[-44.3515,-22.9543],[-44.3535,-22.9557],[-44.3537,-22.9549]]],[[[-43.8635,-22.9471],[-43.8576,-22.9554],[-43.8646,-22.9562],[-43.8635,-22.9471]]],[[[-43.8665,-22.946],[-43.864,-22.9451],[-43.8643,-22.9465],[-43.8665,-22.946]]],[[[-43.9676,-22.9438],[-43.9651,-22.9438],[-43.9674,-22.946],[-43.9676,-22.9438]]],[[[-43.964,-22.9438],[-43.9618,-22.9454],[-43.9637,-22.9451],[-43.964,-22.9438]]],[[[-44.3451,-22.9387],[-44.3363,-22.9387],[-44.3432,-22.9432],[-44.3451,-22.9387]]],[[[-43.7868,-22.9262],[-43.7837,-22.9282],[-43.7865,-22.929],[-43.7868,-22.9262]]],[[[-43.8665,-22.9251],[-43.8643,-22.9251],[-43.8635,-22.9257],[-43.8665,-22.9251]]],[[[-43.876,-22.9235],[-43.8737,-22.9485],[-43.9101,-22.9562],[-43.9126,-22.9351],[-43.876,-22.9235]]],[[[-43.8135,-22.9251],[-43.8096,-22.9249],[-43.8129,-22.9265],[-43.8135,-22.9251]]],[[[-41.9893,-22.8926],[-41.976,-22.8993],[-41.9818,-22.9029],[-41.9893,-22.8926]]],[[[-43.2099,-22.8915],[-43.2079,-22.8907],[-43.2079,-22.8926],[-43.2099,-22.8915]]],[[[-43.1979,-22.8882],[-43.1954,-22.8876],[-43.1965,-22.8882],[-43.1979,-22.8882]]],[[[-43.2076,-22.886],[-43.2101,-22.8885],[-43.2101,-22.886],[-43.2076,-22.886]]],[[[-43.1763,-22.8832],[-43.1729,-22.8843],[-43.1768,-22.8849],[-43.1763,-22.8832]]],[[[-41.959,-22.8849],[-41.9613,-22.8835],[-41.9574,-22.8821],[-41.959,-22.8849]]],[[[-41.9393,-22.8768],[-41.9424,-22.8804],[-41.9432,-22.8776],[-41.9393,-22.8768]]],[[[-43.1382,-22.876],[-43.1326,-22.8679],[-43.1287,-22.8738],[-43.1382,-22.876]]],[[[-43.139,-22.8682],[-43.1387,-22.8679],[-43.1379,-22.8685],[-43.139,-22.8682]]],[[[-41.9243,-22.8632],[-41.9176,-22.8654],[-41.9254,-22.8646],[-41.9243,-22.8632]]],[[[-41.946,-22.8635],[-41.9404,-22.8738],[-41.9546,-22.8762],[-41.946,-22.8635]]],[[[-43.1318,-22.8618],[-43.1185,-22.8637],[-43.1312,-22.866],[-43.1318,-22.8618]]],[[[-41.9024,-22.8499],[-41.9035,-22.8604],[-41.9126,-22.8629],[-41.9024,-22.8499]]],[[[-41.894,-22.8435],[-41.8874,-22.8454],[-41.894,-22.8463],[-41.894,-22.8435]]],[[[-43.1749,-22.8387],[-43.174,-22.8379],[-43.1726,-22.8387],[-43.1749,-22.8387]]],[[[-43.1154,-22.8337],[-43.1046,-22.8349],[-43.1074,-22.8407],[-43.1154,-22.8337]]],[[[-43.2604,-22.8257],[-43.2574,-22.8254],[-43.2574,-22.8276],[-43.2604,-22.8257]]],[[[-43.1396,-22.8246],[-43.1404,-22.8232],[-43.1396,-22.8232],[-43.1396,-22.8246]]],[[[-43.1043,-22.8299],[-43.0935,-22.8226],[-43.1018,-22.8299],[-43.1043,-22.8299]]],[[[-43.1535,-22.8196],[-43.1518,-22.8201],[-43.1526,-22.8215],[-43.1535,-22.8196]]],[[[-41.924,-22.8132],[-41.9176,-22.8151],[-41.9179,-22.8176],[-41.924,-22.8132]]],[[[-43.1651,-22.8132],[-43.1613,-22.8118],[-43.161,-22.8154],[-43.1651,-22.8132]]],[[[-43.1224,-22.8046],[-43.1235,-22.8071],[-43.124,-22.806],[-43.1224,-22.8046]]],[[[-43.1188,-22.8024],[-43.1176,-22.8046],[-43.1193,-22.804],[-43.1188,-22.8024]]],[[[-43.1368,-22.8029],[-43.1376,-22.8032],[-43.1362,-22.8015],[-43.1368,-22.8029]]],[[[-43.1113,-22.8015],[-43.1079,-22.8013],[-43.1113,-22.8035],[-43.1113,-22.8015]]],[[[-43.1138,-22.7965],[-43.111,-22.7974],[-43.1132,-22.7976],[-43.1138,-22.7965]]],[[[-43.1512,-22.7868],[-43.1504,-22.7885],[-43.1518,-22.7879],[-43.1512,-22.7868]]],[[[-43.1718,-22.7754],[-43.1701,-22.8321],[-43.2674,-22.8107],[-43.189,-22.7951],[-43.1718,-22.7754]]],[[[-41.8274,-22.7715],[-41.8193,-22.7718],[-41.8257,-22.7765],[-41.8274,-22.7715]]],[[[-43.1599,-22.7757],[-43.1524,-22.7718],[-43.1518,-22.7746],[-43.1599,-22.7757]]],[[[-41.7938,-22.7696],[-41.784,-22.7704],[-41.7949,-22.7715],[-41.7938,-22.7696]]],[[[-43.1207,-22.7568],[-43.1143,-22.7568],[-43.1201,-22.7587],[-43.1207,-22.7568]]],[[[-43.1129,-22.7538],[-43.1024,-22.7654],[-43.1115,-22.7699],[-43.1129,-22.7538]]],[[[-43.1287,-22.7463],[-43.1265,-22.7479],[-43.1293,-22.7479],[-43.1287,-22.7463]]],[[[-41.9465,-22.7401],[-41.9412,-22.7388],[-41.9412,-22.7401],[-41.9465,-22.7401]]],[[[-41.9246,-22.7215],[-41.9207,-22.7257],[-41.9271,-22.7237],[-41.9246,-22.7215]]],[[[-41.7176,-22.4188],[-41.7118,-22.4196],[-41.7126,-22.4224],[-41.7176,-22.4188]]],[[[-41.7118,-22.4151],[-41.6987,-22.411],[-41.7015,-22.421],[-41.7118,-22.4151]]],[[[-41.6887,-22.3993],[-41.6849,-22.4004],[-41.6896,-22.4024],[-41.6887,-22.3993]]],[[[-41.6982,-22.3999],[-41.6918,-22.4049],[-41.6957,-22.406],[-41.6982,-22.3999]]],[[[-41.0151,-21.619],[-41.0168,-21.6215],[-41.0196,-21.6199],[-41.0151,-21.619]]],[[[-41.0174,-21.6121],[-41.0135,-21.6115],[-41.0143,-21.6138],[-41.0174,-21.6121]]],[[[-41.0462,-21.5854],[-41.0199,-21.606],[-41.0176,-21.6138],[-41.0465,-21.616],[-41.0443,-21.6079],[-41.0462,-21.5854]]],[[[-41.0526,-21.5815],[-41.0482,-21.5832],[-41.049,-21.5876],[-41.0526,-21.5815]]],[[[-41.8538,-20.7641],[-41.7409,-20.8183],[-41.7418,-20.8728],[-41.7124,-20.8716],[-41.737,-20.9297],[-41.7107,-20.9914],[-41.7179,-21.1238],[-41.277,-21.2402],[-41.0924,-21.2187],[-40.9593,-21.2972],[-40.961,-21.361],[-41.0738,-21.5112],[-41.0485,-21.6149],[-41.0418,-21.6212],[-41.0168,-21.6224],[-41.0126,-21.6196],[-41.024,-21.7374],[-40.974,-21.9657],[-41.001,-22.0199],[-41.1893,-22.1262],[-41.6776,-22.2926],[-41.9232,-22.5304],[-41.9624,-22.5346],[-41.9971,-22.5926],[-41.9885,-22.7129],[-41.9265,-22.7701],[-41.8737,-22.7371],[-41.8635,-22.7568],[-42.0288,-22.8982],[-42.034,-22.9454],[-41.9943,-22.9621],[-42.0124,-22.9974],[-42.0599,-22.9576],[-42.3593,-22.9343],[-43.0515,-22.9824],[-43.1354,-22.9387],[-43.0954,-22.9268],[-43.1354,-22.8813],[-43.1151,-22.8818],[-43.0657,-22.804],[-43.081,-22.7874],[-43.0296,-22.7265],[-43.014,-22.7257],[-43.0049,-22.7154],[-43.0857,-22.6774],[-43.124,-22.7138],[-43.256,-22.7379],[-43.2785,-22.7801],[-43.2693,-22.819],[-43.2368,-22.861],[-43.2443,-22.8365],[-43.2082,-22.8585],[-43.2112,-22.8974],[-43.1576,-22.9126],[-43.1813,-22.9474],[-43.1499,-22.951],[-43.1904,-22.991],[-43.4538,-23.0243],[-43.5518,-23.0768],[-43.624,-23.0499],[-43.8588,-23.0726],[-43.8652,-23.0449],[-43.7818,-23.0621],[-43.6149,-23.031],[-43.6015,-23.0404],[-43.5674,-23.0535],[-43.5674,-23.0613],[-43.5624,-23.0585],[-43.5735,-23.0471],[-43.6032,-23.0387],[-43.5996,-23.0232],[-43.6229,-23.0085],[-43.6529,-23.0035],[-43.6751,-22.9741],[-43.7011,-22.9801],[-43.7943,-22.9039],[-43.8521,-22.9152],[-43.8451,-22.8912],[-43.9841,-22.9282],[-44.0421,-22.9846],[-44.0538,-22.9426],[-44.1129,-23.0232],[-44.2382,-23.0574],[-44.2212,-23.0135],[-44.251,-22.9976],[-44.3593,-23.0235],[-44.3029,-22.9596],[-44.3329,-22.9679],[-44.3204,-22.9365],[-44.3596,-22.9235],[-44.3771,-22.9704],[-44.4113,-22.9418],[-44.436,-22.9651],[-44.4249,-22.9982],[-44.4485,-23.0349],[-44.4796,-23.0063],[-44.6874,-23.0763],[-44.7135,-23.2335],[-44.6593,-23.2079],[-44.6437,-23.1854],[-44.6246,-23.2224],[-44.6607,-23.2151],[-44.6854,-23.2507],[-44.6129,-23.234],[-44.6568,-23.2915],[-44.6474,-23.3012],[-44.5621,-23.2265],[-44.5829,-23.2693],[-44.5021,-23.294],[-44.5546,-23.3035],[-44.5857,-23.3601],[-44.641,-23.3321],[-44.7254,-23.3696],[-44.875,-23.2492],[-44.873,-23.1843],[-44.8111,-23.1257],[-44.7924,-22.9822],[-44.4947,-22.8465],[-44.4669,-22.8851],[-44.4133,-22.8482],[-44.2713,-22.8312],[-44.2504,-22.7576],[-44.1609,-22.6783],[-44.2268,-22.6046],[-44.3436,-22.5884],[-44.3564,-22.6143],[-44.3844,-22.5737],[-44.4051,-22.6073],[-44.4875,-22.6061],[-44.5085,-22.6409],[-44.5489,-22.6062],[-44.6357,-22.6089],[-44.6417,-22.5594],[-44.7156,-22.5142],[-44.7404,-22.4257],[-44.804,-22.3938],[-44.7239,-22.3599],[-44.6603,-22.3796],[-44.6261,-22.3361],[-44.5332,-22.3304],[-44.4327,-22.2516],[-44.2354,-22.2662],[-44.1,-22.1733],[-43.7659,-22.0629],[-43.734,-22.0966],[-43.6918,-22.0709],[-43.6123,-22.0818],[-43.586,-22.052],[-43.5625,-22.0878],[-43.5136,-22.0593],[-43.4624,-22.0726],[-43.3471,-22.0038],[-43.2465,-22.007],[-43.202,-22.0371],[-43.131,-22.03],[-43.1365,-22.1097],[-43.0741,-22.0933],[-42.8825,-21.9601],[-42.2711,-21.7157],[-42.2752,-21.6769],[-42.365,-21.6463],[-42.3689,-21.6196],[-42.2529,-21.4937],[-42.2926,-21.46],[-42.279,-21.4106],[-42.2391,-21.4018],[-42.2289,-21.2844],[-42.1896,-21.2499],[-42.2084,-21.1782],[-42.0804,-21.0357],[-42.1516,-20.9744],[-42.0935,-20.9362],[-41.9766,-20.9355],[-41.9281,-20.795],[-41.8538,-20.7641]]]]}},{"type":"Feature","id":"RN","properties":{"name":"RN","sigla":"RN","uf":"RN"},"geometry":{"type":"MultiPolygon","coordinates":[[[[-35.1126,-6.1946],[-35.1099,-6.1954],[-35.1126,-6.1954],[-35.1126,-6.1946]]],[[[-35.1265,-6.191],[-35.1246,-6.1901],[-35.124,-6.1918],[-35.1265,-6.191]]],[[[-36.6051,-5.0899],[-36.5996,-5.0921],[-36.606,-5.0935],[-36.6051,-5.0899]]],[[[-36.4424,-5.0801],[-36.4415,-5.0815],[-36.4435,-5.0818],[-36.4424,-5.0801]]],[[[-36.4621,-5.081],[-36.4599,-5.0799],[-36.4582,-5.0832],[-36.4621,-5.081]]],[[[-36.4735,-5.0699],[-36.4693,-5.0732],[-36.4749,-5.0724],[-36.4735,-5.0699]]],[[[-36.5218,-5.0646],[-36.5179,-5.0701],[-36.5246,-5.0665],[-36.5218,-5.0646]]],[[[-37.1012,-4.9387],[-37.0985,-4.9371],[-37.0996,-4.9396],[-37.1012,-4.9387]]],[[[-37.1618,-4.9351],[-37.1579,-4.9321],[-37.1585,-4.9387],[-37.1618,-4.9351]]],[[[-37.1037,-4.9226],[-37.0849,-4.9315],[-37.0807,-4.9382],[-37.0943,-4.9315],[-37.1218,-4.9354],[-37.1037,-4.9226]]],[[[-37.2515,-4.8324],[-37.1476,-4.9526],[-36.9621,-4.9188],[-36.694,-5.0965],[-36.681,-5.0857],[-36.6168,-5.1021],[-36.5638,-5.0904],[-36.5999,-5.0787],[-36.5438,-5.0888],[-36.4854,-5.0746],[-36.4532,-5.0862],[-36.4268,-5.0787],[-36.4663,-5.0737],[-36.4485,-5.0668],[-36.3396,-5.0837],[-36.314,-5.0996],[-36.3154,-5.1046],[-36.3265,-5.1004],[-36.3349,-5.1074],[-36.2882,-5.1262],[-36.3076,-5.1104],[-36.2854,-5.1015],[-36.2824,-5.1071],[-36.2668,-5.1215],[-36.266,-5.1204],[-36.2901,-5.0879],[-36.1387,-5.0946],[-35.979,-5.041],[-35.4868,-5.159],[-35.3899,-5.2551],[-35.3565,-5.3557],[-35.2607,-5.4815],[-35.221,-5.6785],[-35.1935,-5.6993],[-35.1782,-5.8696],[-35.096,-6.0571],[-35.0949,-6.1824],[-35.1235,-6.1671],[-35.1432,-6.214],[-35.1257,-6.2079],[-35.0899,-6.1818],[-35.036,-6.2357],[-35.0396,-6.3135],[-34.991,-6.3743],[-34.969,-6.4879],[-35.0575,-6.5278],[-35.0953,-6.4977],[-35.1701,-6.5584],[-35.2228,-6.5165],[-35.3306,-6.5443],[-35.4023,-6.4914],[-35.5646,-6.4918],[-35.6582,-6.446],[-35.7731,-6.4828],[-35.9775,-6.4889],[-36.0799,-6.4052],[-36.1961,-6.4054],[-36.0983,-6.4199],[-36.2496,-6.4374],[-36.251,-6.4044],[-36.2962,-6.3911],[-36.2797,-6.3089],[-36.3074,-6.2815],[-36.3475,-6.3092],[-36.3944,-6.294],[-36.4302,-6.3623],[-36.4997,-6.3582],[-36.529,-6.4471],[-36.5257,-6.5012],[-36.4433,-6.5607],[-36.4357,-6.6259],[-36.5244,-6.5997],[-36.5576,-6.7108],[-36.5043,-6.7562],[-36.5068,-6.813],[-36.5697,-6.848],[-36.6097,-6.9368],[-36.688,-6.927],[-36.7184,-6.9827],[-36.7664,-6.9344],[-36.7301,-6.8364],[-36.7693,-6.8388],[-36.7726,-6.7871],[-36.8349,-6.7311],[-36.959,-6.7833],[-36.9552,-6.818],[-37.0106,-6.8744],[-37.1386,-6.7862],[-37.1906,-6.8254],[-37.255,-6.8111],[-37.2836,-6.6939],[-37.4846,-6.71],[-37.483,-6.5504],[-37.3968,-6.5142],[-37.3772,-6.3444],[-37.1568,-6.1525],[-37.1738,-6.048],[-37.231,-6.0288],[-37.4456,-6.1122],[-37.4589,-6.145],[-37.7491,-6.1938],[-37.7763,-6.2458],[-37.7576,-6.2908],[-37.8103,-6.2917],[-37.8414,-6.363],[-37.8881,-6.3644],[-37.8862,-6.397],[-37.9279,-6.4215],[-37.9553,-6.3982],[-38.0136,-6.4274],[-38.0259,-6.528],[-37.9792,-6.5321],[-37.9664,-6.614],[-38.0362,-6.6147],[-38.0495,-6.5838],[-38.1273,-6.5973],[-38.155,-6.575],[-38.1199,-6.522],[-38.1478,-6.4915],[-38.2392,-6.4803],[-38.2886,-6.5056],[-38.4513,-6.3929],[-38.481,-6.4367],[-38.5549,-6.4374],[-38.5283,-6.3943],[-38.602,-6.3896],[-38.5633,-6.3558],[-38.5785,-6.2802],[-38.5196,-6.2231],[-38.5271,-6.1934],[-38.4131,-6.0583],[-38.3047,-6.087],[-38.1646,-5.9461],[-38.047,-5.7304],[-38.0889,-5.7281],[-38.0826,-5.6723],[-37.9019,-5.4975],[-37.8474,-5.34],[-37.783,-5.2948],[-37.7649,-5.1396],[-37.724,-5.0699],[-37.6771,-5.0525],[-37.6402,-4.9264],[-37.2515,-4.8324]]],[[[-32.4396,-3.8724],[-32.4379,-3.8743],[-32.4399,-3.8743],[-32.4396,-3.8724]]],[[[-32.4149,-3.8682],[-32.4115,-3.8679],[-32.4118,-3.8699],[-32.4149,-3.8682]]],[[[-33.8154,-3.8646],[-33.8126,-3.8651],[-33.8126,-3.866],[-33.8154,-3.8646]]],[[[-32.4021,-3.8596],[-32.3996,-3.8612],[-32.4018,-3.8618],[-32.4021,-3.8596]]],[[[-33.816,-3.8568],[-33.8115,-3.8582],[-33.8157,-3.8599],[-33.816,-3.8568]]],[[[-33.8143,-3.8546],[-33.8168,-3.8543],[-33.8138,-3.8532],[-33.8143,-3.8546]]],[[[-33.7896,-3.8724],[-33.7957,-3.8554],[-33.7893,-3.8629],[-33.7896,-3.8724]]],[[[-32.3904,-3.8171],[-32.424,-3.879],[-32.436,-3.8701],[-32.4765,-3.8768],[-32.3904,-3.8171]]]]}},{"type":"Feature","id":"RS","properties":{"name":"RS","sigla":"RS","uf":"RS"},"geometry":{"type":"MultiPolygon","coordinates":[[[[-52.0762,-32.0318],[-52.0638,-32.0449],[-52.0657,-32.0507],[-52.0762,-32.0318]]],[[[-52.1326,-32.0238],[-52.1285,-32.0238],[-52.1288,-32.0249],[-52.1326,-32.0238]]],[[[-52.1132,-32.0162],[-52.0982,-32.0221],[-52.0982,-32.0235],[-52.1132,-32.0162]]],[[[-52.0979,-32.0154],[-52.0913,-32.0168],[-52.091,-32.0218],[-52.0979,-32.0154]]],[[[-52.1879,-31.9815],[-52.0971,-31.994],[-52.0974,-32.0074],[-52.2029,-32.021],[-52.1879,-31.9815]]],[[[-52.1268,-31.9757],[-52.1251,-31.9771],[-52.126,-31.9771],[-52.1268,-31.9757]]],[[[-52.1276,-31.9724],[-52.1254,-31.9724],[-52.1276,-31.9737],[-52.1276,-31.9724]]],[[[-52.1232,-31.9676],[-52.121,-31.971],[-52.1257,-31.9693],[-52.1232,-31.9676]]],[[[-52.1374,-31.9565],[-52.1312,-31.964],[-52.1399,-31.9587],[-52.1374,-31.9565]]],[[[-52.051,-31.9229],[-52.0499,-31.9265],[-52.0521,-31.9257],[-52.051,-31.9229]]],[[[-52.0399,-31.9143],[-52.034,-31.9149],[-52.0407,-31.9151],[-52.0399,-31.9143]]],[[[-52.1107,-31.7926],[-52.0946,-31.7951],[-52.106,-31.8018],[-52.1107,-31.7926]]],[[[-51.9615,-31.7101],[-51.9571,-31.711],[-51.9621,-31.7149],[-51.9615,-31.7101]]],[[[-52.0679,-31.6751],[-52.0615,-31.6793],[-52.0674,-31.6815],[-52.0679,-31.6751]]],[[[-51.6221,-31.2613],[-51.6168,-31.2624],[-51.6162,-31.264],[-51.6221,-31.2613]]],[[[-50.9999,-30.9999],[-51.0001,-31.0001],[-51.0001,-30.9999],[-50.9999,-30.9999]]],[[[-51.1485,-30.4729],[-51.1507,-30.4974],[-51.1562,-30.5001],[-51.1485,-30.4729]]],[[[-51.1018,-30.3771],[-51.0965,-30.3771],[-51.0954,-30.3813],[-51.1018,-30.3771]]],[[[-51.0682,-30.3538],[-51.0651,-30.3565],[-51.0682,-30.3576],[-51.0682,-30.3538]]],[[[-51.0407,-30.3249],[-51.0379,-30.3251],[-51.0382,-30.326],[-51.0407,-30.3249]]],[[[-51.1693,-30.2626],[-51.164,-30.2665],[-51.1704,-30.2638],[-51.1693,-30.2626]]],[[[-51.2635,-30.1115],[-51.261,-30.1099],[-51.261,-30.1121],[-51.2635,-30.1115]]],[[[-51.2924,-30.0649],[-51.2857,-30.0593],[-51.2874,-30.0643],[-51.2924,-30.0649]]],[[[-51.2299,-30.014],[-51.226,-30.0188],[-51.2307,-30.0174],[-51.2299,-30.014]]],[[[-51.2346,-30.0082],[-51.2332,-30.0104],[-51.2343,-30.0112],[-51.2346,-30.0082]]],[[[-49.7049,-29.3463],[-49.7026,-29.3485],[-49.7037,-29.3493],[-49.7049,-29.3463]]],[[[-53.0387,-27.1546],[-52.9938,-27.1383],[-52.9776,-27.2212],[-52.9585,-27.1635],[-52.9256,-27.2024],[-52.8505,-27.169],[-52.8442,-27.2066],[-52.7632,-27.2121],[-52.7547,-27.2572],[-52.715,-27.2369],[-52.6918,-27.2834],[-52.667,-27.2384],[-52.6313,-27.2649],[-52.5495,-27.2387],[-52.4822,-27.2658],[-52.4414,-27.2174],[-52.4407,-27.2602],[-52.3958,-27.2926],[-52.3819,-27.2584],[-52.3753,-27.3043],[-52.3465,-27.2885],[-52.2958,-27.3166],[-52.3017,-27.2601],[-52.2539,-27.2575],[-52.235,-27.2708],[-52.2756,-27.302],[-52.2126,-27.3308],[-52.1646,-27.2742],[-52.1667,-27.3119],[-52.1079,-27.3097],[-52.098,-27.3484],[-52.0182,-27.3318],[-52.0166,-27.3657],[-51.951,-27.3813],[-52.0078,-27.4021],[-51.9359,-27.4296],[-51.9597,-27.4724],[-51.9006,-27.4648],[-51.8895,-27.5203],[-51.8584,-27.4758],[-51.8473,-27.5259],[-51.7955,-27.5303],[-51.7984,-27.4911],[-51.7242,-27.5135],[-51.6871,-27.4795],[-51.6552,-27.5201],[-51.6219,-27.4948],[-51.6228,-27.5465],[-51.5802,-27.5246],[-51.569,-27.584],[-51.4903,-27.5601],[-51.4327,-27.655],[-51.3848,-27.6243],[-51.3696,-27.6725],[-51.3166,-27.6747],[-51.3087,-27.7193],[-51.2415,-27.7757],[-51.0821,-27.8349],[-51.0105,-27.9631],[-50.9849,-27.9423],[-50.9289,-27.9691],[-50.9228,-28.0117],[-50.8773,-28.0383],[-50.9035,-28.0869],[-50.8726,-28.1346],[-50.7865,-28.1433],[-50.752,-28.2464],[-50.6972,-28.2681],[-50.6251,-28.3915],[-50.5916,-28.3822],[-50.5441,-28.4271],[-50.4559,-28.4109],[-50.3783,-28.4454],[-50.3572,-28.4209],[-50.3446,-28.4626],[-50.3282,-28.4343],[-50.2716,-28.4567],[-50.247,-28.4292],[-50.2231,-28.463],[-50.1769,-28.4528],[-50.157,-28.4977],[-50.1267,-28.4294],[-50.1,-28.4853],[-49.9715,-28.4391],[-49.9435,-28.482],[-49.9278,-28.4516],[-49.858,-28.4436],[-49.8694,-28.4806],[-49.8398,-28.4962],[-49.8099,-28.468],[-49.7833,-28.4963],[-49.7651,-28.4602],[-49.6937,-28.6256],[-49.7905,-28.6144],[-49.8756,-28.7449],[-49.904,-28.7071],[-49.9353,-28.7281],[-49.9666,-28.8739],[-49.929,-28.8714],[-49.9656,-28.9222],[-49.9216,-28.9775],[-49.9592,-29.0494],[-50.0074,-29.0721],[-49.94,-29.0572],[-49.9628,-29.118],[-50.014,-29.1283],[-50.0169,-29.1814],[-50.0768,-29.1899],[-50.0777,-29.1564],[-50.0994,-29.1638],[-50.0839,-29.228],[-50.111,-29.2377],[-50.0937,-29.2134],[-50.1392,-29.1927],[-50.1664,-29.2478],[-50.1349,-29.3],[-50.1235,-29.2819],[-50.0374,-29.3513],[-50.1146,-29.2593],[-49.9468,-29.2005],[-49.7135,-29.3268],[-49.919,-29.5999],[-50.0612,-29.8524],[-50.3462,-30.5204],[-50.7665,-31.1087],[-51.254,-31.5688],[-51.861,-31.9399],[-52.0835,-32.159],[-52.0393,-32.0385],[-52.054,-31.9799],[-52.0054,-31.9435],[-52.0979,-31.8354],[-52.0201,-31.8157],[-51.8588,-31.8699],[-51.7885,-31.8085],[-51.841,-31.8018],[-51.6624,-31.7693],[-51.4982,-31.5818],[-51.4732,-31.5657],[-51.4699,-31.5882],[-51.4637,-31.594],[-51.4551,-31.599],[-51.4615,-31.5415],[-51.4249,-31.4888],[-51.3604,-31.5312],[-51.2546,-31.4737],[-51.1585,-31.2879],[-51.1704,-31.0654],[-51.1101,-31.0987],[-50.9796,-31.0376],[-50.9545,-31.0032],[-50.9667,-30.8961],[-50.9112,-30.9057],[-50.7537,-30.8189],[-50.7019,-30.7463],[-50.6795,-30.6092],[-50.7175,-30.352],[-50.699,-30.346],[-50.6478,-30.3954],[-50.6239,-30.3921],[-50.6273,-30.3278],[-50.593,-30.4003],[-50.6482,-30.4124],[-50.6543,-30.4429],[-50.5744,-30.4815],[-50.5377,-30.2738],[-50.5964,-30.1949],[-50.6588,-30.1999],[-50.6732,-30.2966],[-50.7819,-30.2848],[-50.7758,-30.334],[-50.9221,-30.3322],[-50.93,-30.4358],[-51.0599,-30.386],[-51.0218,-30.3082],[-51.0315,-30.2735],[-51.0904,-30.2412],[-51.1593,-30.2624],[-51.2001,-30.1929],[-51.2485,-30.1871],[-51.226,-30.1443],[-51.2665,-30.1035],[-51.2515,-30.0954],[-51.2418,-30.0329],[-51.2199,-30.0199],[-51.219,-30.0029],[-51.2388,-29.9599],[-51.2376,-30.0182],[-51.2485,-30.0201],[-51.2557,-30.0471],[-51.271,-30.0596],[-51.2679,-30.016],[-51.3001,-30.0051],[-51.3293,-30.231],[-51.2749,-30.2493],[-51.2962,-30.3021],[-51.2476,-30.3279],[-51.211,-30.2982],[-51.1818,-30.3854],[-51.0949,-30.3657],[-51.1213,-30.3943],[-51.1285,-30.4335],[-51.2012,-30.4082],[-51.2738,-30.4968],[-51.3035,-30.601],[-51.2832,-30.8124],[-51.3285,-30.7796],[-51.2938,-30.7687],[-51.3182,-30.6471],[-51.3699,-30.6349],[-51.406,-30.7518],[-51.3707,-30.8735],[-51.4496,-30.8721],[-51.4996,-30.9232],[-51.4888,-31.0179],[-51.4418,-31.0874],[-51.6201,-31.1404],[-51.6415,-31.2112],[-51.6335,-31.2587],[-51.6171,-31.2668],[-51.7926,-31.2726],[-51.8576,-31.3312],[-51.8743,-31.296],[-51.8785,-31.3249],[-51.919,-31.3115],[-51.9512,-31.3418],[-52.0004,-31.4387],[-52.0324,-31.6949],[-52.0618,-31.6685],[-52.0315,-31.6457],[-52.0385,-31.5604],[-52.1113,-31.5543],[-52.099,-31.6285],[-52.0563,-31.5976],[-52.069,-31.6785],[-52.2085,-31.7349],[-52.2224,-31.8424],[-52.2571,-31.8499],[-52.2349,-31.8937],[-52.2215,-31.8715],[-52.1374,-31.9182],[-52.1162,-31.9387],[-52.1124,-31.944],[-52.1118,-31.9521],[-52.1501,-31.9274],[-52.151,-31.9504],[-52.2193,-31.9593],[-52.2529,-32.0471],[-52.2018,-32.0388],[-52.2393,-32.0788],[-52.2157,-32.0846],[-52.079,-32.0279],[-52.0721,-32.0521],[-52.1349,-32.0582],[-52.1557,-32.0951],[-52.1493,-32.1168],[-52.0854,-32.061],[-52.0982,-32.1607],[-52.2129,-32.2393],[-52.3024,-32.3532],[-52.4863,-32.8468],[-52.6132,-33.0862],[-52.7899,-33.294],[-53.374,-33.7471],[-53.5302,-33.6624],[-53.5001,-33.3998],[-53.5289,-33.1723],[-53.4844,-33.0781],[-53.2985,-32.9484],[-53.0942,-32.7242],[-53.243,-32.6024],[-53.3891,-32.5795],[-53.4589,-32.477],[-53.5197,-32.4842],[-53.5941,-32.4286],[-53.6316,-32.3816],[-53.6345,-32.2916],[-53.7268,-32.1542],[-53.7134,-32.1011],[-53.8261,-32.0548],[-53.8508,-31.998],[-53.9526,-31.9543],[-53.9648,-31.9194],[-54.0356,-31.8872],[-54.0955,-31.9056],[-54.4554,-31.6716],[-54.4205,-31.6295],[-54.5253,-31.498],[-54.7118,-31.4396],[-54.8348,-31.4434],[-54.9439,-31.3891],[-55.0137,-31.2819],[-55.0905,-31.3227],[-55.2444,-31.2538],[-55.3733,-31.0347],[-55.5928,-30.8449],[-55.6347,-30.8545],[-55.6571,-30.9564],[-55.8698,-31.0796],[-56.0078,-31.0626],[-56.0148,-30.937],[-55.9863,-30.8568],[-56.0207,-30.7815],[-56.0679,-30.7384],[-56.1267,-30.7359],[-56.1762,-30.6112],[-56.2581,-30.5817],[-56.292,-30.5195],[-56.3832,-30.4924],[-56.4585,-30.3845],[-56.5439,-30.3616],[-56.5392,-30.3094],[-56.6165,-30.2996],[-56.6072,-30.2672],[-56.6617,-30.2196],[-56.6436,-30.2022],[-56.7749,-30.1637],[-56.8029,-30.1039],[-57.0683,-30.0877],[-57.1632,-30.1953],[-57.16,-30.2352],[-57.2271,-30.2856],[-57.3124,-30.2568],[-57.3949,-30.2997],[-57.4633,-30.2624],[-57.5213,-30.2772],[-57.5611,-30.2062],[-57.6152,-30.1791],[-57.5048,-30.1431],[-57.342,-30.0012],[-57.3183,-29.8676],[-57.2529,-29.7915],[-57.1045,-29.749],[-56.9709,-29.6374],[-56.8846,-29.5143],[-56.8226,-29.4841],[-56.7652,-29.3803],[-56.6757,-29.3212],[-56.5973,-29.1267],[-56.4248,-29.0729],[-56.4102,-28.9766],[-56.314,-28.916],[-56.2843,-28.791],[-56.1842,-28.7679],[-56.0154,-28.6078],[-56.0108,-28.5091],[-55.888,-28.4792],[-55.9004,-28.4005],[-55.874,-28.3594],[-55.7484,-28.3728],[-55.6949,-28.4224],[-55.6699,-28.3303],[-55.7724,-28.2441],[-55.635,-28.1768],[-55.6047,-28.1227],[-55.5543,-28.164],[-55.4951,-28.0782],[-55.4437,-28.0944],[-55.3743,-28.0348],[-55.3848,-27.9881],[-55.323,-27.9281],[-55.196,-27.8631],[-55.1338,-27.8954],[-55.117,-27.8532],[-55.0319,-27.8539],[-55.0809,-27.7873],[-54.9405,-27.7751],[-54.9003,-27.6409],[-54.8472,-27.6234],[-54.8119,-27.5353],[-54.7811,-27.5865],[-54.6826,-27.5726],[-54.6772,-27.5134],[-54.6238,-27.5499],[-54.5764,-27.4583],[-54.5247,-27.5069],[-54.4496,-27.4765],[-54.4716,-27.4304],[-54.4149,-27.4121],[-54.3532,-27.4675],[-54.339,-27.4055],[-54.2775,-27.4451],[-54.2652,-27.4008],[-54.2162,-27.3816],[-54.176,-27.2607],[-54.1549,-27.2981],[-54.081,-27.2997],[-54.0089,-27.2046],[-53.9566,-27.1994],[-53.9439,-27.1538],[-53.9012,-27.1741],[-53.8745,-27.1312],[-53.8181,-27.1762],[-53.7731,-27.1483],[-53.7474,-27.1913],[-53.6666,-27.1622],[-53.6424,-27.2209],[-53.5639,-27.1735],[-53.492,-27.2021],[-53.5065,-27.1384],[-53.4112,-27.1408],[-53.3725,-27.091],[-53.2931,-27.1377],[-53.3173,-27.2166],[-53.2428,-27.1708],[-53.1886,-27.1915],[-53.1584,-27.1389],[-53.1331,-27.1783],[-53.0729,-27.1581],[-53.0762,-27.1039],[-53.0289,-27.0806],[-53.0387,-27.1546]]]]}},{"type":"Feature","id":"RO","properties":{"name":"RO","sigla":"RO","uf":"RO"},"geometry":{"type":"Polygon","coordinates":[[[-63.6208,-7.9693],[-62.8666,-7.9759],[-62.6922,-8.0929],[-62.683,-8.1806],[-62.6499,-8.237],[-62.5619,-8.284],[-62.5261,-8.3831],[-62.4654,-8.3398],[-62.367,-8.3896],[-62.341,-8.6028],[-62.2813,-8.6386],[-62.2932,-8.596],[-62.2688,-8.5758],[-62.1883,-8.5906],[-62.1766,-8.6369],[-62.2005,-8.6443],[-62.1249,-8.8017],[-62.031,-8.7997],[-61.9852,-8.8786],[-61.9058,-8.8745],[-61.8597,-8.853],[-61.8364,-8.7327],[-61.7745,-8.7482],[-61.7132,-8.6879],[-61.6305,-8.722],[-61.606,-8.7947],[-61.5208,-8.8216],[-61.4684,-8.9174],[-61.5549,-9.0903],[-61.5248,-9.2429],[-61.5747,-9.2372],[-61.6328,-9.2765],[-61.6259,-9.363],[-61.5526,-9.3874],[-61.5786,-9.4716],[-61.5257,-9.5018],[-61.5495,-9.5152],[-61.5134,-9.5285],[-61.4777,-9.6286],[-61.5052,-9.6914],[-61.5746,-9.7178],[-61.5314,-9.7399],[-61.5473,-9.7876],[-61.5084,-9.8741],[-61.6006,-10.1538],[-61.5517,-10.1978],[-61.5776,-10.2266],[-61.5533,-10.307],[-61.4617,-10.4199],[-61.4988,-10.6999],[-61.4723,-10.715],[-61.4738,-10.7975],[-61.5105,-10.7943],[-61.5194,-10.9497],[-61.5502,-10.9861],[-60.46,-10.9899],[-60.4465,-11.0422],[-60.3479,-11.1091],[-60.3484,-11.0741],[-60.3012,-11.0572],[-60.2709,-11.0987],[-60.2047,-11.1121],[-60.0842,-11.0969],[-60.0667,-11.1255],[-59.9767,-11.1224],[-59.982,-11.2335],[-59.9197,-11.3315],[-59.9206,-11.398],[-60.1148,-11.5915],[-60.1087,-11.8396],[-60.0766,-11.8853],[-59.9851,-11.9144],[-59.9793,-12.0296],[-59.9012,-12.1155],[-59.8923,-12.2455],[-59.7743,-12.341],[-59.8558,-12.4786],[-59.9352,-12.4871],[-60.0687,-12.616],[-60.0865,-12.8987],[-60.1171,-12.9596],[-60.1892,-12.9712],[-60.2829,-13.0806],[-60.2684,-13.145],[-60.3714,-13.3186],[-60.7051,-13.3247],[-60.7183,-13.3906],[-60.7678,-13.3931],[-60.8932,-13.5576],[-61.0435,-13.5413],[-61.0283,-13.4774],[-61.069,-13.4634],[-61.0879,-13.4914],[-61.1268,-13.4749],[-61.1393,-13.5205],[-61.249,-13.5251],[-61.3298,-13.4732],[-61.4858,-13.5542],[-61.5775,-13.4941],[-61.8243,-13.5392],[-61.8656,-13.4426],[-62.1081,-13.2569],[-62.1197,-13.1535],[-62.1909,-13.1538],[-62.222,-13.1181],[-62.2721,-13.1559],[-62.3678,-13.1453],[-62.4625,-13.0705],[-62.6372,-13.0412],[-62.6584,-12.9815],[-62.7645,-13.0226],[-62.8921,-12.8588],[-63.0092,-12.8378],[-63.0934,-12.658],[-63.1381,-12.6412],[-63.2475,-12.7143],[-63.3266,-12.7049],[-63.4265,-12.651],[-63.4762,-12.562],[-63.7121,-12.4579],[-63.875,-12.4685],[-63.8661,-12.4917],[-63.9367,-12.5572],[-64.1272,-12.4938],[-64.1516,-12.5289],[-64.1722,-12.4672],[-64.2316,-12.4551],[-64.2844,-12.5032],[-64.2934,-12.4738],[-64.3734,-12.4669],[-64.513,-12.3478],[-64.4929,-12.2943],[-64.5128,-12.2229],[-64.5471,-12.2427],[-64.6988,-12.1872],[-64.7355,-12.1111],[-64.7629,-12.1542],[-64.7599,-12.1023],[-64.7885,-12.0858],[-64.8326,-12.1217],[-64.8232,-12.0264],[-65.0321,-11.9951],[-65.0153,-11.9021],[-65.047,-11.7542],[-65.1056,-11.6951],[-65.1343,-11.7744],[-65.2007,-11.7428],[-65.1603,-11.6197],[-65.2039,-11.6005],[-65.2172,-11.5189],[-65.2926,-11.5056],[-65.3182,-11.4477],[-65.3346,-11.3579],[-65.2918,-11.3242],[-65.3462,-11.3049],[-65.3607,-11.2233],[-65.3187,-11.1994],[-65.3628,-11.1378],[-65.2864,-11.0922],[-65.3013,-11.0321],[-65.2509,-10.9846],[-65.2859,-10.9277],[-65.2756,-10.8712],[-65.367,-10.7963],[-65.3447,-10.6908],[-65.4168,-10.6187],[-65.3981,-10.5791],[-65.4297,-10.481],[-65.28,-10.2183],[-65.3331,-9.9657],[-65.2861,-9.8455],[-65.3638,-9.7116],[-65.4468,-9.6697],[-65.5073,-9.794],[-65.5629,-9.811],[-65.5604,-9.8446],[-65.6306,-9.8344],[-65.6689,-9.7811],[-65.7106,-9.8073],[-65.6886,-9.7492],[-65.7443,-9.7821],[-65.7683,-9.7356],[-65.7946,-9.7918],[-65.8155,-9.7551],[-65.8607,-9.7951],[-65.886,-9.7525],[-65.9672,-9.7707],[-65.9822,-9.8088],[-66.0712,-9.7843],[-66.0936,-9.814],[-66.1052,-9.7854],[-66.1521,-9.7856],[-66.2038,-9.8346],[-66.3466,-9.8402],[-66.4263,-9.8996],[-66.443,-9.8701],[-66.5888,-9.9032],[-66.8065,-9.8145],[-66.7755,-9.7531],[-66.7255,-9.7561],[-66.6096,-9.6649],[-66.5007,-9.6336],[-66.3925,-9.5005],[-66.409,-9.4069],[-66.3076,-9.4368],[-66.2679,-9.4098],[-66.1737,-9.4344],[-66.124,-9.4088],[-65.9704,-9.4132],[-65.7916,-9.5856],[-65.7236,-9.5591],[-65.6795,-9.4514],[-65.5968,-9.4139],[-65.4928,-9.4737],[-65.4348,-9.4663],[-65.4471,-9.3164],[-65.3852,-9.338],[-65.2467,-9.2577],[-65.2081,-9.2856],[-65.1855,-9.427],[-65.0979,-9.4325],[-64.9361,-9.2558],[-64.9173,-9.0431],[-64.8393,-8.9941],[-64.6111,-9.0165],[-64.3234,-8.9289],[-64.3113,-8.9965],[-64.1494,-8.9589],[-64.1309,-8.7222],[-64.0278,-8.7157],[-63.9862,-8.5856],[-63.9459,-8.6095],[-63.9245,-8.5755],[-63.9745,-8.4872],[-63.9408,-8.4523],[-63.9779,-8.4201],[-63.9441,-8.3312],[-63.8707,-8.2888],[-63.7816,-8.3293],[-63.7227,-8.2495],[-63.747,-8.1986],[-63.6266,-8.0412],[-63.6208,-7.9693]]]}},{"type":"Feature","id":"RR","properties":{"name":"RR","sigla":"RR","uf":"RR"},"geometry":{"type":"Polygon","coordinates":[[[-60.1689,5.2263],[-60.1206,5.2432],[-60.0854,5.1487],[-59.9694,5.0731],[-60.0296,4.7052],[-60.0876,4.5984],[-60.1585,4.5709],[-60.1628,4.5227],[-60.1108,4.5086],[-60.0807,4.5335],[-60.0688,4.4951],[-59.9693,4.4866],[-59.9272,4.5094],[-59.9056,4.4687],[-59.8673,4.4931],[-59.6734,4.3831],[-59.7267,4.2917],[-59.7258,4.1928],[-59.6278,4.1391],[-59.655,4.0791],[-59.5753,3.9993],[-59.58,3.9692],[-59.5456,3.9766],[-59.5157,3.9414],[-59.5795,3.9028],[-59.593,3.7975],[-59.6659,3.7768],[-59.6638,3.7029],[-59.7668,3.6232],[-59.845,3.6035],[-59.8635,3.5653],[-59.8038,3.4973],[-59.8368,3.4262],[-59.8118,3.4272],[-59.7981,3.3564],[-59.8302,3.3464],[-59.9094,3.1973],[-59.9022,3.122],[-59.959,3.0629],[-59.9892,2.6842],[-59.902,2.4803],[-59.8972,2.3666],[-59.7996,2.2918],[-59.7238,2.2782],[-59.7477,1.8488],[-59.6506,1.8475],[-59.6682,1.7655],[-59.5481,1.7302],[-59.2527,1.3974],[-58.8945,1.2756],[-58.8953,0.2635],[-60.0379,0.2635],[-60.059,0.163],[-60.1162,0.1332],[-60.1385,0.0287],[-60.2032,-0.0336],[-60.2243,-0.1429],[-60.2993,-0.2118],[-60.2899,-0.2932],[-60.3999,-0.5101],[-60.3832,-0.5901],[-60.3135,-0.6415],[-60.3036,-0.7113],[-60.4271,-0.7784],[-60.4791,-0.7709],[-60.531,-0.8751],[-60.5913,-0.8534],[-60.6679,-0.8945],[-60.7527,-0.8612],[-60.761,-0.7615],[-60.9082,-0.624],[-60.9207,-0.5554],[-61.046,-0.5459],[-61.0874,-0.5001],[-61.2168,-0.5001],[-61.231,-0.564],[-61.4288,-0.6343],[-61.5388,-0.7562],[-61.5852,-0.937],[-61.5441,-1.0623],[-61.5766,-1.0793],[-61.5738,-1.1848],[-61.6288,-1.3015],[-61.5821,-1.3534],[-61.6191,-1.3948],[-61.5382,-1.4334],[-61.5164,-1.5025],[-61.4732,-1.5279],[-61.4827,-1.5807],[-61.6355,-1.434],[-61.7902,-1.379],[-61.8966,-1.3954],[-62.0396,-1.1184],[-62.0996,-1.0968],[-62.1255,-1.0373],[-62.2038,-0.9829],[-62.2938,-0.9482],[-62.3957,-0.8204],[-62.5102,-0.759],[-62.4866,-0.6815],[-62.4069,-0.7273],[-62.3588,-0.707],[-62.3707,-0.6768],[-62.2908,-0.6467],[-62.3092,-0.5142],[-62.2022,-0.3931],[-62.1883,-0.3308],[-62.2483,-0.302],[-62.245,-0.1747],[-62.3197,-0.1026],[-62.3466,0.0296],[-62.4244,0.0916],[-62.4682,0.2757],[-62.4463,0.3791],[-62.4852,0.4541],[-62.5186,0.4437],[-62.533,0.5088],[-62.5355,0.6938],[-62.4577,0.7852],[-62.486,0.8665],[-62.4429,0.96],[-62.4716,1.0863],[-62.5296,1.0888],[-62.6373,1.4337],[-62.8052,1.5913],[-62.7237,1.7124],[-62.706,1.9397],[-62.8388,2.0164],[-63.0237,2.0146],[-63.1072,2.0793],[-63.1415,2.1724],[-63.2827,2.1539],[-63.3598,2.1971],[-63.4012,2.2456],[-63.4255,2.3642],[-63.4068,2.4359],[-63.7808,2.3912],[-64.0561,2.4977],[-64.0444,2.5732],[-63.9849,2.6485],[-63.9938,2.7699],[-64.0577,2.8504],[-64.0716,2.9376],[-64.2352,3.1143],[-64.2083,3.1888],[-64.2552,3.411],[-64.1844,3.4893],[-64.1858,3.5596],[-64.2891,3.6996],[-64.4855,3.7874],[-64.5802,3.9283],[-64.6739,4.0046],[-64.7322,4.1201],[-64.8105,4.1746],[-64.825,4.244],[-64.7805,4.2865],[-64.6914,4.2446],[-64.6275,4.1385],[-64.5605,4.1015],[-64.2897,4.1438],[-64.1644,4.1263],[-63.9641,3.8679],[-63.9261,3.926],[-63.8502,3.9499],[-63.6827,3.9074],[-63.6633,3.9213],[-63.7008,3.9494],[-63.6769,4.019],[-63.5922,3.9282],[-63.5905,3.8846],[-63.5547,3.891],[-63.4974,3.8399],[-63.4913,3.8735],[-63.4347,3.8649],[-63.4119,3.9118],[-63.4522,3.9554],[-63.4288,3.9771],[-63.2049,3.9513],[-63.2266,3.8354],[-63.1033,3.7932],[-63.0591,3.7474],[-63.0813,3.6932],[-62.9602,3.6076],[-62.8358,3.7385],[-62.7438,3.6732],[-62.7354,3.8002],[-62.7888,3.8932],[-62.7432,3.9743],[-62.7688,4.0062],[-62.7485,4.0349],[-62.626,4.0544],[-62.544,4.0303],[-62.5098,4.0872],[-62.3555,4.1503],[-62.154,4.0901],[-62.0201,4.1622],[-61.9893,4.1628],[-61.9832,4.1207],[-61.9344,4.1181],[-61.7517,4.2581],[-61.6008,4.2486],[-61.5233,4.2823],[-61.5379,4.3838],[-61.4821,4.4364],[-61.3528,4.4414],[-61.321,4.4809],[-61.3447,4.5318],[-61.2225,4.5271],[-61.1442,4.4836],[-60.9913,4.5161],[-60.932,4.5942],[-60.9405,4.6479],[-60.9061,4.7029],[-60.7315,4.7654],[-60.5895,4.9428],[-60.6682,5.161],[-60.7305,5.1971],[-60.6617,5.2217],[-60.438,5.1769],[-60.2123,5.2645],[-60.1689,5.2263]]]}},{"type":"Feature","id":"SC","properties":{"name":"SC","sigla":"SC","uf":"SC"},"geometry":{"type":"MultiPolygon","coordinates":[[[[-48.7535,-28.5118],[-48.7535,-28.509],[-48.7521,-28.5093],[-48.7535,-28.5118]]],[[[-48.7779,-28.5026],[-48.7751,-28.5043],[-48.7779,-28.5051],[-48.7779,-28.5026]]],[[[-48.771,-28.5001],[-48.7676,-28.5035],[-48.7721,-28.5021],[-48.771,-28.5001]]],[[[-48.7476,-28.4954],[-48.7465,-28.4965],[-48.7487,-28.4968],[-48.7476,-28.4954]]],[[[-48.799,-28.4929],[-48.7926,-28.4957],[-48.8004,-28.4957],[-48.799,-28.4929]]],[[[-48.796,-28.484],[-48.7907,-28.4885],[-48.7976,-28.4879],[-48.796,-28.484]]],[[[-48.7101,-28.4468],[-48.7079,-28.4485],[-48.7104,-28.4482],[-48.7101,-28.4468]]],[[[-48.8218,-28.3696],[-48.8204,-28.3715],[-48.8226,-28.3715],[-48.8218,-28.3696]]],[[[-48.8479,-28.3404],[-48.8443,-28.3424],[-48.8465,-28.3429],[-48.8479,-28.3404]]],[[[-48.6493,-28.321],[-48.646,-28.3196],[-48.6499,-28.326],[-48.6493,-28.321]]],[[[-48.7443,-28.279],[-48.7426,-28.2796],[-48.7446,-28.281],[-48.7443,-28.279]]],[[[-48.7396,-28.2704],[-48.7379,-28.2726],[-48.7415,-28.2757],[-48.7396,-28.2704]]],[[[-48.6551,-28.2476],[-48.6526,-28.249],[-48.6549,-28.2496],[-48.6551,-28.2476]]],[[[-48.644,-28.1521],[-48.6407,-28.1546],[-48.6435,-28.154],[-48.644,-28.1521]]],[[[-48.6301,-28.0824],[-48.6268,-28.0837],[-48.6301,-28.0835],[-48.6301,-28.0824]]],[[[-48.6165,-27.9857],[-48.6171,-27.9882],[-48.6182,-27.9888],[-48.6179,-27.9863],[-48.6165,-27.9857]]],[[[-48.546,-27.9343],[-48.5385,-27.9365],[-48.5415,-27.9421],[-48.546,-27.9343]]],[[[-48.4307,-27.8415],[-48.4282,-27.8454],[-48.4346,-27.8487],[-48.4307,-27.8415]]],[[[-48.5754,-27.8412],[-48.5724,-27.8418],[-48.5757,-27.8424],[-48.5754,-27.8412]]],[[[-48.5082,-27.8365],[-48.5013,-27.8404],[-48.5071,-27.8404],[-48.5082,-27.8365]]],[[[-48.5274,-27.8368],[-48.5254,-27.8449],[-48.5304,-27.8435],[-48.5274,-27.8368]]],[[[-48.5307,-27.8321],[-48.5257,-27.831],[-48.529,-27.8337],[-48.5307,-27.8321]]],[[[-48.594,-27.7082],[-48.5957,-27.7074],[-48.594,-27.7071],[-48.594,-27.7082]]],[[[-48.5671,-27.6987],[-48.564,-27.7021],[-48.5671,-27.7032],[-48.5671,-27.6987]]],[[[-48.4671,-27.6926],[-48.4635,-27.7007],[-48.4685,-27.7049],[-48.4671,-27.6926]]],[[[-48.6346,-27.6451],[-48.6318,-27.646],[-48.6338,-27.6465],[-48.6346,-27.6451]]],[[[-48.3882,-27.611],[-48.384,-27.611],[-48.3874,-27.6126],[-48.3882,-27.611]]],[[[-48.5674,-27.4899],[-48.5657,-27.4929],[-48.5682,-27.4949],[-48.5674,-27.4899]]],[[[-48.364,-27.4868],[-48.3571,-27.4896],[-48.3657,-27.4904],[-48.364,-27.4868]]],[[[-48.5649,-27.4774],[-48.5604,-27.474],[-48.5638,-27.4807],[-48.5649,-27.4774]]],[[[-48.349,-27.4418],[-48.3468,-27.4438],[-48.3488,-27.4443],[-48.349,-27.4418]]],[[[-48.566,-27.429],[-48.5629,-27.4268],[-48.564,-27.4296],[-48.566,-27.429]]],[[[-48.3679,-27.4246],[-48.3651,-27.4243],[-48.3657,-27.4263],[-48.3679,-27.4246]]],[[[-48.3568,-27.4182],[-48.354,-27.419],[-48.3576,-27.4199],[-48.3568,-27.4182]]],[[[-48.4774,-27.4143],[-48.4751,-27.4168],[-48.4774,-27.4179],[-48.4774,-27.4143]]],[[[-48.4165,-27.3804],[-48.3593,-27.4471],[-48.5029,-27.7165],[-48.4826,-27.7846],[-48.5238,-27.7835],[-48.5701,-27.8368],[-48.5812,-27.7618],[-48.5524,-27.7004],[-48.5724,-27.6729],[-48.5246,-27.6499],[-48.5635,-27.591],[-48.509,-27.549],[-48.5399,-27.4913],[-48.5182,-27.4599],[-48.5463,-27.4576],[-48.4379,-27.4221],[-48.4165,-27.3804]]],[[[-48.526,-27.3282],[-48.524,-27.3293],[-48.5265,-27.3307],[-48.526,-27.3282]]],[[[-48.5332,-27.306],[-48.5279,-27.3049],[-48.5296,-27.3082],[-48.5332,-27.306]]],[[[-48.3771,-27.284],[-48.3588,-27.2735],[-48.3565,-27.2996],[-48.3771,-27.284]]],[[[-48.3335,-27.2737],[-48.3301,-27.2746],[-48.3343,-27.2776],[-48.3335,-27.2737]]],[[[-48.474,-27.2054],[-48.4646,-27.2074],[-48.4746,-27.2096],[-48.474,-27.2054]]],[[[-48.4001,-27.1804],[-48.3974,-27.1807],[-48.3976,-27.1821],[-48.4001,-27.1804]]],[[[-48.4096,-27.181],[-48.4018,-27.181],[-48.411,-27.1882],[-48.4096,-27.181]]],[[[-48.5468,-27.1399],[-48.5415,-27.1418],[-48.5496,-27.1449],[-48.5468,-27.1399]]],[[[-48.6385,-26.7435],[-48.634,-26.7454],[-48.639,-26.7457],[-48.6385,-26.7435]]],[[[-48.6757,-26.6951],[-48.6735,-26.6946],[-48.674,-26.6963],[-48.6757,-26.6951]]],[[[-48.5821,-26.4685],[-48.579,-26.4685],[-48.5799,-26.4693],[-48.5821,-26.4685]]],[[[-48.5693,-26.4587],[-48.5638,-26.4607],[-48.5704,-26.4601],[-48.5693,-26.4587]]],[[[-48.5832,-26.459],[-48.5765,-26.4596],[-48.5807,-26.4621],[-48.5832,-26.459]]],[[[-48.624,-26.4415],[-48.621,-26.4424],[-48.6218,-26.4432],[-48.624,-26.4415]]],[[[-48.6232,-26.419],[-48.6221,-26.4213],[-48.6238,-26.4232],[-48.6232,-26.419]]],[[[-48.6213,-26.414],[-48.6193,-26.4135],[-48.6213,-26.4163],[-48.6213,-26.414]]],[[[-48.526,-26.3851],[-48.5246,-26.3874],[-48.5257,-26.3879],[-48.526,-26.3851]]],[[[-48.5249,-26.3813],[-48.5224,-26.3818],[-48.5249,-26.3838],[-48.5249,-26.3813]]],[[[-48.6426,-26.3693],[-48.6387,-26.3693],[-48.6387,-26.3699],[-48.6426,-26.3693]]],[[[-48.5229,-26.3679],[-48.5204,-26.3724],[-48.5229,-26.3746],[-48.5229,-26.3679]]],[[[-48.6321,-26.3829],[-48.656,-26.3674],[-48.6357,-26.3713],[-48.6321,-26.3829]]],[[[-48.6974,-26.3518],[-48.6904,-26.3521],[-48.6979,-26.3529],[-48.6974,-26.3518]]],[[[-48.6943,-26.349],[-48.6907,-26.3504],[-48.6943,-26.3499],[-48.6943,-26.349]]],[[[-48.7224,-26.3354],[-48.7101,-26.3337],[-48.7101,-26.3379],[-48.7224,-26.3354]]],[[[-48.7029,-26.3418],[-48.6957,-26.3318],[-48.6885,-26.3471],[-48.7029,-26.3418]]],[[[-48.7557,-26.2987],[-48.7265,-26.3096],[-48.7318,-26.3154],[-48.7557,-26.2987]]],[[[-48.7165,-26.2735],[-48.714,-26.274],[-48.7143,-26.2754],[-48.7165,-26.2735]]],[[[-48.7096,-26.2649],[-48.7068,-26.2726],[-48.7112,-26.2737],[-48.7096,-26.2649]]],[[[-48.6832,-26.2629],[-48.6801,-26.2643],[-48.6835,-26.2646],[-48.6832,-26.2629]]],[[[-48.691,-26.256],[-48.6862,-26.2582],[-48.6915,-26.2568],[-48.691,-26.256]]],[[[-48.7096,-26.2501],[-48.7062,-26.2524],[-48.7096,-26.2512],[-48.7096,-26.2501]]],[[[-48.6843,-26.2496],[-48.6768,-26.2529],[-48.6843,-26.2549],[-48.6843,-26.2496]]],[[[-48.4938,-26.2021],[-48.4904,-26.2032],[-48.4932,-26.2035],[-48.4938,-26.2021]]],[[[-48.5838,-26.1999],[-48.5804,-26.2018],[-48.5838,-26.2013],[-48.5838,-26.1999]]],[[[-48.5737,-26.1985],[-48.5696,-26.1963],[-48.5707,-26.1996],[-48.5737,-26.1985]]],[[[-48.4885,-26.1801],[-48.4871,-26.1824],[-48.4893,-26.1815],[-48.4885,-26.1801]]],[[[-48.4863,-26.1762],[-48.4813,-26.1796],[-48.4843,-26.1826],[-48.4863,-26.1762]]],[[[-48.4824,-26.1649],[-48.4804,-26.166],[-48.4821,-26.1668],[-48.4824,-26.1649]]],[[[-48.486,-26.1643],[-48.4829,-26.1649],[-48.4854,-26.1657],[-48.486,-26.1643]]],[[[-48.7762,-26.1651],[-48.7724,-26.1646],[-48.771,-26.1688],[-48.7762,-26.1651]]],[[[-48.7799,-26.1518],[-48.7779,-26.1501],[-48.7771,-26.154],[-48.7799,-26.1518]]],[[[-48.7551,-28.5104],[-48.8124,-28.606],[-49.0715,-28.7268],[-49.3365,-28.9138],[-49.7135,-29.3262],[-49.9626,-29.1992],[-50.1146,-29.2593],[-50.0354,-29.3475],[-50.065,-29.3414],[-50.1475,-29.2882],[-50.1525,-29.2019],[-50.0937,-29.2134],[-50.0938,-29.2377],[-50.0856,-29.1937],[-50.0994,-29.1638],[-50.0777,-29.1564],[-50.0768,-29.1899],[-50.0169,-29.1814],[-50.014,-29.1283],[-49.9628,-29.118],[-49.94,-29.0572],[-50.0074,-29.0721],[-49.9592,-29.0494],[-49.9216,-28.9775],[-49.9656,-28.9222],[-49.929,-28.8714],[-49.9666,-28.8739],[-49.9353,-28.7281],[-49.904,-28.7071],[-49.8756,-28.7449],[-49.7905,-28.6144],[-49.6937,-28.6256],[-49.7651,-28.4602],[-49.7833,-28.4963],[-49.8099,-28.468],[-49.8398,-28.4962],[-49.8694,-28.4806],[-49.858,-28.4436],[-49.9278,-28.4516],[-49.9435,-28.482],[-49.9715,-28.4391],[-50.1,-28.4853],[-50.1267,-28.4294],[-50.157,-28.4977],[-50.1769,-28.4528],[-50.2231,-28.463],[-50.247,-28.4292],[-50.2716,-28.4567],[-50.3282,-28.4343],[-50.3446,-28.4626],[-50.3572,-28.4209],[-50.3783,-28.4454],[-50.5275,-28.4041],[-50.5368,-28.4291],[-50.5916,-28.3822],[-50.6251,-28.3915],[-50.6972,-28.2681],[-50.752,-28.2464],[-50.766,-28.1889],[-50.7887,-28.1984],[-50.7865,-28.1433],[-50.8726,-28.1346],[-50.9035,-28.0869],[-50.8773,-28.0383],[-50.9228,-28.0117],[-50.9289,-27.9691],[-50.9849,-27.9423],[-51.0141,-27.9603],[-51.0821,-27.8349],[-51.2415,-27.7757],[-51.3087,-27.7193],[-51.3166,-27.6747],[-51.3696,-27.6725],[-51.3848,-27.6243],[-51.4327,-27.655],[-51.4903,-27.5601],[-51.569,-27.584],[-51.5802,-27.5246],[-51.6319,-27.5383],[-51.6316,-27.4892],[-51.6552,-27.5201],[-51.6871,-27.4795],[-51.7242,-27.5135],[-51.7984,-27.4911],[-51.7955,-27.5303],[-51.8473,-27.5259],[-51.8584,-27.4758],[-51.8895,-27.5203],[-51.9006,-27.4648],[-51.9597,-27.4724],[-51.9359,-27.4296],[-52.0078,-27.4021],[-51.951,-27.3813],[-52.0166,-27.3657],[-52.0182,-27.3318],[-52.098,-27.3484],[-52.1079,-27.3097],[-52.1667,-27.3119],[-52.1646,-27.2742],[-52.2126,-27.3308],[-52.2756,-27.302],[-52.235,-27.2708],[-52.2539,-27.2575],[-52.3017,-27.2601],[-52.2958,-27.3166],[-52.3465,-27.2885],[-52.3753,-27.3043],[-52.3819,-27.2584],[-52.3958,-27.2926],[-52.4407,-27.2602],[-52.4414,-27.2174],[-52.4822,-27.2658],[-52.5495,-27.2387],[-52.6313,-27.2649],[-52.667,-27.2384],[-52.6918,-27.2834],[-52.715,-27.2369],[-52.7547,-27.2572],[-52.7632,-27.2121],[-52.8442,-27.2066],[-52.8505,-27.169],[-52.9256,-27.2024],[-52.9521,-27.1621],[-52.9776,-27.2212],[-52.9938,-27.1383],[-53.0431,-27.146],[-53.0289,-27.0806],[-53.0762,-27.1039],[-53.0729,-27.1581],[-53.13,-27.1785],[-53.1584,-27.1389],[-53.1886,-27.1915],[-53.2428,-27.1708],[-53.3173,-27.2166],[-53.2931,-27.1377],[-53.3725,-27.091],[-53.4112,-27.1408],[-53.5065,-27.1384],[-53.4914,-27.2008],[-53.5266,-27.1963],[-53.5474,-27.1494],[-53.5199,-27.0812],[-53.5446,-27.0875],[-53.5454,-27.0281],[-53.5864,-27.0101],[-53.553,-26.9704],[-53.5888,-26.9655],[-53.5403,-26.9351],[-53.6014,-26.8855],[-53.6873,-26.8948],[-53.6612,-26.8419],[-53.6938,-26.8465],[-53.7011,-26.777],[-53.7352,-26.7733],[-53.7144,-26.7492],[-53.7489,-26.7437],[-53.7157,-26.6927],[-53.7148,-26.6553],[-53.7521,-26.6433],[-53.7061,-26.5597],[-53.7372,-26.5455],[-53.6938,-26.4857],[-53.6993,-26.3638],[-53.6848,-26.3366],[-53.6248,-26.3381],[-53.599,-26.2575],[-53.4972,-26.3028],[-53.3755,-26.242],[-53.2815,-26.2465],[-53.2523,-26.2991],[-53.0906,-26.3905],[-52.9903,-26.3478],[-52.7377,-26.3422],[-52.6015,-26.414],[-52.5228,-26.4006],[-52.4612,-26.4399],[-52.401,-26.4232],[-52.2828,-26.4625],[-52.1856,-26.4454],[-52.0112,-26.5665],[-51.8736,-26.6002],[-51.665,-26.5661],[-51.5115,-26.5838],[-51.4115,-26.7173],[-51.3912,-26.6639],[-51.2834,-26.654],[-51.2286,-26.616],[-51.2237,-26.5508],[-51.2742,-26.4971],[-51.2539,-26.4635],[-51.2987,-26.4199],[-51.243,-26.3247],[-51.1049,-26.2754],[-51.08,-26.2282],[-51.0004,-26.2305],[-50.9446,-26.2825],[-50.935,-26.2339],[-50.8991,-26.289],[-50.869,-26.2423],[-50.839,-26.2713],[-50.7932,-26.2277],[-50.7185,-26.2448],[-50.7318,-26.2034],[-50.6509,-26.131],[-50.6284,-26.0631],[-50.553,-26.0554],[-50.5921,-26.0426],[-50.5717,-26.0038],[-50.5486,-26.0398],[-50.4715,-26.0213],[-50.3715,-26.0802],[-50.3573,-26.121],[-50.3907,-26.1639],[-50.3497,-26.1538],[-50.3549,-26.2046],[-50.3242,-26.208],[-50.3368,-26.2367],[-50.2846,-26.3089],[-50.188,-26.2731],[-50.1888,-26.2165],[-50.1257,-26.2043],[-50.128,-26.1642],[-50.2078,-26.0838],[-50.1622,-26.0546],[-50.1718,-26.0252],[-50.121,-26.0643],[-50.0848,-26.0235],[-50.0063,-26.0453],[-49.9935,-26.0116],[-49.9645,-26.0253],[-49.9726,-26.0583],[-49.9422,-26.0089],[-49.8655,-26.0351],[-49.8246,-26.093],[-49.7249,-26.1437],[-49.7288,-26.1697],[-49.7106,-26.1544],[-49.6898,-26.1885],[-49.555,-26.2373],[-49.4965,-26.2213],[-49.4591,-26.1627],[-49.3702,-26.156],[-49.1752,-26.0018],[-49.0552,-26.0205],[-48.9607,-25.981],[-48.6806,-25.9811],[-48.6436,-25.9559],[-48.5965,-25.9768],[-48.5846,-26.1732],[-48.7057,-26.249],[-48.7585,-26.2196],[-48.7524,-26.1951],[-48.7749,-26.1507],[-48.791,-26.1371],[-48.789,-26.1076],[-48.8068,-26.0774],[-48.8071,-26.1304],[-48.7604,-26.1988],[-48.7746,-26.2507],[-48.7554,-26.2654],[-48.7557,-26.2907],[-48.7921,-26.2868],[-48.8001,-26.2946],[-48.8004,-26.2999],[-48.7543,-26.3026],[-48.7149,-26.3599],[-48.6304,-26.3868],[-48.6293,-26.4399],[-48.6132,-26.4515],[-48.6151,-26.4007],[-48.6318,-26.3701],[-48.7135,-26.3068],[-48.6349,-26.2304],[-48.5624,-26.2118],[-48.5576,-26.1949],[-48.5818,-26.1921],[-48.5571,-26.1707],[-48.5274,-26.1635],[-48.5224,-26.2199],[-48.4926,-26.2176],[-48.6715,-26.579],[-48.6888,-26.6785],[-48.669,-26.7665],[-48.5835,-26.786],[-48.6532,-26.9112],[-48.6213,-26.9251],[-48.6265,-26.996],[-48.5696,-27.0087],[-48.6076,-27.1168],[-48.5643,-27.1551],[-48.5368,-27.1496],[-48.5085,-27.1104],[-48.5082,-27.1401],[-48.4649,-27.1449],[-48.4993,-27.1713],[-48.4835,-27.211],[-48.5151,-27.221],[-48.4993,-27.1993],[-48.5363,-27.1807],[-48.6246,-27.2437],[-48.6001,-27.3165],[-48.5393,-27.2982],[-48.5388,-27.3249],[-48.5229,-27.3335],[-48.5265,-27.3796],[-48.5571,-27.3676],[-48.5662,-27.424],[-48.6224,-27.4304],[-48.6468,-27.4846],[-48.5671,-27.5951],[-48.6593,-27.6465],[-48.6162,-27.7496],[-48.6343,-27.7913],[-48.5757,-27.8443],[-48.6035,-27.8693],[-48.5729,-27.8865],[-48.6257,-27.956],[-48.6307,-28.0085],[-48.5971,-28.0304],[-48.6324,-28.0824],[-48.6351,-28.1393],[-48.6679,-28.154],[-48.6701,-28.1088],[-48.6876,-28.1376],[-48.6707,-28.1626],[-48.6538,-28.1551],[-48.6451,-28.2346],[-48.6838,-28.2671],[-48.741,-28.3865],[-48.7482,-28.4951],[-48.7868,-28.4963],[-48.7901,-28.4688],[-48.8301,-28.439],[-48.7912,-28.3957],[-48.8021,-28.359],[-48.7696,-28.3779],[-48.739,-28.3471],[-48.7018,-28.2371],[-48.7424,-28.2224],[-48.7593,-28.2393],[-48.7343,-28.2426],[-48.7776,-28.3085],[-48.7663,-28.3482],[-48.816,-28.3532],[-48.8604,-28.3104],[-48.8826,-28.3418],[-48.864,-28.3893],[-48.8849,-28.4035],[-48.836,-28.4215],[-48.8601,-28.4843],[-48.7815,-28.5224],[-48.7551,-28.5104]]]]}},{"type":"Feature","id":"SP","properties":{"name":"SP","sigla":"SP","uf":"SP"},"geometry":{"type":"MultiPolygon","coordinates":[[[[-48.0879,-25.2896],[-48.0832,-25.2888],[-48.0876,-25.2915],[-48.0879,-25.2896]]],[[[-47.9562,-25.2746],[-47.9529,-25.2726],[-47.9524,-25.274],[-47.9562,-25.2746]]],[[[-48.079,-25.289],[-48.0782,-25.2785],[-48.0607,-25.2696],[-48.079,-25.289]]],[[[-47.9154,-25.1663],[-47.9093,-25.1674],[-47.9149,-25.1676],[-47.9154,-25.1663]]],[[[-47.8626,-25.1313],[-47.8601,-25.134],[-47.8621,-25.1338],[-47.8626,-25.1313]]],[[[-47.8665,-25.1224],[-47.849,-25.121],[-47.8651,-25.1285],[-47.8665,-25.1224]]],[[[-48.0349,-25.1107],[-48.0324,-25.111],[-48.0343,-25.1138],[-48.0349,-25.1107]]],[[[-48.0246,-25.1107],[-48.0235,-25.1087],[-48.0237,-25.1113],[-48.0246,-25.1107]]],[[[-48.0318,-25.111],[-48.0257,-25.111],[-48.0268,-25.1162],[-48.0318,-25.111]]],[[[-48.0265,-25.1051],[-48.024,-25.1057],[-48.0257,-25.1068],[-48.0265,-25.1051]]],[[[-48.019,-25.0932],[-48.0146,-25.0976],[-48.021,-25.099],[-48.019,-25.0932]]],[[[-48.039,-25.0621],[-48.0371,-25.0637],[-48.0399,-25.0632],[-48.039,-25.0621]]],[[[-48.0165,-25.0404],[-48.014,-25.0463],[-48.0157,-25.0476],[-48.0165,-25.0404]]],[[[-47.9046,-24.9957],[-47.9076,-24.9976],[-47.9082,-24.9971],[-47.9046,-24.9957]]],[[[-47.8651,-24.896],[-47.8701,-24.9129],[-47.8801,-24.9049],[-47.8651,-24.896]]],[[[-47.8204,-24.8885],[-47.8099,-24.9065],[-47.8407,-24.9021],[-47.8679,-24.9607],[-47.9029,-24.9643],[-47.9263,-25.0118],[-47.9229,-25.034],[-47.9637,-25.0662],[-48.0062,-25.0568],[-48.0121,-25.0332],[-47.9613,-25.016],[-47.9093,-24.959],[-47.8913,-24.916],[-47.8718,-24.9176],[-47.8204,-24.8885]]],[[[-47.7796,-24.8682],[-47.7757,-24.8738],[-47.7893,-24.8796],[-47.7796,-24.8682]]],[[[-47.6887,-24.8085],[-47.6957,-24.8085],[-47.6874,-24.8057],[-47.6887,-24.8085]]],[[[-47.5926,-24.7412],[-47.591,-24.7415],[-47.6029,-24.7462],[-47.5926,-24.7412]]],[[[-47.579,-24.7335],[-47.5735,-24.7326],[-47.5793,-24.7343],[-47.579,-24.7335]]],[[[-47.566,-24.724],[-47.5685,-24.7263],[-47.5724,-24.7276],[-47.566,-24.724]]],[[[-47.4893,-24.7021],[-47.4776,-24.7043],[-47.4901,-24.7029],[-47.4893,-24.7021]]],[[[-47.4776,-24.7054],[-47.4326,-24.6901],[-47.7179,-24.8676],[-47.914,-25.0524],[-47.8971,-24.9704],[-47.8607,-24.9629],[-47.8387,-24.904],[-47.8074,-24.911],[-47.5229,-24.6951],[-47.5257,-24.7029],[-47.4776,-24.7054]]],[[[-47.4001,-24.6607],[-47.4018,-24.666],[-47.4068,-24.6665],[-47.4001,-24.6607]]],[[[-46.6785,-24.4826],[-46.6712,-24.4874],[-46.6763,-24.491],[-46.6785,-24.4826]]],[[[-46.9871,-24.3796],[-46.9838,-24.3821],[-46.9863,-24.3829],[-46.9871,-24.3796]]],[[[-46.8071,-24.374],[-46.8037,-24.376],[-46.8079,-24.3757],[-46.8071,-24.374]]],[[[-46.9787,-24.3621],[-46.9815,-24.3618],[-46.9787,-24.3601],[-46.9787,-24.3621]]],[[[-45.6926,-24.0971],[-45.6796,-24.0982],[-45.7076,-24.1143],[-45.6926,-24.0971]]],[[[-45.7199,-24.0757],[-45.7179,-24.0763],[-45.7196,-24.0771],[-45.7199,-24.0757]]],[[[-45.6557,-24.0749],[-45.6529,-24.0751],[-45.6554,-24.0765],[-45.6557,-24.0749]]],[[[-46.2668,-24.0501],[-46.2599,-24.0512],[-46.2604,-24.0535],[-46.2668,-24.0501]]],[[[-46.2168,-24.0101],[-46.2193,-24.0093],[-46.216,-24.0076],[-46.2168,-24.0101]]],[[[-46.256,-24.0018],[-46.2532,-24.0021],[-46.2532,-24.0026],[-46.256,-24.0018]]],[[[-45.9999,-23.9999],[-46.0001,-24.0001],[-46.0001,-23.9999],[-45.9999,-23.9999]]],[[[-46.4096,-23.986],[-46.4043,-23.9824],[-46.4038,-23.9846],[-46.4096,-23.986]]],[[[-46.4204,-23.9779],[-46.4174,-23.9799],[-46.4185,-23.9807],[-46.4204,-23.9779]]],[[[-46.1832,-23.9715],[-46.1813,-23.9757],[-46.184,-23.9754],[-46.1832,-23.9715]]],[[[-46.1679,-23.9676],[-46.166,-23.9671],[-46.166,-23.9679],[-46.1679,-23.9676]]],[[[-45.2982,-23.9199],[-45.2971,-23.921],[-45.2982,-23.9213],[-45.2982,-23.9199]]],[[[-46.3815,-23.9207],[-46.3143,-23.934],[-46.2924,-23.9868],[-46.3418,-23.9688],[-46.4124,-23.9737],[-46.4251,-23.9376],[-46.386,-23.936],[-46.3846,-23.9299],[-46.4012,-23.9207],[-46.3815,-23.9207]]],[[[-46.3849,-23.9165],[-46.3832,-23.9196],[-46.3871,-23.9187],[-46.3849,-23.9165]]],[[[-45.2654,-23.8885],[-45.2629,-23.8901],[-45.2654,-23.8899],[-45.2654,-23.8885]]],[[[-45.7854,-23.8596],[-45.7757,-23.8682],[-45.7868,-23.8688],[-45.7854,-23.8596]]],[[[-46.1271,-23.8563],[-46.1813,-23.9257],[-46.1607,-23.946],[-46.184,-23.9632],[-46.1876,-23.9732],[-46.1821,-23.9913],[-46.2465,-23.9918],[-46.2671,-24.0046],[-46.2868,-24.0454],[-46.2938,-24.0163],[-46.3243,-24.0226],[-46.286,-23.9854],[-46.3018,-23.9187],[-46.2907,-23.9238],[-46.2796,-23.9221],[-46.2771,-23.9185],[-46.2568,-23.9246],[-46.2479,-23.921],[-46.2296,-23.9374],[-46.1271,-23.8563]]],[[[-45.2796,-23.8512],[-45.2765,-23.8501],[-45.2765,-23.8515],[-45.2796,-23.8512]]],[[[-45.5265,-23.8496],[-45.5215,-23.8493],[-45.5251,-23.8563],[-45.5265,-23.8496]]],[[[-45.156,-23.8274],[-45.1526,-23.8282],[-45.1554,-23.8296],[-45.156,-23.8274]]],[[[-45.2279,-23.8113],[-45.2257,-23.8135],[-45.2279,-23.8146],[-45.2279,-23.8113]]],[[[-45.3885,-23.8076],[-45.3868,-23.8096],[-45.3893,-23.8107],[-45.3885,-23.8076]]],[[[-45.6707,-23.8049],[-45.6685,-23.8062],[-45.6718,-23.8071],[-45.6707,-23.8049]]],[[[-45.3904,-23.8015],[-45.3882,-23.8035],[-45.3904,-23.8024],[-45.3904,-23.8015]]],[[[-45.3854,-23.8004],[-45.3843,-23.8026],[-45.3865,-23.8035],[-45.3854,-23.8004]]],[[[-45.7254,-23.8007],[-45.716,-23.806],[-45.726,-23.8032],[-45.7254,-23.8007]]],[[[-45.1565,-23.8107],[-45.1149,-23.8032],[-45.1168,-23.8126],[-45.1565,-23.8107]]],[[[-45.7126,-23.7879],[-45.7043,-23.7893],[-45.7179,-23.7938],[-45.7126,-23.7879]]],[[[-45.366,-23.7663],[-45.3629,-23.7674],[-45.3649,-23.7685],[-45.366,-23.7663]]],[[[-45.0299,-23.7382],[-45.0335,-23.7382],[-45.0293,-23.7365],[-45.0299,-23.7382]]],[[[-45.0243,-23.7462],[-45.0062,-23.7524],[-45.0137,-23.7615],[-45.0243,-23.7462]]],[[[-45.329,-23.7221],[-45.2287,-23.7768],[-45.2474,-23.8249],[-45.2262,-23.8379],[-45.2715,-23.8382],[-45.289,-23.8574],[-45.2721,-23.8924],[-45.2229,-23.9029],[-45.251,-23.9685],[-45.2924,-23.9107],[-45.4282,-23.9415],[-45.4604,-23.9154],[-45.4626,-23.8879],[-45.3663,-23.8104],[-45.329,-23.7221]]],[[[-45.2924,-23.594],[-45.2824,-23.6013],[-45.2954,-23.6018],[-45.2924,-23.594]]],[[[-45.3126,-23.5824],[-45.3107,-23.584],[-45.3121,-23.5849],[-45.3126,-23.5824]]],[[[-45.1621,-23.5707],[-45.1446,-23.569],[-45.1457,-23.5721],[-45.1621,-23.5707]]],[[[-45.219,-23.5499],[-45.2163,-23.5513],[-45.2193,-23.5507],[-45.219,-23.5499]]],[[[-45.0335,-23.5474],[-45.0265,-23.5479],[-45.0335,-23.5488],[-45.0335,-23.5474]]],[[[-45.2146,-23.5329],[-45.2107,-23.5324],[-45.2101,-23.5332],[-45.2146,-23.5329]]],[[[-45.079,-23.5649],[-45.0737,-23.539],[-45.0404,-23.5415],[-45.079,-23.5649]]],[[[-45.0418,-23.5165],[-45.0399,-23.5179],[-45.0421,-23.5187],[-45.0418,-23.5165]]],[[[-44.9038,-23.4246],[-44.9018,-23.4271],[-44.9057,-23.4268],[-44.9038,-23.4246]]],[[[-44.8621,-23.4224],[-44.8596,-23.4232],[-44.8618,-23.424],[-44.8621,-23.4224]]],[[[-44.8549,-23.4207],[-44.8493,-23.4212],[-44.8599,-23.4257],[-44.8549,-23.4207]]],[[[-44.8563,-23.3987],[-44.8501,-23.4035],[-44.8565,-23.4004],[-44.8563,-23.3987]]],[[[-44.889,-23.3882],[-44.8874,-23.3899],[-44.8893,-23.3896],[-44.889,-23.3882]]],[[[-44.9382,-23.3868],[-44.9363,-23.3888],[-44.9393,-23.389],[-44.9382,-23.3868]]],[[[-44.8896,-23.3843],[-44.8874,-23.3854],[-44.8893,-23.3862],[-44.8896,-23.3843]]],[[[-44.9465,-23.3835],[-44.9432,-23.3876],[-44.9512,-23.3888],[-44.9465,-23.3835]]],[[[-44.9065,-23.3774],[-44.899,-23.3782],[-44.9076,-23.3796],[-44.9065,-23.3774]]],[[[-44.9049,-23.3524],[-44.9021,-23.3521],[-44.9043,-23.3538],[-44.9049,-23.3524]]],[[[-43.8921,-23.0324],[-43.8651,-23.0446],[-43.8596,-23.0729],[-44.0071,-23.0965],[-43.9551,-23.0401],[-43.8826,-23.0668],[-43.8921,-23.0324]]],[[[-50.3152,-19.8718],[-50.0996,-19.876],[-50.0121,-19.9267],[-49.8555,-19.9468],[-49.5514,-19.9058],[-49.4403,-19.9808],[-49.2651,-19.962],[-49.2483,-19.9996],[-49.2965,-20.0168],[-49.3085,-20.102],[-49.2322,-20.2982],[-49.1723,-20.312],[-49.0674,-20.1547],[-49.0191,-20.1535],[-48.9721,-20.2075],[-48.9688,-20.3937],[-48.8993,-20.4412],[-48.8674,-20.4001],[-48.8854,-20.2691],[-48.8282,-20.1636],[-48.6449,-20.1665],[-48.4057,-20.1135],[-48.2463,-20.1409],[-48.2186,-20.1264],[-48.2534,-20.0779],[-48.2409,-20.0293],[-48.1133,-20.1434],[-48.0198,-20.1202],[-47.9759,-20.0354],[-47.8969,-20.1248],[-47.8597,-19.993],[-47.7042,-19.9799],[-47.6359,-20.0484],[-47.581,-19.9959],[-47.4663,-19.9642],[-47.4256,-20.0128],[-47.4391,-20.0497],[-47.257,-20.1662],[-47.2311,-20.2191],[-47.2982,-20.3484],[-47.2917,-20.4493],[-47.1543,-20.5197],[-47.0973,-20.6443],[-47.1149,-20.7058],[-47.1658,-20.7018],[-47.1862,-20.7311],[-47.24,-20.8853],[-47.1437,-20.9824],[-47.1187,-21.1858],[-47.0627,-21.21],[-47.0773,-21.2398],[-46.998,-21.3508],[-47.0112,-21.4223],[-46.9207,-21.4271],[-46.7646,-21.3601],[-46.7059,-21.4048],[-46.6471,-21.3642],[-46.6184,-21.4212],[-46.7069,-21.4443],[-46.7012,-21.5051],[-46.763,-21.5472],[-46.7448,-21.5866],[-46.7102,-21.573],[-46.7207,-21.6065],[-46.6409,-21.6023],[-46.6058,-21.6499],[-46.626,-21.7662],[-46.6909,-21.8369],[-46.6475,-21.8805],[-46.6672,-21.9325],[-46.6146,-22.0152],[-46.6745,-22.0223],[-46.6648,-22.0689],[-46.7227,-22.076],[-46.6005,-22.1347],[-46.6736,-22.1761],[-46.7232,-22.3066],[-46.6621,-22.3658],[-46.6665,-22.4144],[-46.5548,-22.4466],[-46.5052,-22.517],[-46.4071,-22.5405],[-46.4337,-22.5739],[-46.393,-22.663],[-46.4697,-22.6734],[-46.4779,-22.6994],[-46.3352,-22.7602],[-46.3841,-22.87],[-46.3452,-22.9047],[-46.1446,-22.8583],[-46.139,-22.9227],[-46.0084,-22.8892],[-45.9098,-22.8173],[-45.8889,-22.8758],[-45.8233,-22.8299],[-45.7886,-22.8573],[-45.7549,-22.7929],[-45.7135,-22.8148],[-45.7133,-22.757],[-45.7282,-22.7237],[-45.8198,-22.7225],[-45.6939,-22.6517],[-45.7374,-22.6086],[-45.7169,-22.5786],[-45.6608,-22.579],[-45.665,-22.6506],[-45.5767,-22.6023],[-45.5553,-22.6264],[-45.5843,-22.6517],[-45.5399,-22.6526],[-45.4773,-22.59],[-45.3989,-22.6533],[-45.2746,-22.6162],[-45.1284,-22.4971],[-45.0284,-22.4632],[-44.9658,-22.4752],[-44.8092,-22.4053],[-44.7404,-22.4257],[-44.7156,-22.5142],[-44.6417,-22.5594],[-44.6357,-22.6089],[-44.5489,-22.6062],[-44.5085,-22.6409],[-44.4875,-22.6061],[-44.4051,-22.6073],[-44.3844,-22.5737],[-44.3564,-22.6143],[-44.3436,-22.5884],[-44.2268,-22.6046],[-44.1609,-22.6783],[-44.2504,-22.7576],[-44.2713,-22.8312],[-44.4133,-22.8482],[-44.4669,-22.8851],[-44.4947,-22.8465],[-44.7924,-22.9822],[-44.8248,-23.1615],[-44.8889,-23.2245],[-44.7254,-23.3699],[-44.8424,-23.3888],[-44.9076,-23.334],[-44.9776,-23.401],[-45.0612,-23.4201],[-45.0601,-23.456],[-45.0176,-23.461],[-45.0615,-23.4668],[-45.0818,-23.5215],[-45.086,-23.494],[-45.1162,-23.4985],[-45.1068,-23.5082],[-45.1124,-23.5276],[-45.1693,-23.4924],[-45.1624,-23.5426],[-45.1971,-23.5199],[-45.2279,-23.5374],[-45.2112,-23.5832],[-45.2629,-23.5968],[-45.2985,-23.5721],[-45.3301,-23.586],[-45.359,-23.6257],[-45.409,-23.6249],[-45.4313,-23.6701],[-45.4201,-23.7246],[-45.3965,-23.7235],[-45.4118,-23.8249],[-45.514,-23.8424],[-45.5593,-23.7921],[-45.8957,-23.7568],[-46.0468,-23.8321],[-46.106,-23.8282],[-46.2443,-23.9232],[-46.2471,-23.9193],[-46.2768,-23.9163],[-46.311,-23.9179],[-46.3074,-23.9149],[-46.3068,-23.9074],[-46.2985,-23.9085],[-46.294,-23.9018],[-46.2957,-23.9001],[-46.3576,-23.9157],[-46.3768,-23.8721],[-46.4038,-23.9213],[-46.3901,-23.9335],[-46.4565,-23.9296],[-46.4179,-23.9835],[-46.4107,-23.9879],[-46.4049,-23.9871],[-46.3879,-23.9763],[-46.374,-23.9857],[-46.3985,-24.034],[-46.4188,-24.014],[-46.4879,-24.0346],[-46.8371,-24.2124],[-47.0015,-24.3312],[-47.0213,-24.3799],[-46.9996,-24.4093],[-47.0879,-24.431],[-47.2282,-24.5724],[-47.3915,-24.6585],[-47.3893,-24.6357],[-47.3974,-24.6304],[-47.4068,-24.6315],[-47.4138,-24.6751],[-47.5262,-24.6915],[-47.734,-24.8296],[-47.7515,-24.8499],[-47.7713,-24.8599],[-47.801,-24.8865],[-47.8685,-24.8882],[-47.9829,-25.0199],[-47.9826,-24.971],[-48.0037,-25.0174],[-48.0218,-25.0001],[-48.0626,-25.0646],[-48.0157,-25.076],[-48.0132,-25.0846],[-48.0307,-25.0954],[-48.0312,-25.1068],[-48.0354,-25.1104],[-48.036,-25.1168],[-48.0204,-25.1171],[-48.0207,-25.0996],[-47.9957,-25.0968],[-48.0035,-25.0812],[-47.9093,-25.0635],[-47.8943,-25.1068],[-47.9135,-25.1599],[-48.0565,-25.2662],[-48.0293,-25.2203],[-48.1148,-25.2507],[-48.1933,-25.1899],[-48.1568,-25.1446],[-48.2516,-24.9787],[-48.3336,-25.0706],[-48.3241,-25.0367],[-48.411,-24.9801],[-48.474,-25.0125],[-48.5353,-25.099],[-48.599,-25.0063],[-48.5459,-24.879],[-48.5557,-24.8062],[-48.4993,-24.739],[-48.5818,-24.6716],[-48.6613,-24.7064],[-48.6769,-24.6716],[-48.7786,-24.6967],[-48.8287,-24.6556],[-48.9584,-24.6853],[-49.0334,-24.6345],[-49.0558,-24.6826],[-49.1856,-24.6727],[-49.2089,-24.7008],[-49.3118,-24.6636],[-49.3159,-24.5555],[-49.2817,-24.5381],[-49.2954,-24.5014],[-49.2471,-24.4691],[-49.2538,-24.4077],[-49.2007,-24.3445],[-49.2834,-24.308],[-49.3558,-24.2129],[-49.3372,-24.1377],[-49.4302,-24.0874],[-49.5161,-23.9699],[-49.5116,-23.9259],[-49.5569,-23.9227],[-49.6107,-23.8517],[-49.5623,-23.8186],[-49.5498,-23.7037],[-49.6171,-23.6396],[-49.6001,-23.5356],[-49.6291,-23.5122],[-49.5676,-23.4268],[-49.62,-23.3962],[-49.5903,-23.3828],[-49.6375,-23.3497],[-49.6258,-23.2866],[-49.6783,-23.1651],[-49.7304,-23.1414],[-49.7402,-23.0992],[-49.9115,-23.0511],[-49.9015,-22.9991],[-49.9738,-22.9593],[-49.9861,-22.8975],[-49.9962,-22.9295],[-50.0466,-22.9025],[-50.1833,-22.9538],[-50.3401,-22.9481],[-50.3803,-22.9049],[-50.4302,-22.9458],[-50.5062,-22.9453],[-50.5413,-22.9121],[-50.6077,-22.9237],[-50.6622,-22.8957],[-50.7415,-22.9614],[-50.8061,-22.9403],[-50.7929,-22.8943],[-50.8908,-22.7958],[-51.1548,-22.7529],[-51.2637,-22.669],[-51.4462,-22.6533],[-51.5595,-22.6972],[-51.6304,-22.6579],[-51.7181,-22.669],[-51.7532,-22.6177],[-51.8735,-22.6282],[-51.9405,-22.5673],[-52.1076,-22.5167],[-52.1487,-22.5492],[-52.1566,-22.6447],[-52.2234,-22.6743],[-52.2504,-22.6154],[-52.3047,-22.6365],[-52.4352,-22.6074],[-52.5032,-22.6341],[-52.5867,-22.5665],[-52.7012,-22.6275],[-52.8583,-22.608],[-52.9247,-22.5656],[-52.9848,-22.5763],[-53.0878,-22.6584],[-53.1086,-22.6136],[-52.9985,-22.4932],[-52.8578,-22.4415],[-52.7458,-22.3433],[-52.4929,-22.22],[-52.3772,-22.1067],[-52.3088,-21.9519],[-52.051,-21.6654],[-52.0932,-21.5381],[-52.0664,-21.5046],[-51.9678,-21.5018],[-51.8641,-21.3454],[-51.8758,-21.1361],[-51.7896,-21.1021],[-51.7251,-20.9801],[-51.6189,-20.9324],[-51.6348,-20.7548],[-51.5914,-20.6404],[-51.5002,-20.5682],[-51.3433,-20.3558],[-51.1139,-20.2837],[-51.0585,-20.2337],[-50.9664,-20.0345],[-50.7835,-19.9372],[-50.6596,-19.9076],[-50.5759,-19.816],[-50.4718,-19.7797],[-50.3152,-19.8718]]]]}},{"type":"Feature","id":"SE","properties":{"name":"SE","sigla":"SE","uf":"SE"},"geometry":{"type":"MultiPolygon","coordinates":[[[[-37.3865,-11.4629],[-37.3812,-11.4618],[-37.3832,-11.4651],[-37.3865,-11.4629]]],[[[-37.3768,-11.4407],[-37.3685,-11.4382],[-37.3729,-11.4413],[-37.3768,-11.4407]]],[[[-37.3976,-11.3746],[-37.3954,-11.3749],[-37.3979,-11.3765],[-37.3976,-11.3746]]],[[[-37.1562,-11.1437],[-37.1518,-11.144],[-37.1529,-11.146],[-37.1562,-11.1437]]],[[[-36.5643,-10.5596],[-36.5704,-10.5637],[-36.5715,-10.5635],[-36.5643,-10.5596]]],[[[-36.529,-10.5468],[-36.5274,-10.5479],[-36.5299,-10.5476],[-36.529,-10.5468]]],[[[-36.5293,-10.5424],[-36.5262,-10.5426],[-36.5293,-10.5432],[-36.5293,-10.5424]]],[[[-38.0033,-9.515],[-37.8935,-9.5402],[-37.7851,-9.6386],[-37.7117,-9.6313],[-37.5817,-9.734],[-37.3508,-9.792],[-37.2374,-9.8943],[-37.1528,-9.9009],[-37.0496,-9.9866],[-36.9919,-9.9772],[-36.9108,-10.1379],[-36.7202,-10.2649],[-36.6236,-10.2582],[-36.57,-10.3216],[-36.5636,-10.4178],[-36.5099,-10.4328],[-36.456,-10.4076],[-36.3912,-10.5014],[-36.5132,-10.5307],[-36.5838,-10.5643],[-36.9124,-10.8043],[-37.1446,-11.1393],[-37.1735,-11.1329],[-37.1662,-11.1832],[-37.276,-11.3132],[-37.3182,-11.4254],[-37.3954,-11.4332],[-37.3913,-11.4182],[-37.3843,-11.4171],[-37.3801,-11.4132],[-37.3787,-11.4071],[-37.4071,-11.4187],[-37.3876,-11.3774],[-37.396,-11.3715],[-37.4107,-11.3863],[-37.4143,-11.4204],[-37.4435,-11.4057],[-37.4465,-11.4096],[-37.391,-11.4729],[-37.5663,-11.554],[-37.6113,-11.6504],[-37.546,-11.7051],[-37.6875,-11.6614],[-37.6702,-11.564],[-37.8137,-11.5143],[-37.8658,-11.4285],[-37.9778,-11.3936],[-38.0033,-11.2895],[-37.9743,-11.1953],[-38.0723,-11.1529],[-38.107,-11.0139],[-38.176,-10.9853],[-38.173,-10.94],[-38.2185,-10.9273],[-38.24,-10.881],[-38.2119,-10.7092],[-38.0582,-10.7086],[-37.9998,-10.7644],[-37.8138,-10.6911],[-37.8405,-10.5496],[-37.813,-10.5085],[-37.859,-10.4265],[-37.8389,-10.3792],[-37.7361,-10.3334],[-37.8317,-10.0009],[-37.96,-9.9703],[-37.9976,-9.9167],[-37.9666,-9.8161],[-38.0378,-9.7495],[-38.0398,-9.6866],[-37.9878,-9.6474],[-38.0403,-9.5731],[-38.0033,-9.515]]]]}},{"type":"Feature","id":"TO","properties":{"name":"TO","sigla":"TO","uf":"TO"},"geometry":{"type":"Polygon","coordinates":[[[-48.3531,-5.1739],[-48.1785,-5.2608],[-48.0792,-5.275],[-48.0031,-5.2347],[-47.8855,-5.2607],[-47.8437,-5.3762],[-47.7422,-5.3813],[-47.6186,-5.4597],[-47.5553,-5.4658],[-47.4832,-5.5649],[-47.4933,-5.7305],[-47.431,-5.8692],[-47.4314,-6.1203],[-47.3788,-6.2709],[-47.432,-6.4266],[-47.4167,-6.485],[-47.4986,-6.6712],[-47.5299,-6.9765],[-47.6444,-7.1436],[-47.708,-7.1376],[-47.7494,-7.1727],[-47.6467,-7.3043],[-47.5891,-7.2641],[-47.4997,-7.2939],[-47.4858,-7.3671],[-47.5908,-7.4396],[-47.5047,-7.4367],[-47.4752,-7.5334],[-47.4276,-7.5258],[-47.4386,-7.5566],[-47.382,-7.6],[-47.3819,-7.6541],[-47.3522,-7.6469],[-47.3582,-7.6171],[-47.3142,-7.6606],[-47.3377,-7.667],[-47.3025,-7.6891],[-47.3127,-7.7301],[-47.2462,-7.7585],[-47.2443,-7.8153],[-47.1745,-7.8563],[-47.0435,-8.0536],[-46.9974,-8.0672],[-46.8727,-7.9556],[-46.6046,-7.8962],[-46.4769,-8.0122],[-46.5075,-8.2708],[-46.5446,-8.3193],[-46.6352,-8.3193],[-46.8068,-8.399],[-46.7965,-8.4466],[-46.8508,-8.4774],[-46.8471,-8.5342],[-46.9163,-8.5958],[-46.8869,-8.6865],[-46.9312,-8.7268],[-46.9134,-8.8478],[-46.9925,-8.8794],[-46.9702,-8.9145],[-47.0685,-9.012],[-47.0434,-9.0266],[-47.0687,-9.0639],[-46.9226,-9.0667],[-46.9294,-9.131],[-46.8944,-9.123],[-46.8227,-9.1991],[-46.847,-9.2924],[-46.7683,-9.3655],[-46.7633,-9.409],[-46.6659,-9.3919],[-46.6327,-9.4116],[-46.6443,-9.4515],[-46.5609,-9.484],[-46.5756,-9.5176],[-46.5378,-9.5578],[-46.5915,-9.587],[-46.6474,-9.7304],[-46.5761,-9.758],[-46.577,-9.8052],[-46.5121,-9.799],[-46.4936,-9.8274],[-46.4565,-10.0496],[-46.3678,-10.1688],[-46.2109,-10.1697],[-46.1646,-10.2129],[-46.0282,-10.1769],[-46.0035,-10.2609],[-45.8778,-10.2393],[-45.7937,-10.2677],[-45.7338,-10.2286],[-45.7266,-10.1569],[-45.6992,-10.1669],[-45.6975,-10.2636],[-45.7384,-10.3425],[-45.8247,-10.366],[-45.8277,-10.436],[-46.025,-10.5428],[-46.0661,-10.6033],[-46.2109,-10.6497],[-46.1925,-10.7197],[-46.2514,-10.7571],[-46.2295,-10.7945],[-46.2816,-10.8297],[-46.2834,-10.9068],[-46.3989,-10.9944],[-46.4723,-11.1912],[-46.6096,-11.2559],[-46.617,-11.2895],[-46.4793,-11.5164],[-46.3134,-11.5395],[-46.2027,-11.6026],[-46.0866,-11.6221],[-46.1539,-11.657],[-46.3133,-11.6299],[-46.296,-11.6959],[-46.3734,-11.7511],[-46.3227,-11.7707],[-46.3745,-11.8686],[-46.3179,-11.8985],[-46.1712,-11.901],[-46.3257,-11.9585],[-46.3978,-12.0403],[-46.3663,-12.1113],[-46.3909,-12.1939],[-46.3598,-12.224],[-46.3743,-12.2898],[-46.3234,-12.3035],[-46.3523,-12.3374],[-46.2856,-12.3791],[-46.301,-12.4158],[-46.2563,-12.4244],[-46.2548,-12.4943],[-46.154,-12.4834],[-46.1606,-12.5286],[-46.2568,-12.5474],[-46.2799,-12.5849],[-46.2901,-12.6318],[-46.2568,-12.6561],[-46.2932,-12.6928],[-46.2649,-12.717],[-46.2623,-12.8317],[-46.3047,-12.9499],[-46.1146,-12.9184],[-46.3638,-12.9912],[-46.3661,-12.8649],[-46.4176,-12.8235],[-46.4546,-12.9712],[-46.7506,-12.9692],[-46.9788,-13.1316],[-47.1325,-13.1785],[-47.153,-13.21],[-47.2291,-13.1949],[-47.2821,-13.2649],[-47.3777,-13.2306],[-47.4269,-13.2894],[-47.454,-13.2481],[-47.4357,-13.2271],[-47.4871,-13.2203],[-47.4788,-13.1851],[-47.563,-13.1842],[-47.5613,-13.1247],[-47.6347,-13.1045],[-47.6688,-13.2094],[-47.6404,-13.2632],[-47.6501,-13.3513],[-47.6227,-13.3677],[-47.6789,-13.4677],[-47.8239,-13.3119],[-47.9358,-13.2907],[-47.9663,-13.3153],[-48.0624,-13.2354],[-48.083,-13.2888],[-48.1654,-13.3058],[-48.1466,-13.152],[-48.2318,-13.1682],[-48.4417,-13.2924],[-48.4752,-13.2357],[-48.4725,-13.1428],[-48.5087,-13.1288],[-48.5546,-13.205],[-48.5536,-13.302],[-48.5864,-13.3176],[-48.5786,-13.1266],[-48.6034,-13.0592],[-48.6745,-12.9953],[-48.7307,-12.9898],[-48.7365,-12.921],[-48.8574,-12.8054],[-48.9756,-12.9572],[-49.0245,-12.9066],[-49.078,-12.9037],[-49.0675,-12.8473],[-49.1062,-12.8361],[-49.119,-12.7904],[-49.2374,-12.884],[-49.3543,-13.103],[-49.34,-13.2431],[-49.3694,-13.2746],[-49.9133,-12.966],[-50.2926,-12.8399],[-50.3001,-12.6809],[-50.2668,-12.6825],[-50.2382,-12.5796],[-50.1931,-12.5643],[-50.2297,-12.5324],[-50.216,-12.4856],[-50.1426,-12.3959],[-50.3659,-12.5461],[-50.4133,-12.6501],[-50.4273,-12.6425],[-50.4408,-12.6533],[-50.4353,-12.6943],[-50.478,-12.71],[-50.511,-12.8607],[-50.5978,-12.8268],[-50.5809,-12.8005],[-50.6227,-12.8197],[-50.6469,-12.6511],[-50.6996,-12.6478],[-50.7064,-12.6097],[-50.6679,-12.596],[-50.6864,-12.5692],[-50.6182,-12.429],[-50.6442,-12.2227],[-50.6868,-12.2022],[-50.6844,-12.0019],[-50.6392,-11.8846],[-50.6862,-11.859],[-50.722,-11.7397],[-50.6667,-11.682],[-50.6575,-11.5965],[-50.7181,-11.5757],[-50.742,-11.4549],[-50.6584,-11.2478],[-50.659,-11.1308],[-50.6094,-11.0675],[-50.622,-10.8394],[-50.5705,-10.7525],[-50.6034,-10.6609],[-50.5374,-10.6052],[-50.4737,-10.4049],[-50.4182,-10.3563],[-50.3921,-10.134],[-50.3026,-10.0354],[-50.1073,-9.5943],[-50.1053,-9.4754],[-50.0377,-9.2894],[-49.9076,-9.1738],[-49.8425,-9.0273],[-49.745,-8.9062],[-49.6843,-8.8565],[-49.5924,-8.8395],[-49.4098,-8.58],[-49.377,-8.4553],[-49.2833,-8.3796],[-49.1761,-8.0546],[-49.1505,-7.8022],[-49.3232,-7.6818],[-49.384,-7.5435],[-49.3779,-7.4965],[-49.1852,-7.2352],[-49.2094,-6.9254],[-49.0188,-6.7842],[-48.8141,-6.7518],[-48.6648,-6.6628],[-48.6462,-6.5089],[-48.5076,-6.355],[-48.3826,-6.3796],[-48.4319,-6.1773],[-48.2921,-6.1041],[-48.3347,-6.0043],[-48.2316,-5.9462],[-48.2888,-5.843],[-48.2945,-5.7567],[-48.2725,-5.7255],[-48.1743,-5.7092],[-48.1322,-5.6181],[-48.3007,-5.523],[-48.3847,-5.3942],[-48.5913,-5.4218],[-48.7551,-5.3492],[-48.7109,-5.3517],[-48.6794,-5.3058],[-48.6061,-5.3365],[-48.5194,-5.1922],[-48.3531,-5.1739]]]}}]}